record_id	file_line	kind	symbol	responsibility	invocation_category	main_effects	preservation_ids	mapping_status	evidence_snippet
SYM-0001	custom/mjlfinancement/activities.php:1	TOP_LEVEL_HANDLER	<top-level>	dispatches activities.php top-level runtime behavior	HTTP or dynamic-asset request	HTTP/output/presentation	RT-001,RT-002	BEHAVIOR_MAPPED	<?php define('NOREDIRECTBYMAINTOLOGIN', 1); require '../../main.inc.php'; require_once DOL_DOCUMENT_ROOT.'/custom/mjlfinancement/lib/mjl_activity_route.lib.php'; mjl_activity_route(); $db->close();
SYM-0002	custom/mjlfinancement/activities.php:3	CONSTANT	NOREDIRECTBYMAINTOLOGIN	declares runtime vocabulary/configuration constant	runtime library caller	HTTP/output/presentation	-	DEFINITION_INDEXED	define('NOREDIRECTBYMAINTOLOGIN', 1);
SYM-0003	custom/mjlfinancement/admin/access.php:1	TOP_LEVEL_HANDLER	<top-level>	authorizes and dispatches native-Admin access administration	HTTP or dynamic-asset request	invitation, role/profile update, deactivation, credential revocation, audit, and access projection	SEC-AUTHZ-001,SEC-AUTHZ-002,SEC-AUTHZ-003,SEC-AUTHZ-004	BEHAVIOR_MAPPED	full handler mapped; POST actions invite@23, update_profile@36, deactivate@44, revoke@51
SYM-0004	custom/mjlfinancement/admin/access.php:86	SQL_SITE	SELECT@86	executes or assembles SELECT SQL	enclosing function/method or top-level handler	read/projection/decision	SEC-AUTHZ-001,SEC-AUTHZ-002,SEC-AUTHZ-003,SEC-AUTHZ-004	DEFINITION_INDEXED	$sql = 'SELECT i.rowid, i.status, i.date_sent, i.date_expiry, u.login, u.email FROM '.$db->prefix().'mjlfinancement_invitation i';
SYM-0005	custom/mjlfinancement/admin/access.php:138	FUNCTION	mjl_access_users	implements access users	runtime library caller	pure/helper or effect determined by caller	SEC-AUTHZ-001,SEC-AUTHZ-002,SEC-AUTHZ-003,SEC-AUTHZ-004	DEFINITION_INDEXED	function mjl_access_users()
SYM-0006	custom/mjlfinancement/admin/access.php:143	SQL_SITE	SELECT@143	executes or assembles SELECT SQL	enclosing function/method or top-level handler	read/projection/decision	SEC-AUTHZ-001,SEC-AUTHZ-002,SEC-AUTHZ-003,SEC-AUTHZ-004	DEFINITION_INDEXED	"$sql = ""SELECT u.rowid, u.login, u.email, u.statut, u.admin AS native_admin, CASE WHEN u.admin = 1 THEN 'ADMIN_PLATEFORME' ELSE r.role_code END AS role_code"";"
SYM-0007	custom/mjlfinancement/alerts.php:1	TOP_LEVEL_HANDLER	<top-level>	dispatches alerts.php top-level runtime behavior	HTTP or dynamic-asset request	read/projection/decision	-	BEHAVIOR_MAPPED	<?php require '../../main.inc.php'; require_once __DIR__.'/lib/mjl_monitoring_route.lib.php'; if (!mjl_navigation_policy_allows($user,'planning_read')) mjl_report_http_error(403,'Accès non autorisé.'); if (mjl_monitoring_readiness()===0) mjl_report_http_error(403,'Les alertes cibles ne sont pas encore disponibles.'); mjl_monitoring_page('alerts'); $db->close();
SYM-0008	custom/mjlfinancement/auth.php:1	TOP_LEVEL_HANDLER	<top-level>	dispatches auth.php top-level runtime behavior	HTTP or dynamic-asset request	HTTP/output/presentation	SEC-AUTH-001,SEC-AUTH-002,SEC-AUTH-003,SEC-AUTH-004,SEC-AUTH-005	BEHAVIOR_MAPPED	<?php define('NOLOGIN', 1); require '../../main.inc.php'; require_once DOL_DOCUMENT_ROOT.'/custom/mjlfinancement/lib/mjl_auth.lib.php'; header('Cache-Control: no-store, private'); header('Referrer-Policy: no-referrer'); if (!mjl_auth_otp_enabled()) { header('Location: '.DOL_URL_ROOT.'/index.php'); exit;
SYM-0009	custom/mjlfinancement/auth.php:3	CONSTANT	NOLOGIN	declares runtime vocabulary/configuration constant	runtime library caller	pure/helper or effect determined by caller	SEC-AUTH-001,SEC-AUTH-002,SEC-AUTH-003,SEC-AUTH-004,SEC-AUTH-005	DEFINITION_INDEXED	define('NOLOGIN', 1);
SYM-0010	custom/mjlfinancement/class/actions_mjlfinancement.class.php:7	CLASS	ActionsMjlfinancement	declares Actions Mjlfinancement module	constructed/registered class method	pure/helper or effect determined by caller	SEC-AUTH-001,SEC-AUTH-002,SEC-AUTH-003,SEC-AUTH-004,SEC-AUTH-005	DEFINITION_INDEXED	class ActionsMjlfinancement extends CommonHookActions
SYM-0011	custom/mjlfinancement/class/actions_mjlfinancement.class.php:13	PUBLIC_METHOD	__construct	implements   construct	constructed/registered class method	pure/helper or effect determined by caller	SEC-AUTH-001,SEC-AUTH-002,SEC-AUTH-003,SEC-AUTH-004,SEC-AUTH-005	DEFINITION_INDEXED	public function __construct($db)
SYM-0012	custom/mjlfinancement/class/actions_mjlfinancement.class.php:18	PUBLIC_METHOD	redirectAfterConnection	implements redirectAfterConnection	constructed/registered class method	HTTP/output/presentation	SEC-AUTH-001,SEC-AUTH-002,SEC-AUTH-003,SEC-AUTH-004,SEC-AUTH-005	DEFINITION_INDEXED	public function redirectAfterConnection($parameters, &$object, &$action, $hookmanager)
SYM-0013	custom/mjlfinancement/class/actions_mjlfinancement.class.php:23	PUBLIC_METHOD	beforeLoginAuthentication	implements beforeLoginAuthentication	constructed/registered class method	pure/helper or effect determined by caller	SEC-AUTH-001,SEC-AUTH-002,SEC-AUTH-003,SEC-AUTH-004,SEC-AUTH-005	BEHAVIOR_MAPPED	public function beforeLoginAuthentication($parameters, &$object, &$action, $hookmanager)
SYM-0014	custom/mjlfinancement/class/actions_mjlfinancement.class.php:30	PUBLIC_METHOD	updateSession	implements updateSession	constructed/registered class method	pure/helper or effect determined by caller	SEC-AUTH-001,SEC-AUTH-002,SEC-AUTH-003,SEC-AUTH-004,SEC-AUTH-005	BEHAVIOR_MAPPED	public function updateSession($parameters, &$object, &$action, $hookmanager)
SYM-0015	custom/mjlfinancement/class/actions_mjlfinancement.class.php:41	PUBLIC_METHOD	afterLoginFailed	implements afterLoginFailed	constructed/registered class method	pure/helper or effect determined by caller	SEC-AUTH-001,SEC-AUTH-002,SEC-AUTH-003,SEC-AUTH-004,SEC-AUTH-005	BEHAVIOR_MAPPED	public function afterLoginFailed($parameters, &$object, &$action, $hookmanager)
SYM-0016	custom/mjlfinancement/class/actions_mjlfinancement.class.php:55	PUBLIC_METHOD	doActions	implements doActions	constructed/registered class method	pure/helper or effect determined by caller	SEC-AUTH-001,SEC-AUTH-002,SEC-AUTH-003,SEC-AUTH-004,SEC-AUTH-005	BEHAVIOR_MAPPED	public function doActions($parameters, &$object, &$action, $hookmanager)
SYM-0017	custom/mjlfinancement/class/actions_mjlfinancement.class.php:102	PUBLIC_METHOD	llxHeader	implements llxHeader	constructed/registered class method	HTTP/output/presentation	SEC-AUTH-001,SEC-AUTH-002,SEC-AUTH-003,SEC-AUTH-004,SEC-AUTH-005	BEHAVIOR_MAPPED	public function llxHeader($parameters, &$object, &$action, $hookmanager)
SYM-0018	custom/mjlfinancement/class/actions_mjlfinancement.class.php:113	PUBLIC_METHOD	addHtmlHeader	implements addHtmlHeader	constructed/registered class method	HTTP/output/presentation	SEC-AUTH-001,SEC-AUTH-002,SEC-AUTH-003,SEC-AUTH-004,SEC-AUTH-005	BEHAVIOR_MAPPED	public function addHtmlHeader($parameters, &$object, &$action, $hookmanager)
SYM-0019	custom/mjlfinancement/class/actions_mjlfinancement.class.php:129	PRIVATE_METHOD	shouldLoadMjlBrowserFont	implements shouldLoadMjlBrowserFont	constructed/registered class method	read/projection/decision	SEC-AUTH-001,SEC-AUTH-002,SEC-AUTH-003,SEC-AUTH-004,SEC-AUTH-005	DEFINITION_INDEXED	private function shouldLoadMjlBrowserFont($user)
SYM-0020	custom/mjlfinancement/class/actions_mjlfinancement.class.php:153	PRIVATE_METHOD	isMjlWorkspacePath	implements isMjlWorkspacePath	constructed/registered class method	pure/helper or effect determined by caller	SEC-AUTH-001,SEC-AUTH-002,SEC-AUTH-003,SEC-AUTH-004,SEC-AUTH-005	DEFINITION_INDEXED	private function isMjlWorkspacePath()
SYM-0021	custom/mjlfinancement/class/actions_mjlfinancement.class.php:158	PRIVATE_METHOD	normalizedRequestPath	implements normalizedRequestPath	constructed/registered class method	pure/helper or effect determined by caller	SEC-AUTH-001,SEC-AUTH-002,SEC-AUTH-003,SEC-AUTH-004,SEC-AUTH-005	DEFINITION_INDEXED	private function normalizedRequestPath()
SYM-0022	custom/mjlfinancement/class/mjlactivity.class.php:8	CLASS	MjlActivity	declares Mjl Activity module	constructed/registered class method	pure/helper or effect determined by caller	-	DEFINITION_INDEXED	class MjlActivity extends CommonObject
SYM-0023	custom/mjlfinancement/class/mjlactivity.class.php:33	PUBLIC_METHOD	__construct	implements   construct	constructed/registered class method	pure/helper or effect determined by caller	-	DEFINITION_INDEXED	public function __construct(DoliDB $db) { $this->db = $db; }
SYM-0024	custom/mjlfinancement/class/mjlactivity.class.php:35	PUBLIC_METHOD	detectSchema	implements detectSchema	constructed/registered class method	read/projection/decision	-	DEFINITION_INDEXED	public function detectSchema()
SYM-0025	custom/mjlfinancement/class/mjlactivity.class.php:41	PUBLIC_METHOD	fetchReadProjection	implements fetchReadProjection	constructed/registered class method	read/projection/decision	-	DEFINITION_INDEXED	public function fetchReadProjection(User $reader, array $filters, $limit, $offset)
SYM-0026	custom/mjlfinancement/class/mjlactivity.class.php:57	SQL_SITE	SELECT@57	executes or assembles SELECT SQL	enclosing function/method or top-level handler	read/projection/decision	-	DEFINITION_INDEXED	$sql = 'SELECT '.$columns.' FROM '.$this->db->prefix().'mjlfinancement_activity a';
SYM-0027	custom/mjlfinancement/class/mjlactivity.class.php:78	PUBLIC_METHOD	create	implements create	constructed/registered class method	state/database/session mutation or transaction control	-	DEFINITION_INDEXED	public function create(User $user, $notrigger = 0) { return -1; }
SYM-0028	custom/mjlfinancement/class/mjlactivity.class.php:79	PUBLIC_METHOD	update	implements update	constructed/registered class method	state/database/session mutation or transaction control	-	DEFINITION_INDEXED	public function update(User $user, $notrigger = 0) { return -1; }
SYM-0029	custom/mjlfinancement/class/mjlactivity.class.php:80	PUBLIC_METHOD	delete	implements delete	constructed/registered class method	state/database/session mutation or transaction control	-	DEFINITION_INDEXED	public function delete(User $user, $notrigger = 0) { return -1; }
SYM-0030	custom/mjlfinancement/class/mjlactivityassignment.class.php:14	CLASS	MjlActivityAssignment	declares Mjl Activity Assignment module	constructed/registered class method	pure/helper or effect determined by caller	RT-004,RT-008,SEC-AUTHZ-003,DB-002	DEFINITION_INDEXED	class MjlActivityAssignment
SYM-0031	custom/mjlfinancement/class/mjlactivityassignment.class.php:16	CONSTANT	ADD_ADDITIONAL	declares runtime vocabulary/configuration constant	constructed/registered class method	pure/helper or effect determined by caller	RT-004,RT-008,SEC-AUTHZ-003,DB-002	DEFINITION_INDEXED	const ADD_ADDITIONAL = 'ADD_ADDITIONAL';
SYM-0032	custom/mjlfinancement/class/mjlactivityassignment.class.php:17	CONSTANT	REMOVE_ADDITIONAL	declares runtime vocabulary/configuration constant	constructed/registered class method	pure/helper or effect determined by caller	RT-004,RT-008,SEC-AUTHZ-003,DB-002	DEFINITION_INDEXED	const REMOVE_ADDITIONAL = 'REMOVE_ADDITIONAL';
SYM-0033	custom/mjlfinancement/class/mjlactivityassignment.class.php:18	CONSTANT	TRANSFER_PRIMARY	declares runtime vocabulary/configuration constant	constructed/registered class method	pure/helper or effect determined by caller	RT-004,RT-008,SEC-AUTHZ-003,DB-002	DEFINITION_INDEXED	const TRANSFER_PRIMARY = 'TRANSFER_PRIMARY';
SYM-0034	custom/mjlfinancement/class/mjlactivityassignment.class.php:22	PUBLIC_METHOD	__construct	implements   construct	constructed/registered class method	pure/helper or effect determined by caller	RT-004,RT-008,SEC-AUTHZ-003,DB-002	DEFINITION_INDEXED	public function __construct(DoliDB $db)
SYM-0035	custom/mjlfinancement/class/mjlactivityassignment.class.php:27	PUBLIC_METHOD	changeAssignment	implements changeAssignment	constructed/registered class method	pure/helper or effect determined by caller	RT-004,RT-008,SEC-AUTHZ-003,DB-002	BEHAVIOR_MAPPED	public function changeAssignment($activityId, $expectedVersion, User $authenticatedActor, $operation, $targetAgentId, $reason)
SYM-0036	custom/mjlfinancement/class/mjlactivityassignment.class.php:100	SQL_SITE	UPDATE@100	executes or assembles UPDATE SQL	enclosing function/method or top-level handler	state/database/session mutation or transaction control	RT-004,RT-008,SEC-AUTHZ-003,DB-002	DEFINITION_INDEXED	$sql = 'UPDATE '.$this->db->prefix().'mjlfinancement_activity SET version=version+1, fk_user_modif='.$actorId;
SYM-0037	custom/mjlfinancement/class/mjlactivityassignment.class.php:140	PRIVATE_METHOD	hasCompleteTargetSchema	implements hasCompleteTargetSchema	constructed/registered class method	pure/helper or effect determined by caller	RT-004,RT-008,SEC-AUTHZ-003,DB-002	DEFINITION_INDEXED	private function hasCompleteTargetSchema()
SYM-0038	custom/mjlfinancement/class/mjlactivityassignment.class.php:151	PRIVATE_METHOD	lockUsers	implements lockUsers	constructed/registered class method	pure/helper or effect determined by caller	RT-004,RT-008,SEC-AUTHZ-003,DB-002	DEFINITION_INDEXED	private function lockUsers(array $ids)
SYM-0039	custom/mjlfinancement/class/mjlactivityassignment.class.php:153	SQL_SITE	SELECT@153	executes or assembles SELECT SQL	enclosing function/method or top-level handler	state/database/session mutation or transaction control	RT-004,RT-008,SEC-AUTHZ-003,DB-002	DEFINITION_INDEXED	$sql = 'SELECT rowid,entity,login,firstname,lastname,admin,statut FROM '.$this->db->prefix().'user WHERE rowid IN ('.implode(',', $ids).') ORDER BY rowid FOR UPDATE';
SYM-0040	custom/mjlfinancement/class/mjlactivityassignment.class.php:161	PRIVATE_METHOD	lockActiveRoles	implements lockActiveRoles	constructed/registered class method	pure/helper or effect determined by caller	RT-004,RT-008,SEC-AUTHZ-003,DB-002	DEFINITION_INDEXED	private function lockActiveRoles($entity, array $ids)
SYM-0041	custom/mjlfinancement/class/mjlactivityassignment.class.php:163	SQL_SITE	SELECT@163	executes or assembles SELECT SQL	enclosing function/method or top-level handler	state/database/session mutation or transaction control	RT-004,RT-008,SEC-AUTHZ-003,DB-002	DEFINITION_INDEXED	$sql = 'SELECT rowid,fk_user,role_code FROM '.$this->db->prefix().'mjlfinancement_user_role WHERE entity='.$entity.' AND fk_user IN ('.implode(',', $ids).') AND is_active=1 ORDER BY fk_user,rowid FOR UPDATE';
SYM-0042	custom/mjlfinancement/class/mjlactivityassignment.class.php:175	PRIVATE_METHOD	eligibleActor	implements eligibleActor	constructed/registered class method	pure/helper or effect determined by caller	RT-004,RT-008,SEC-AUTHZ-003,DB-002	DEFINITION_INDEXED	private function eligibleActor(array $users, array $roles, $id, $entity)
SYM-0043	custom/mjlfinancement/class/mjlactivityassignment.class.php:181	PRIVATE_METHOD	eligibleAgent	implements eligibleAgent	constructed/registered class method	pure/helper or effect determined by caller	RT-004,RT-008,SEC-AUTHZ-003,DB-002	DEFINITION_INDEXED	private function eligibleAgent(array $users, array $roles, $id, $entity)
SYM-0044	custom/mjlfinancement/class/mjlactivityassignment.class.php:187	PRIVATE_METHOD	lockActivity	implements lockActivity	constructed/registered class method	pure/helper or effect determined by caller	RT-004,RT-008,SEC-AUTHZ-003,DB-002	DEFINITION_INDEXED	private function lockActivity($entity, $activityId)
SYM-0045	custom/mjlfinancement/class/mjlactivityassignment.class.php:189	SQL_SITE	SELECT@189	executes or assembles SELECT SQL	enclosing function/method or top-level handler	state/database/session mutation or transaction control	RT-004,RT-008,SEC-AUTHZ-003,DB-002	DEFINITION_INDEXED	$sql = 'SELECT rowid,ref,version,validation_status FROM '.$this->db->prefix().'mjlfinancement_activity WHERE entity='.$entity.' AND rowid='.$activityId.' FOR UPDATE';
SYM-0046	custom/mjlfinancement/class/mjlactivityassignment.class.php:196	PRIVATE_METHOD	loadAssignments	implements loadAssignments	constructed/registered class method	state/database/session mutation or transaction control	RT-004,RT-008,SEC-AUTHZ-003,DB-002	DEFINITION_INDEXED	private function loadAssignments($entity, $activityId, $lock)
SYM-0047	custom/mjlfinancement/class/mjlactivityassignment.class.php:198	SQL_SITE	SELECT@198	executes or assembles SELECT SQL	enclosing function/method or top-level handler	read/projection/decision	RT-004,RT-008,SEC-AUTHZ-003,DB-002	DEFINITION_INDEXED	$sql = 'SELECT rowid,fk_user,is_primary FROM '.$this->db->prefix().'mjlfinancement_activity_assignment WHERE entity='.$entity.' AND fk_activity='.$activityId.' AND date_end IS NULL ORDER BY fk_user,rowid';
SYM-0048	custom/mjlfinancement/class/mjlactivityassignment.class.php:199	SQL_SITE	UPDATE@199	executes or assembles UPDATE SQL	enclosing function/method or top-level handler	state/database/session mutation or transaction control	RT-004,RT-008,SEC-AUTHZ-003,DB-002	DEFINITION_INDEXED	if ($lock) $sql .= ' FOR UPDATE';
SYM-0049	custom/mjlfinancement/class/mjlactivityassignment.class.php:207	PRIVATE_METHOD	assignmentIdentity	implements assignmentIdentity	constructed/registered class method	read/projection/decision	RT-004,RT-008,SEC-AUTHZ-003,DB-002	DEFINITION_INDEXED	private function assignmentIdentity(array $rows)
SYM-0050	custom/mjlfinancement/class/mjlactivityassignment.class.php:215	PRIVATE_METHOD	findAssignment	implements findAssignment	constructed/registered class method	read/projection/decision	RT-004,RT-008,SEC-AUTHZ-003,DB-002	DEFINITION_INDEXED	private function findAssignment(array $rows, $userId)
SYM-0051	custom/mjlfinancement/class/mjlactivityassignment.class.php:221	PRIVATE_METHOD	primaryAssignment	implements primaryAssignment	constructed/registered class method	read/projection/decision	RT-004,RT-008,SEC-AUTHZ-003,DB-002	DEFINITION_INDEXED	private function primaryAssignment(array $rows)
SYM-0052	custom/mjlfinancement/class/mjlactivityassignment.class.php:227	PRIVATE_METHOD	insertAssignment	implements insertAssignment	constructed/registered class method	pure/helper or effect determined by caller	RT-004,RT-008,SEC-AUTHZ-003,DB-002	DEFINITION_INDEXED	private function insertAssignment($entity, $activityId, $agentId, $primary, $actorId, $reason)
SYM-0053	custom/mjlfinancement/class/mjlactivityassignment.class.php:229	SQL_SITE	INSERT INTO@229	executes or assembles INSERT INTO SQL	enclosing function/method or top-level handler	state/database/session mutation or transaction control	RT-004,RT-008,SEC-AUTHZ-003,DB-002	DEFINITION_INDEXED	$sql = 'INSERT INTO '.$this->db->prefix().'mjlfinancement_activity_assignment (entity,fk_activity,fk_user,is_primary,date_start,date_end,fk_user_assign,reason,date_creation) VALUES (';
SYM-0054	custom/mjlfinancement/class/mjlactivityassignment.class.php:234	PRIVATE_METHOD	endAssignment	implements endAssignment	constructed/registered class method	pure/helper or effect determined by caller	RT-004,RT-008,SEC-AUTHZ-003,DB-002	DEFINITION_INDEXED	private function endAssignment($rowId)
SYM-0055	custom/mjlfinancement/class/mjlactivityassignment.class.php:236	SQL_SITE	UPDATE@236	executes or assembles UPDATE SQL	enclosing function/method or top-level handler	state/database/session mutation or transaction control	RT-004,RT-008,SEC-AUTHZ-003,DB-002	DEFINITION_INDEXED	return (bool) $this->db->query('UPDATE '.$this->db->prefix().'mjlfinancement_activity_assignment SET date_end=NOW() WHERE rowid='.(int) $rowId.' AND date_end IS NULL');
SYM-0056	custom/mjlfinancement/class/mjlactivityassignment.class.php:239	PRIVATE_METHOD	auditAssignments	implements auditAssignments	constructed/registered class method	read/projection/decision	RT-004,RT-008,SEC-AUTHZ-003,DB-002	DEFINITION_INDEXED	private function auditAssignments(array $rows)
SYM-0057	custom/mjlfinancement/class/mjlactivityassignment.class.php:246	PRIVATE_METHOD	rollbackOutcome	implements rollbackOutcome	constructed/registered class method	pure/helper or effect determined by caller	RT-004,RT-008,SEC-AUTHZ-003,DB-002	DEFINITION_INDEXED	private function rollbackOutcome($code)
SYM-0058	custom/mjlfinancement/class/mjlactivityassignment.class.php:252	PRIVATE_METHOD	outcome	implements outcome	constructed/registered class method	pure/helper or effect determined by caller	RT-004,RT-008,SEC-AUTHZ-003,DB-002	DEFINITION_INDEXED	private function outcome($code, $version = null)
SYM-0059	custom/mjlfinancement/class/mjlactivitycommand.class.php:10	CLASS	MjlActivityCommand	declares Mjl Activity Command module	constructed/registered class method	pure/helper or effect determined by caller	RT-005,RT-006,RT-007,RT-008,RT-009,DB-002	DEFINITION_INDEXED	class MjlActivityCommand
SYM-0060	custom/mjlfinancement/class/mjlactivitycommand.class.php:12	CONSTANT	OUTCOMES	declares runtime vocabulary/configuration constant	constructed/registered class method	pure/helper or effect determined by caller	RT-005,RT-006,RT-007,RT-008,RT-009,DB-002	DEFINITION_INDEXED	const OUTCOMES = array('OK','INVALID_INPUT','FORBIDDEN','NOT_FOUND','STALE_VERSION','CONFLICT','RETRYABLE_CONFLICT','MIGRATION_REQUIRED','FAILED');
SYM-0061	custom/mjlfinancement/class/mjlactivitycommand.class.php:18	PUBLIC_METHOD	__construct	implements   construct	constructed/registered class method	pure/helper or effect determined by caller	RT-005,RT-006,RT-007,RT-008,RT-009,DB-002	DEFINITION_INDEXED	public function __construct(DoliDB $db, callable $calendar = null, $entity = null)
SYM-0062	custom/mjlfinancement/class/mjlactivitycommand.class.php:28	PUBLIC_METHOD	createDraft	implements createDraft	constructed/registered class method	state/database/session mutation or transaction control	RT-005,RT-006,RT-007,RT-008,RT-009,DB-002	BEHAVIOR_MAPPED	public function createDraft(array $input, User $actor) { return $this->create($input, $actor, false); }
SYM-0063	custom/mjlfinancement/class/mjlactivitycommand.class.php:29	PUBLIC_METHOD	createAndSubmit	implements createAndSubmit	constructed/registered class method	state/database/session mutation or transaction control	RT-005,RT-006,RT-007,RT-008,RT-009,DB-002	BEHAVIOR_MAPPED	public function createAndSubmit(array $input, User $actor) { return $this->create($input, $actor, true); }
SYM-0064	custom/mjlfinancement/class/mjlactivitycommand.class.php:31	PUBLIC_METHOD	saveStructure	implements saveStructure	constructed/registered class method	pure/helper or effect determined by caller	RT-005,RT-006,RT-007,RT-008,RT-009,DB-002	BEHAVIOR_MAPPED	public function saveStructure($activityId, $expectedVersion, array $input, User $actor)
SYM-0065	custom/mjlfinancement/class/mjlactivitycommand.class.php:58	PUBLIC_METHOD	submitRevision	implements submitRevision	constructed/registered class method	pure/helper or effect determined by caller	RT-005,RT-006,RT-007,RT-008,RT-009,DB-002	BEHAVIOR_MAPPED	public function submitRevision($activityId, $expectedVersion, User $actor)
SYM-0066	custom/mjlfinancement/class/mjlactivitycommand.class.php:95	SQL_SITE	UPDATE@95	executes or assembles UPDATE SQL	enclosing function/method or top-level handler	state/database/session mutation or transaction control	RT-005,RT-006,RT-007,RT-008,RT-009,DB-002	DEFINITION_INDEXED	"$sql = 'UPDATE '.$this->table('activity')."" SET validation_status='SUBMITTED',fk_current_revision="".$revisionId.',first_submitted_amount='.$first.',version='.$newVersion.',fk_user_modif='.$auth['id'].' WHERE entity='...."
SYM-0067	custom/mjlfinancement/class/mjlactivitycommand.class.php:103	PUBLIC_METHOD	abandonDraft	implements abandonDraft	constructed/registered class method	pure/helper or effect determined by caller	RT-005,RT-006,RT-007,RT-008,RT-009,DB-002	BEHAVIOR_MAPPED	public function abandonDraft($activityId, $expectedVersion, User $actor, $reason)
SYM-0068	custom/mjlfinancement/class/mjlactivitycommand.class.php:120	PUBLIC_METHOD	restoreDraft	implements restoreDraft	constructed/registered class method	pure/helper or effect determined by caller	RT-005,RT-006,RT-007,RT-008,RT-009,DB-002	BEHAVIOR_MAPPED	public function restoreDraft($activityId, $expectedVersion, User $actor, $primaryAgentId, $reason)
SYM-0069	custom/mjlfinancement/class/mjlactivitycommand.class.php:137	PUBLIC_METHOD	reviewRevision	implements reviewRevision	constructed/registered class method	pure/helper or effect determined by caller	RT-005,RT-006,RT-007,RT-008,RT-009,DB-002	BEHAVIOR_MAPPED	public function reviewRevision($activityId, $revisionId, $expectedVersion, User $actor, $decision, $reason = '', $requestedAmount = null)
SYM-0070	custom/mjlfinancement/class/mjlactivitycommand.class.php:179	PUBLIC_METHOD	updateOperationExecution	implements updateOperationExecution	constructed/registered class method	pure/helper or effect determined by caller	RT-005,RT-006,RT-007,RT-008,RT-009,DB-002	BEHAVIOR_MAPPED	public function updateOperationExecution($activityId, $operationId, $expectedOperationVersion, array $input, User $actor)
SYM-0071	custom/mjlfinancement/class/mjlactivitycommand.class.php:204	SQL_SITE	UPDATE@204	executes or assembles UPDATE SQL	enclosing function/method or top-level handler	state/database/session mutation or transaction control	RT-005,RT-006,RT-007,RT-008,RT-009,DB-002	DEFINITION_INDEXED	"$sql = 'UPDATE '.$this->table('operation')."" SET status='"".$this->db->escape($input['status']).""',spent_amount=$spentSql,observation=$observationSql,version=version+1,fk_user_modif="".$auth['id'].' WHERE entity='.$this..."
SYM-0072	custom/mjlfinancement/class/mjlactivitycommand.class.php:215	PUBLIC_METHOD	requestCancellation	implements requestCancellation	constructed/registered class method	pure/helper or effect determined by caller	RT-005,RT-006,RT-007,RT-008,RT-009,DB-002	BEHAVIOR_MAPPED	public function requestCancellation($targetType, $targetId, $expectedTargetVersion, $reason, User $actor)
SYM-0073	custom/mjlfinancement/class/mjlactivitycommand.class.php:233	SQL_SITE	INSERT INTO@233	executes or assembles INSERT INTO SQL	enclosing function/method or top-level handler	state/database/session mutation or transaction control	RT-005,RT-006,RT-007,RT-008,RT-009,DB-002	DEFINITION_INDEXED	$sql='INSERT INTO '.$this->table('cancellation_request').' (entity,target_type,target_id,fk_activity,fk_target_revision,target_version,target_operation_set_hash,fk_requester,requester_name_snapshot,requester_role_snap...
SYM-0074	custom/mjlfinancement/class/mjlactivitycommand.class.php:241	PUBLIC_METHOD	withdrawCancellation	implements withdrawCancellation	constructed/registered class method	pure/helper or effect determined by caller	RT-005,RT-006,RT-007,RT-008,RT-009,DB-002	BEHAVIOR_MAPPED	public function withdrawCancellation($requestId, $expectedRequestVersion, User $actor)
SYM-0075	custom/mjlfinancement/class/mjlactivitycommand.class.php:246	PUBLIC_METHOD	decideCancellation	implements decideCancellation	constructed/registered class method	pure/helper or effect determined by caller	RT-005,RT-006,RT-007,RT-008,RT-009,DB-002	BEHAVIOR_MAPPED	public function decideCancellation($requestId, $expectedRequestVersion, $decision, $decisionReason, User $actor)
SYM-0076	custom/mjlfinancement/class/mjlactivitycommand.class.php:264	SQL_SITE	UPDATE@264	executes or assembles UPDATE SQL	enclosing function/method or top-level handler	state/database/session mutation or transaction control	RT-005,RT-006,RT-007,RT-008,RT-009,DB-002	DEFINITION_INDEXED	"foreach($operations as&$operation)if(in_array($operation['status'],array('TODO','IN_PROGRESS'),true)){$before=$operation;$res=$this->db->query('UPDATE '.$this->table('operation')."" SET status='CANCELLED',version=versi..."
SYM-0077	custom/mjlfinancement/class/mjlactivitycommand.class.php:272	SQL_SITE	UPDATE@272	executes or assembles UPDATE SQL	enclosing function/method or top-level handler	state/database/session mutation or transaction control	RT-005,RT-006,RT-007,RT-008,RT-009,DB-002	DEFINITION_INDEXED	"if(!$this->closeRequest('cancellation_request',$request,$auth,'APPROVED',$decisionReason))return $this->reject('STALE_VERSION');$before=$operation;$res=$this->db->query('UPDATE '.$this->table('operation')."" SET status..."
SYM-0078	custom/mjlfinancement/class/mjlactivitycommand.class.php:279	PUBLIC_METHOD	requestReopening	implements requestReopening	constructed/registered class method	pure/helper or effect determined by caller	RT-005,RT-006,RT-007,RT-008,RT-009,DB-002	BEHAVIOR_MAPPED	public function requestReopening($operationId,$expectedOperationVersion,$reason,User $actor)
SYM-0079	custom/mjlfinancement/class/mjlactivitycommand.class.php:289	SQL_SITE	INSERT INTO@289	executes or assembles INSERT INTO SQL	enclosing function/method or top-level handler	state/database/session mutation or transaction control	RT-005,RT-006,RT-007,RT-008,RT-009,DB-002	DEFINITION_INDEXED	$sql='INSERT INTO '.$this->table('reopening_request').' (entity,fk_activity,fk_operation,fk_target_revision,target_version,fk_requester,requester_name_snapshot,requester_role_snapshot,reason,status,date_request,versio...
SYM-0080	custom/mjlfinancement/class/mjlactivitycommand.class.php:296	PUBLIC_METHOD	withdrawReopening	implements withdrawReopening	constructed/registered class method	pure/helper or effect determined by caller	RT-005,RT-006,RT-007,RT-008,RT-009,DB-002	BEHAVIOR_MAPPED	public function withdrawReopening($requestId,$expectedRequestVersion,User $actor){return $this->withdrawException('reopening_request','REOPENING_WITHDRAWN',$requestId,$expectedRequestVersion,$actor);}
SYM-0081	custom/mjlfinancement/class/mjlactivitycommand.class.php:298	PUBLIC_METHOD	decideReopening	implements decideReopening	constructed/registered class method	pure/helper or effect determined by caller	RT-005,RT-006,RT-007,RT-008,RT-009,DB-002	BEHAVIOR_MAPPED	public function decideReopening($requestId,$expectedRequestVersion,$decision,$decisionReason,User $actor)
SYM-0082	custom/mjlfinancement/class/mjlactivitycommand.class.php:319	SQL_SITE	UPDATE@319	executes or assembles UPDATE SQL	enclosing function/method or top-level handler	state/database/session mutation or transaction control	RT-005,RT-006,RT-007,RT-008,RT-009,DB-002	DEFINITION_INDEXED	"$before=$operation;$res=$this->db->query('UPDATE '.$this->table('operation')."" SET status='IN_PROGRESS',version=version+1,fk_user_modif="".$auth['id'].' WHERE entity='.$this->entity.' AND rowid='.(int)$operation['rowid..."
SYM-0083	custom/mjlfinancement/class/mjlactivitycommand.class.php:330	PUBLIC_METHOD	reconcileExecutionStatus	implements reconcileExecutionStatus	constructed/registered class method	read/projection/decision	RT-005,RT-006,RT-007,RT-008,RT-009,DB-002	BEHAVIOR_MAPPED	public function reconcileExecutionStatus($activityId,$actor=null)
SYM-0084	custom/mjlfinancement/class/mjlactivitycommand.class.php:332	SQL_SITE	SELECT@332	executes or assembles SELECT SQL	enclosing function/method or top-level handler	read/projection/decision	RT-005,RT-006,RT-007,RT-008,RT-009,DB-002	DEFINITION_INDEXED	if(!$this->decimalId($activityId))return $this->outcome('INVALID_INPUT');return $this->transaction(function()use($activityId,$actor){$activity=$this->lockActivity($activityId);if(!$activity)return $this->reject($activ...
SYM-0085	custom/mjlfinancement/class/mjlactivitycommand.class.php:335	PRIVATE_METHOD	create	implements create	constructed/registered class method	state/database/session mutation or transaction control	RT-005,RT-006,RT-007,RT-008,RT-009,DB-002	DEFINITION_INDEXED	private function create(array $input, User $actor, $submit)
SYM-0086	custom/mjlfinancement/class/mjlactivitycommand.class.php:344	SQL_SITE	INSERT INTO@344	executes or assembles INSERT INTO SQL	enclosing function/method or top-level handler	state/database/session mutation or transaction control	RT-005,RT-006,RT-007,RT-008,RT-009,DB-002	DEFINITION_INDEXED	$sql = 'INSERT INTO '.$this->table('activity').' (entity,ref,fk_partner,fk_project,name,description,date_start,date_end,draft_authorized_amount,first_submitted_amount,latest_validated_amount,fk_current_revision,valida...
SYM-0087	custom/mjlfinancement/class/mjlactivitycommand.class.php:358	SQL_SITE	UPDATE@358	executes or assembles UPDATE SQL	enclosing function/method or top-level handler	state/database/session mutation or transaction control	RT-005,RT-006,RT-007,RT-008,RT-009,DB-002	DEFINITION_INDEXED	"$res = $this->db->query('UPDATE '.$this->table('activity')."" SET validation_status='SUBMITTED',fk_current_revision=$revisionId,first_submitted_amount="".$a['draft_authorized_amount'].',version=2 WHERE entity='.$this->e..."
SYM-0088	custom/mjlfinancement/class/mjlactivitycommand.class.php:364	PRIVATE_METHOD	transaction	implements transaction	constructed/registered class method	pure/helper or effect determined by caller	RT-005,RT-006,RT-007,RT-008,RT-009,DB-002	DEFINITION_INDEXED	private function transaction(callable $work, $phase3a = false)
SYM-0089	custom/mjlfinancement/class/mjlactivitycommand.class.php:392	PRIVATE_METHOD	requirePlanningSchema	implements requirePlanningSchema	constructed/registered class method	pure/helper or effect determined by caller	RT-005,RT-006,RT-007,RT-008,RT-009,DB-002	DEFINITION_INDEXED	private function requirePlanningSchema()
SYM-0090	custom/mjlfinancement/class/mjlactivitycommand.class.php:398	PRIVATE_METHOD	databaseFailureOutcome	implements databaseFailureOutcome	constructed/registered class method	pure/helper or effect determined by caller	RT-005,RT-006,RT-007,RT-008,RT-009,DB-002	DEFINITION_INDEXED	private function databaseFailureOutcome(Throwable $exception = null)
SYM-0091	custom/mjlfinancement/class/mjlactivitycommand.class.php:412	PRIVATE_METHOD	lockActor	implements lockActor	constructed/registered class method	pure/helper or effect determined by caller	RT-005,RT-006,RT-007,RT-008,RT-009,DB-002	DEFINITION_INDEXED	private function lockActor(User $actor, array $extraIds = array())
SYM-0092	custom/mjlfinancement/class/mjlactivitycommand.class.php:416	SQL_SITE	SELECT@416	executes or assembles SELECT SQL	enclosing function/method or top-level handler	state/database/session mutation or transaction control	RT-005,RT-006,RT-007,RT-008,RT-009,DB-002	DEFINITION_INDEXED	$res = $this->db->query('SELECT rowid,entity,login,firstname,lastname,admin,statut FROM '.$this->db->prefix().'user WHERE entity='.$this->entity.' AND rowid IN ('.implode(',', $ids).') ORDER BY rowid FOR UPDATE');
SYM-0093	custom/mjlfinancement/class/mjlactivitycommand.class.php:418	SQL_SITE	SELECT@418	executes or assembles SELECT SQL	enclosing function/method or top-level handler	state/database/session mutation or transaction control	RT-005,RT-006,RT-007,RT-008,RT-009,DB-002	DEFINITION_INDEXED	$res = $this->db->query('SELECT fk_user,role_code FROM '.$this->table('user_role').' WHERE entity='.$this->entity.' AND fk_user IN ('.implode(',', $ids).') AND is_active=1 ORDER BY fk_user,rowid FOR UPDATE');
SYM-0094	custom/mjlfinancement/class/mjlactivitycommand.class.php:426	PRIVATE_METHOD	lockActivity	implements lockActivity	constructed/registered class method	pure/helper or effect determined by caller	RT-005,RT-006,RT-007,RT-008,RT-009,DB-002	DEFINITION_INDEXED	private function lockActivity($id)
SYM-0095	custom/mjlfinancement/class/mjlactivitycommand.class.php:428	SQL_SITE	SELECT@428	executes or assembles SELECT SQL	enclosing function/method or top-level handler	state/database/session mutation or transaction control	RT-005,RT-006,RT-007,RT-008,RT-009,DB-002	DEFINITION_INDEXED	$res = $this->db->query('SELECT * FROM '.$this->table('activity').' WHERE entity='.$this->entity.' AND rowid='.(int) $id.' FOR UPDATE');
SYM-0096	custom/mjlfinancement/class/mjlactivitycommand.class.php:432	PRIVATE_METHOD	readActivity	implements readActivity	constructed/registered class method	read/projection/decision	RT-005,RT-006,RT-007,RT-008,RT-009,DB-002	DEFINITION_INDEXED	private function readActivity($id)
SYM-0097	custom/mjlfinancement/class/mjlactivitycommand.class.php:434	SQL_SITE	SELECT@434	executes or assembles SELECT SQL	enclosing function/method or top-level handler	read/projection/decision	RT-005,RT-006,RT-007,RT-008,RT-009,DB-002	DEFINITION_INDEXED	$res = $this->db->query('SELECT * FROM '.$this->table('activity').' WHERE entity='.$this->entity.' AND rowid='.(int) $id);
SYM-0098	custom/mjlfinancement/class/mjlactivitycommand.class.php:438	PRIVATE_METHOD	readOperations	implements readOperations	constructed/registered class method	read/projection/decision	RT-005,RT-006,RT-007,RT-008,RT-009,DB-002	DEFINITION_INDEXED	private function readOperations($activityId)
SYM-0099	custom/mjlfinancement/class/mjlactivitycommand.class.php:440	SQL_SITE	SELECT@440	executes or assembles SELECT SQL	enclosing function/method or top-level handler	read/projection/decision	RT-005,RT-006,RT-007,RT-008,RT-009,DB-002	DEFINITION_INDEXED	$res = $this->db->query('SELECT o.*,t.label AS type_label FROM '.$this->table('operation').' o INNER JOIN '.$this->table('operation_type').' t ON t.rowid=o.fk_operation_type AND t.entity=o.entity WHERE o.entity='.$thi...
SYM-0100	custom/mjlfinancement/class/mjlactivitycommand.class.php:444	PRIVATE_METHOD	readContributorIds	implements readContributorIds	constructed/registered class method	read/projection/decision	RT-005,RT-006,RT-007,RT-008,RT-009,DB-002	DEFINITION_INDEXED	private function readContributorIds(array $activity, $submitterId)
SYM-0101	custom/mjlfinancement/class/mjlactivitycommand.class.php:447	SQL_SITE	SELECT@447	executes or assembles SELECT SQL	enclosing function/method or top-level handler	read/projection/decision	RT-005,RT-006,RT-007,RT-008,RT-009,DB-002	DEFINITION_INDEXED	$res=$this->db->query('SELECT DISTINCT fk_user FROM '.$this->table('revision_contributor').' WHERE entity='.$this->entity.' AND fk_activity='.(int)$activity['rowid']);if(!$res)return false;while($row=$this->db->fetch_...
SYM-0102	custom/mjlfinancement/class/mjlactivitycommand.class.php:448	SQL_SITE	SELECT@448	executes or assembles SELECT SQL	enclosing function/method or top-level handler	read/projection/decision	RT-005,RT-006,RT-007,RT-008,RT-009,DB-002	DEFINITION_INDEXED	"$res=$this->db->query('SELECT DISTINCT actor_id FROM '.$this->table('audit_event')."" WHERE entity="".$this->entity."" AND activity_id="".(int)$activity['rowid']."" AND action='ACTIVITY_STRUCTURE_SAVED' AND actor_id IS NOT..."
SYM-0103	custom/mjlfinancement/class/mjlactivitycommand.class.php:452	PRIVATE_METHOD	structureFromRows	implements structureFromRows	constructed/registered class method	read/projection/decision	RT-005,RT-006,RT-007,RT-008,RT-009,DB-002	DEFINITION_INDEXED	private function structureFromRows(array $activity, array $operations)
SYM-0104	custom/mjlfinancement/class/mjlactivitycommand.class.php:458	PRIVATE_METHOD	lockReferences	implements lockReferences	constructed/registered class method	pure/helper or effect determined by caller	RT-005,RT-006,RT-007,RT-008,RT-009,DB-002	DEFINITION_INDEXED	private function lockReferences(array $input, array $activity = array(), array $currentOps = array(), $forUpdate = true)
SYM-0105	custom/mjlfinancement/class/mjlactivitycommand.class.php:462	SQL_SITE	SELECT@462	executes or assembles SELECT SQL	enclosing function/method or top-level handler	state/database/session mutation or transaction control	RT-005,RT-006,RT-007,RT-008,RT-009,DB-002	DEFINITION_INDEXED	$res=$this->db->query('SELECT rowid,status FROM '.$this->db->prefix().'societe WHERE entity='.$this->entity.' AND rowid='.(int)$input['partner_id'].$lock);$partner=$res?$this->db->fetch_object($res):null;if(!$partner|...
SYM-0106	custom/mjlfinancement/class/mjlactivitycommand.class.php:463	SQL_SITE	SELECT@463	executes or assembles SELECT SQL	enclosing function/method or top-level handler	state/database/session mutation or transaction control	RT-005,RT-006,RT-007,RT-008,RT-009,DB-002	DEFINITION_INDEXED	$res=$this->db->query('SELECT rowid,fk_soc,fk_statut FROM '.$this->db->prefix().'projet WHERE entity='.$this->entity.' AND rowid='.(int)$input['project_id'].$lock);$project=$res?$this->db->fetch_object($res):null;if(!...
SYM-0107	custom/mjlfinancement/class/mjlactivitycommand.class.php:467	SQL_SITE	SELECT@467	executes or assembles SELECT SQL	enclosing function/method or top-level handler	state/database/session mutation or transaction control	RT-005,RT-006,RT-007,RT-008,RT-009,DB-002	DEFINITION_INDEXED	$res = $this->db->query('SELECT rowid,is_active FROM '.$this->table('operation_type').' WHERE entity='.$this->entity.' AND rowid IN ('.implode(',', $typeIds).') ORDER BY rowid'.$lock);
SYM-0108	custom/mjlfinancement/class/mjlactivitycommand.class.php:473	PRIVATE_METHOD	allocateReference	implements allocateReference	constructed/registered class method	pure/helper or effect determined by caller	RT-005,RT-006,RT-007,RT-008,RT-009,DB-002	DEFINITION_INDEXED	private function allocateReference()
SYM-0109	custom/mjlfinancement/class/mjlactivitycommand.class.php:477	SQL_SITE	SELECT@477	executes or assembles SELECT SQL	enclosing function/method or top-level handler	state/database/session mutation or transaction control	RT-005,RT-006,RT-007,RT-008,RT-009,DB-002	DEFINITION_INDEXED	$res = $this->db->query('SELECT next_value FROM '.$table.' WHERE entity='.$this->entity.' FOR UPDATE'); $row = $res ? $this->db->fetch_object($res) : null;
SYM-0110	custom/mjlfinancement/class/mjlactivitycommand.class.php:478	SQL_SITE	UPDATE@478	executes or assembles UPDATE SQL	enclosing function/method or top-level handler	state/database/session mutation or transaction control	RT-005,RT-006,RT-007,RT-008,RT-009,DB-002	DEFINITION_INDEXED	if (!$row || !$this->decimalAmount((string) $row->next_value, false) || !$this->db->query('UPDATE '.$table.' SET next_value=next_value+1 WHERE entity='.$this->entity)) return false;
SYM-0111	custom/mjlfinancement/class/mjlactivitycommand.class.php:482	PRIVATE_METHOD	writeOperations	implements writeOperations	constructed/registered class method	pure/helper or effect determined by caller	RT-005,RT-006,RT-007,RT-008,RT-009,DB-002	DEFINITION_INDEXED	private function writeOperations(array $activity, array $submitted, $actorId)
SYM-0112	custom/mjlfinancement/class/mjlactivitycommand.class.php:489	SQL_SITE	INSERT INTO@489	executes or assembles INSERT INTO SQL	enclosing function/method or top-level handler	state/database/session mutation or transaction control	RT-005,RT-006,RT-007,RT-008,RT-009,DB-002	DEFINITION_INDEXED	$sql = 'INSERT INTO '.$this->table('operation').' (entity,fk_activity,fk_operation_type,name,authorized_amount,status,spent_amount,observation,version,date_creation,fk_user_creat,fk_user_modif) VALUES ('.$this->entity...
SYM-0113	custom/mjlfinancement/class/mjlactivitycommand.class.php:493	SQL_SITE	UPDATE@493	executes or assembles UPDATE SQL	enclosing function/method or top-level handler	state/database/session mutation or transaction control	RT-005,RT-006,RT-007,RT-008,RT-009,DB-002	DEFINITION_INDEXED	"$res = $this->db->query('UPDATE '.$this->table('operation').' SET fk_operation_type='.(int) $op['type_id']."",name='"".$this->db->escape($this->normalized($op['name'])).""',authorized_amount="".$op['authorized_amount'].',..."
SYM-0114	custom/mjlfinancement/class/mjlactivitycommand.class.php:499	SQL_SITE	UPDATE@499	executes or assembles UPDATE SQL	enclosing function/method or top-level handler	state/database/session mutation or transaction control	RT-005,RT-006,RT-007,RT-008,RT-009,DB-002	DEFINITION_INDEXED	$res = $this->db->query('UPDATE '.$this->table('operation').' SET date_removed=NOW(),fk_user_removed='.(int) $actorId.',version=version+1,fk_user_modif='.(int) $actorId.' WHERE rowid='.(int) $id.' AND entity='.$this->...
SYM-0115	custom/mjlfinancement/class/mjlactivitycommand.class.php:505	PRIVATE_METHOD	lockOperations	implements lockOperations	constructed/registered class method	pure/helper or effect determined by caller	RT-005,RT-006,RT-007,RT-008,RT-009,DB-002	DEFINITION_INDEXED	private function lockOperations($activityId)
SYM-0116	custom/mjlfinancement/class/mjlactivitycommand.class.php:507	SQL_SITE	SELECT@507	executes or assembles SELECT SQL	enclosing function/method or top-level handler	read/projection/decision	RT-005,RT-006,RT-007,RT-008,RT-009,DB-002	DEFINITION_INDEXED	$res = $this->db->query('SELECT o.*,t.label AS type_label FROM '.$this->table('operation').' o INNER JOIN '.$this->table('operation_type').' t ON t.rowid=o.fk_operation_type AND t.entity=o.entity WHERE o.entity='.$thi...
SYM-0117	custom/mjlfinancement/class/mjlactivitycommand.class.php:511	PRIVATE_METHOD	lockAssignments	implements lockAssignments	constructed/registered class method	pure/helper or effect determined by caller	RT-005,RT-006,RT-007,RT-008,RT-009,DB-002	DEFINITION_INDEXED	private function lockAssignments($activityId)
SYM-0118	custom/mjlfinancement/class/mjlactivitycommand.class.php:513	SQL_SITE	SELECT@513	executes or assembles SELECT SQL	enclosing function/method or top-level handler	state/database/session mutation or transaction control	RT-005,RT-006,RT-007,RT-008,RT-009,DB-002	DEFINITION_INDEXED	$res=$this->db->query('SELECT * FROM '.$this->table('activity_assignment').' WHERE entity='.$this->entity.' AND fk_activity='.(int)$activityId.' AND date_end IS NULL ORDER BY fk_user,rowid FOR UPDATE');
SYM-0119	custom/mjlfinancement/class/mjlactivitycommand.class.php:517	PRIVATE_METHOD	readCurrentAssignmentUserIds	implements readCurrentAssignmentUserIds	constructed/registered class method	read/projection/decision	RT-005,RT-006,RT-007,RT-008,RT-009,DB-002	DEFINITION_INDEXED	private function readCurrentAssignmentUserIds($activityId)
SYM-0120	custom/mjlfinancement/class/mjlactivitycommand.class.php:519	SQL_SITE	SELECT@519	executes or assembles SELECT SQL	enclosing function/method or top-level handler	read/projection/decision	RT-005,RT-006,RT-007,RT-008,RT-009,DB-002	DEFINITION_INDEXED	$res=$this->db->query('SELECT fk_user FROM '.$this->table('activity_assignment').' WHERE entity='.$this->entity.' AND fk_activity='.(int)$activityId.' AND date_end IS NULL ORDER BY fk_user,rowid');
SYM-0121	custom/mjlfinancement/class/mjlactivitycommand.class.php:523	PRIVATE_METHOD	assignmentUserIds	implements assignmentUserIds	constructed/registered class method	pure/helper or effect determined by caller	RT-005,RT-006,RT-007,RT-008,RT-009,DB-002	DEFINITION_INDEXED	private function assignmentUserIds(array $assignments)
SYM-0122	custom/mjlfinancement/class/mjlactivitycommand.class.php:528	PRIVATE_METHOD	containsAssignment	implements containsAssignment	constructed/registered class method	pure/helper or effect determined by caller	RT-005,RT-006,RT-007,RT-008,RT-009,DB-002	DEFINITION_INDEXED	private function containsAssignment(array $assignments,$userId)
SYM-0123	custom/mjlfinancement/class/mjlactivitycommand.class.php:533	PRIVATE_METHOD	updateActivityStructure	implements updateActivityStructure	constructed/registered class method	pure/helper or effect determined by caller	RT-005,RT-006,RT-007,RT-008,RT-009,DB-002	DEFINITION_INDEXED	private function updateActivityStructure(array $a, array $input, $actorId, $newVersion)
SYM-0124	custom/mjlfinancement/class/mjlactivitycommand.class.php:535	SQL_SITE	UPDATE@535	executes or assembles UPDATE SQL	enclosing function/method or top-level handler	state/database/session mutation or transaction control	RT-005,RT-006,RT-007,RT-008,RT-009,DB-002	DEFINITION_INDEXED	"$sql = 'UPDATE '.$this->table('activity').' SET fk_partner='.(int) $input['partner_id'].',fk_project='.(int) $input['project_id']."",name='"".$this->db->escape($this->normalized($input['name'])).""',description='"".$this-..."
SYM-0125	custom/mjlfinancement/class/mjlactivitycommand.class.php:539	PRIVATE_METHOD	snapshot	implements snapshot	constructed/registered class method	pure/helper or effect determined by caller	RT-005,RT-006,RT-007,RT-008,RT-009,DB-002	DEFINITION_INDEXED	private function snapshot(array $a, array $ops, array $submitter, array $contributors)
SYM-0126	custom/mjlfinancement/class/mjlactivitycommand.class.php:541	SQL_SITE	SELECT@541	executes or assembles SELECT SQL	enclosing function/method or top-level handler	read/projection/decision	RT-005,RT-006,RT-007,RT-008,RT-009,DB-002	DEFINITION_INDEXED	$parentRes=$this->db->query('SELECT s.nom AS partner_label,p.ref AS project_ref,p.title AS project_label FROM '.$this->db->prefix().'societe s INNER JOIN '.$this->db->prefix().'projet p ON p.rowid='.(int)$a['fk_projec...
SYM-0127	custom/mjlfinancement/class/mjlactivitycommand.class.php:542	SQL_SITE	SELECT@542	executes or assembles SELECT SQL	enclosing function/method or top-level handler	read/projection/decision	RT-005,RT-006,RT-007,RT-008,RT-009,DB-002	DEFINITION_INDEXED	$assignments = array(); $res = $this->db->query('SELECT aa.fk_user,aa.is_primary,u.login,u.firstname,u.lastname,r.role_code FROM '.$this->table('activity_assignment').' aa INNER JOIN '.$this->db->prefix().'user u ON u...
SYM-0128	custom/mjlfinancement/class/mjlactivitycommand.class.php:550	PRIVATE_METHOD	structuralJson	implements structuralJson	constructed/registered class method	pure/helper or effect determined by caller	RT-005,RT-006,RT-007,RT-008,RT-009,DB-002	DEFINITION_INDEXED	private function structuralJson(array $a, array $ops)
SYM-0129	custom/mjlfinancement/class/mjlactivitycommand.class.php:556	PRIVATE_METHOD	insertRevision	implements insertRevision	constructed/registered class method	pure/helper or effect determined by caller	RT-005,RT-006,RT-007,RT-008,RT-009,DB-002	DEFINITION_INDEXED	private function insertRevision(array $a, $number, $activityVersion, $snapshot, $structuralHash, array $auth)
SYM-0130	custom/mjlfinancement/class/mjlactivitycommand.class.php:558	SQL_SITE	INSERT INTO@558	executes or assembles INSERT INTO SQL	enclosing function/method or top-level handler	state/database/session mutation or transaction control	RT-005,RT-006,RT-007,RT-008,RT-009,DB-002	DEFINITION_INDEXED	$sql = 'INSERT INTO '.$this->table('activity_revision').' (entity,fk_activity,revision_number,activity_version,schema_version,snapshot_json,structural_hash,integrity_hash,proposed_amount,fk_submitter,submitter_name_sn...
SYM-0131	custom/mjlfinancement/class/mjlactivitycommand.class.php:562	PRIVATE_METHOD	contributorIds	implements contributorIds	constructed/registered class method	pure/helper or effect determined by caller	RT-005,RT-006,RT-007,RT-008,RT-009,DB-002	DEFINITION_INDEXED	private function contributorIds(array $a, $number, $submitterId)
SYM-0132	custom/mjlfinancement/class/mjlactivitycommand.class.php:565	SQL_SITE	SELECT@565	executes or assembles SELECT SQL	enclosing function/method or top-level handler	read/projection/decision	RT-005,RT-006,RT-007,RT-008,RT-009,DB-002	DEFINITION_INDEXED	$res = $this->db->query('SELECT DISTINCT c.fk_user FROM '.$this->table('revision_contributor').' c INNER JOIN '.$this->table('activity_revision').' r ON r.rowid=c.fk_revision AND r.entity=c.entity WHERE c.entity='.$th...
SYM-0133	custom/mjlfinancement/class/mjlactivitycommand.class.php:566	SQL_SITE	SELECT@566	executes or assembles SELECT SQL	enclosing function/method or top-level handler	read/projection/decision	RT-005,RT-006,RT-007,RT-008,RT-009,DB-002	DEFINITION_INDEXED	"$res = $this->db->query('SELECT DISTINCT actor_id FROM '.$this->table('audit_event')."" WHERE entity="".$this->entity."" AND activity_id="".(int)$a['rowid']."" AND action='ACTIVITY_STRUCTURE_SAVED' AND actor_id IS NOT NULL..."
SYM-0134	custom/mjlfinancement/class/mjlactivitycommand.class.php:570	PRIVATE_METHOD	insertContributors	implements insertContributors	constructed/registered class method	pure/helper or effect determined by caller	RT-005,RT-006,RT-007,RT-008,RT-009,DB-002	DEFINITION_INDEXED	private function insertContributors(array $a, $revisionId, array $ids)
SYM-0135	custom/mjlfinancement/class/mjlactivitycommand.class.php:574	SQL_SITE	INSERT INTO@574	executes or assembles INSERT INTO SQL	enclosing function/method or top-level handler	state/database/session mutation or transaction control	RT-005,RT-006,RT-007,RT-008,RT-009,DB-002	DEFINITION_INDEXED	if(!$this->db->query('INSERT INTO '.$this->table('revision_contributor').' (entity,fk_activity,fk_revision,fk_user,user_name_snapshot,role_snapshot,date_creation) VALUES ('.$this->entity.','.(int)$a['rowid'].','.(int)...
SYM-0136	custom/mjlfinancement/class/mjlactivitycommand.class.php:578	PRIVATE_METHOD	loadContributorProfiles	implements loadContributorProfiles	constructed/registered class method	pure/helper or effect determined by caller	RT-005,RT-006,RT-007,RT-008,RT-009,DB-002	DEFINITION_INDEXED	private function loadContributorProfiles(array $ids)
SYM-0137	custom/mjlfinancement/class/mjlactivitycommand.class.php:581	SQL_SITE	SELECT@581	executes or assembles SELECT SQL	enclosing function/method or top-level handler	read/projection/decision	RT-005,RT-006,RT-007,RT-008,RT-009,DB-002	DEFINITION_INDEXED	$res=$this->db->query('SELECT u.rowid,u.login,u.firstname,u.lastname,r.role_code FROM '.$this->db->prefix().'user u LEFT JOIN '.$this->table('user_role').' r ON r.entity='.$this->entity.' AND r.fk_user=u.rowid AND r.i...
SYM-0138	custom/mjlfinancement/class/mjlactivitycommand.class.php:584	PRIVATE_METHOD	verifyRevision	implements verifyRevision	constructed/registered class method	pure/helper or effect determined by caller	RT-005,RT-006,RT-007,RT-008,RT-009,DB-002	DEFINITION_INDEXED	private function verifyRevision(array $revision)
SYM-0139	custom/mjlfinancement/class/mjlactivitycommand.class.php:589	SQL_SITE	SELECT@589	executes or assembles SELECT SQL	enclosing function/method or top-level handler	read/projection/decision	RT-005,RT-006,RT-007,RT-008,RT-009,DB-002	DEFINITION_INDEXED	$actual=array(); $res=$this->db->query('SELECT fk_user,user_name_snapshot,role_snapshot FROM '.$this->table('revision_contributor').' WHERE entity='.$this->entity.' AND fk_revision='.(int)$revision['rowid'].' ORDER BY...
SYM-0140	custom/mjlfinancement/class/mjlactivitycommand.class.php:593	PRIVATE_METHOD	insertDecision	implements insertDecision	constructed/registered class method	pure/helper or effect determined by caller	RT-005,RT-006,RT-007,RT-008,RT-009,DB-002	DEFINITION_INDEXED	private function insertDecision(array $a,array $r,array $auth,$stage,$decision,$reason,$requested,$prevalidation)
SYM-0141	custom/mjlfinancement/class/mjlactivitycommand.class.php:595	SQL_SITE	INSERT INTO@595	executes or assembles INSERT INTO SQL	enclosing function/method or top-level handler	state/database/session mutation or transaction control	RT-005,RT-006,RT-007,RT-008,RT-009,DB-002	DEFINITION_INDEXED	$sql='INSERT INTO '.$this->table('review_decision').' (entity,fk_activity,fk_revision,stage,decision_type,fk_actor,actor_name_snapshot,actor_role_snapshot,reason,requested_amount,fk_prevalidation_decision,state_before...
SYM-0142	custom/mjlfinancement/class/mjlactivitycommand.class.php:599	PRIVATE_METHOD	validStructure	implements validStructure	constructed/registered class method	pure/helper or effect determined by caller	RT-005,RT-006,RT-007,RT-008,RT-009,DB-002	DEFINITION_INDEXED	private function validStructure(array $input, $requireOperation)
SYM-0143	custom/mjlfinancement/class/mjlactivitycommand.class.php:606	PRIVATE_METHOD	decimalId	implements decimalId	constructed/registered class method	read/projection/decision	RT-005,RT-006,RT-007,RT-008,RT-009,DB-002	DEFINITION_INDEXED	private function decimalId($v){return is_string($v)&&preg_match('/^[1-9][0-9]*$/',$v)===1&&strlen($v)<=19&&(strlen($v)<19||strcmp($v,'9223372036854775807')<=0);}
SYM-0144	custom/mjlfinancement/class/mjlactivitycommand.class.php:607	PRIVATE_METHOD	decimalAmount	implements decimalAmount	constructed/registered class method	read/projection/decision	RT-005,RT-006,RT-007,RT-008,RT-009,DB-002	DEFINITION_INDEXED	private function decimalAmount($v,$zero=true){return is_string($v)&&preg_match($zero?'/^(0|[1-9][0-9]*)$/':'/^[1-9][0-9]*$/',$v)===1&&strlen($v)<=19&&(strlen($v)<19||strcmp($v,'9223372036854775807')<=0);}
SYM-0145	custom/mjlfinancement/class/mjlactivitycommand.class.php:608	PRIVATE_METHOD	text	implements text	constructed/registered class method	read/projection/decision	RT-005,RT-006,RT-007,RT-008,RT-009,DB-002	DEFINITION_INDEXED	private function text($v,$max,$required){return is_string($v)&&preg_match('//u',$v)===1&&!preg_match('/[\x00-\x08\x0B\x0C\x0E-\x1F\x7F]/',$v)&&mb_strlen($v,'UTF-8')<=$max&&(!$required||trim($v)!=='');}
SYM-0146	custom/mjlfinancement/class/mjlactivitycommand.class.php:609	PRIVATE_METHOD	normalized	implements normalized	constructed/registered class method	pure/helper or effect determined by caller	RT-005,RT-006,RT-007,RT-008,RT-009,DB-002	DEFINITION_INDEXED	private function normalized($v){return class_exists('Normalizer')?Normalizer::normalize($v,Normalizer::FORM_C):$v;}
SYM-0147	custom/mjlfinancement/class/mjlactivitycommand.class.php:610	PRIVATE_METHOD	date	implements date	constructed/registered class method	read/projection/decision	RT-005,RT-006,RT-007,RT-008,RT-009,DB-002	DEFINITION_INDEXED	private function date($v){if(!is_string($v)||preg_match('/^\d{4}-\d{2}-\d{2}$/',$v)!==1)return false;$d=DateTimeImmutable::createFromFormat('!Y-m-d',$v,new DateTimeZone('Africa/Porto-Novo'));return $d&&$d->format('Y-m-d')===$v;}
SYM-0148	custom/mjlfinancement/class/mjlactivitycommand.class.php:611	PRIVATE_METHOD	future	implements future	constructed/registered class method	pure/helper or effect determined by caller	RT-005,RT-006,RT-007,RT-008,RT-009,DB-002	DEFINITION_INDEXED	private function future($date){$calendar=$this->calendar;return (string)$calendar()<(string)$date;}
SYM-0149	custom/mjlfinancement/class/mjlactivitycommand.class.php:612	PRIVATE_METHOD	balanced	implements balanced	constructed/registered class method	pure/helper or effect determined by caller	RT-005,RT-006,RT-007,RT-008,RT-009,DB-002	DEFINITION_INDEXED	private function balanced(array $a,array $ops){if(!count($ops)||!$this->decimalAmount((string)$a['draft_authorized_amount'],false))return false;$sum='0';foreach($ops as $op){if(!$this->decimalAmount((string)$op['authorized_amount'],false))return false;$sum=$this->decimalAdd($sum,(string)$op['authorized_amount']);if($sum===false)return false;}return $sum===(string)$a['draft_authorized_amount'];}
SYM-0150	custom/mjlfinancement/class/mjlactivitycommand.class.php:613	PRIVATE_METHOD	decimalAdd	implements decimalAdd	constructed/registered class method	pure/helper or effect determined by caller	RT-005,RT-006,RT-007,RT-008,RT-009,DB-002	DEFINITION_INDEXED	private function decimalAdd($a,$b){$carry=0;$out='';$i=strlen($a)-1;$j=strlen($b)-1;while($i>=0||$j>=0||$carry){$n=($i>=0?(int)$a[$i--]:0)+($j>=0?(int)$b[$j--]:0)+$carry;$out=($n%10).$out;$carry=intdiv($n,10);}return strlen($out)>19||(strlen($out)===19&&strcmp($out,'9223372036854775807')>0)?false:$out;}
SYM-0151	custom/mjlfinancement/class/mjlactivitycommand.class.php:614	PRIVATE_METHOD	table	implements table	constructed/registered class method	pure/helper or effect determined by caller	RT-005,RT-006,RT-007,RT-008,RT-009,DB-002	DEFINITION_INDEXED	private function table($suffix){return $this->db->prefix().'mjlfinancement_'.$suffix;}
SYM-0152	custom/mjlfinancement/class/mjlactivitycommand.class.php:615	PRIVATE_METHOD	isAssigned	implements isAssigned	constructed/registered class method	read/projection/decision	RT-005,RT-006,RT-007,RT-008,RT-009,DB-002	DEFINITION_INDEXED	private function isAssigned($activity,$user){return (int)mjl_rst005_scalar($this->db,'SELECT COUNT(*) FROM '.$this->table('activity_assignment').' WHERE entity='.$this->entity.' AND fk_activity='.(int)$activity.' AND fk_user='.(int)$user.' AND date_end IS NULL')===1;}
SYM-0153	custom/mjlfinancement/class/mjlactivitycommand.class.php:616	PRIVATE_METHOD	currentAssignmentCount	implements currentAssignmentCount	constructed/registered class method	read/projection/decision	RT-005,RT-006,RT-007,RT-008,RT-009,DB-002	DEFINITION_INDEXED	private function currentAssignmentCount($activity){return (int)mjl_rst005_scalar($this->db,'SELECT COUNT(*) FROM '.$this->table('activity_assignment').' WHERE entity='.$this->entity.' AND fk_activity='.(int)$activity.' AND date_end IS NULL');}
SYM-0154	custom/mjlfinancement/class/mjlactivitycommand.class.php:617	PRIVATE_METHOD	eligibleAgent	implements eligibleAgent	constructed/registered class method	read/projection/decision	RT-005,RT-006,RT-007,RT-008,RT-009,DB-002	DEFINITION_INDEXED	"private function eligibleAgent($id){return (int)mjl_rst005_scalar($this->db,'SELECT COUNT(*) FROM '.$this->db->prefix().'user u INNER JOIN '.$this->table('user_role')."" r ON r.entity=u.entity AND r.fk_user=u.rowid AND r.is_active=1 AND r.role_code='AGENT_SAISIE' WHERE u.rowid="".(int)$id.' AND u.entity='.$this->entity.' AND u.statut=1 AND u.admin=0')===1;}"
SYM-0155	custom/mjlfinancement/class/mjlactivitycommand.class.php:618	PRIVATE_METHOD	insertAssignment	implements insertAssignment	constructed/registered class method	state/database/session mutation or transaction control	RT-005,RT-006,RT-007,RT-008,RT-009,DB-002	DEFINITION_INDEXED	"private function insertAssignment($activity,$agent,$primary,$actor,$reason){return (bool)$this->db->query('INSERT INTO '.$this->table('activity_assignment').' (entity,fk_activity,fk_user,is_primary,date_start,date_end,fk_user_assign,reason,date_creation) VALUES ('.$this->entity.','.(int)$activity.','.(int)$agent.','.($primary?1:0).',NOW(),NULL,'.(int)$actor."",'"".$this->db->escape($reason).""',NOW())"");}"
SYM-0156	custom/mjlfinancement/class/mjlactivitycommand.class.php:618	SQL_SITE	INSERT INTO@618	executes or assembles INSERT INTO SQL	enclosing function/method or top-level handler	state/database/session mutation or transaction control	RT-005,RT-006,RT-007,RT-008,RT-009,DB-002	DEFINITION_INDEXED	private function insertAssignment($activity,$agent,$primary,$actor,$reason){return (bool)$this->db->query('INSERT INTO '.$this->table('activity_assignment').' (entity,fk_activity,fk_user,is_primary,date_start,date_end...
SYM-0157	custom/mjlfinancement/class/mjlactivitycommand.class.php:619	PRIVATE_METHOD	endAllAssignments	implements endAllAssignments	constructed/registered class method	state/database/session mutation or transaction control	RT-005,RT-006,RT-007,RT-008,RT-009,DB-002	DEFINITION_INDEXED	private function endAllAssignments($activity){return (bool)$this->db->query('UPDATE '.$this->table('activity_assignment').' SET date_end=NOW() WHERE entity='.$this->entity.' AND fk_activity='.(int)$activity.' AND date_end IS NULL');}
SYM-0158	custom/mjlfinancement/class/mjlactivitycommand.class.php:619	SQL_SITE	UPDATE@619	executes or assembles UPDATE SQL	enclosing function/method or top-level handler	state/database/session mutation or transaction control	RT-005,RT-006,RT-007,RT-008,RT-009,DB-002	DEFINITION_INDEXED	private function endAllAssignments($activity){return (bool)$this->db->query('UPDATE '.$this->table('activity_assignment').' SET date_end=NOW() WHERE entity='.$this->entity.' AND fk_activity='.(int)$activity.' AND date...
SYM-0159	custom/mjlfinancement/class/mjlactivitycommand.class.php:620	PRIVATE_METHOD	nextRevisionNumber	implements nextRevisionNumber	constructed/registered class method	state/database/session mutation or transaction control	RT-005,RT-006,RT-007,RT-008,RT-009,DB-002	DEFINITION_INDEXED	private function nextRevisionNumber($activity){return 1+(int)mjl_rst005_scalar($this->db,'SELECT COALESCE(MAX(revision_number),0) FROM '.$this->table('activity_revision').' WHERE entity='.$this->entity.' AND fk_activity='.(int)$activity.' FOR UPDATE');}
SYM-0160	custom/mjlfinancement/class/mjlactivitycommand.class.php:621	PRIVATE_METHOD	currentRevision	implements currentRevision	constructed/registered class method	pure/helper or effect determined by caller	RT-005,RT-006,RT-007,RT-008,RT-009,DB-002	DEFINITION_INDEXED	private function currentRevision(array $a){if(empty($a['fk_current_revision']))return array();return $this->lockRevision($a['rowid'],$a['fk_current_revision']);}
SYM-0161	custom/mjlfinancement/class/mjlactivitycommand.class.php:622	PRIVATE_METHOD	lockRevision	implements lockRevision	constructed/registered class method	state/database/session mutation or transaction control	RT-005,RT-006,RT-007,RT-008,RT-009,DB-002	DEFINITION_INDEXED	private function lockRevision($activity,$revision){$res=$this->db->query('SELECT * FROM '.$this->table('activity_revision').' WHERE entity='.$this->entity.' AND fk_activity='.(int)$activity.' AND rowid='.(int)$revision.' FOR UPDATE');$row=$res?$this->db->fetch_object($res):null;return $row?(array)$row:array();}
SYM-0162	custom/mjlfinancement/class/mjlactivitycommand.class.php:622	SQL_SITE	SELECT@622	executes or assembles SELECT SQL	enclosing function/method or top-level handler	read/projection/decision	RT-005,RT-006,RT-007,RT-008,RT-009,DB-002	DEFINITION_INDEXED	private function lockRevision($activity,$revision){$res=$this->db->query('SELECT * FROM '.$this->table('activity_revision').' WHERE entity='.$this->entity.' AND fk_activity='.(int)$activity.' AND rowid='.(int)$revisio...
SYM-0163	custom/mjlfinancement/class/mjlactivitycommand.class.php:623	PRIVATE_METHOD	isContributor	implements isContributor	constructed/registered class method	read/projection/decision	RT-005,RT-006,RT-007,RT-008,RT-009,DB-002	DEFINITION_INDEXED	private function isContributor($revision,$user){return (int)mjl_rst005_scalar($this->db,'SELECT COUNT(*) FROM '.$this->table('revision_contributor').' WHERE entity='.$this->entity.' AND fk_revision='.(int)$revision.' AND fk_user='.(int)$user)===1;}
SYM-0164	custom/mjlfinancement/class/mjlactivitycommand.class.php:624	PRIVATE_METHOD	prevalidation	implements prevalidation	constructed/registered class method	state/database/session mutation or transaction control	RT-005,RT-006,RT-007,RT-008,RT-009,DB-002	DEFINITION_INDEXED	"private function prevalidation($revision){$res=$this->db->query('SELECT rowid,fk_actor FROM '.$this->table('review_decision')."" WHERE entity="".$this->entity.' AND fk_revision='.(int)$revision."" AND stage='SUPERVISOR' AND decision_type='PREVALIDATED' FOR UPDATE"");$row=$res?$this->db->fetch_object($res):null;return $row?(array)$row:array();}"
SYM-0165	custom/mjlfinancement/class/mjlactivitycommand.class.php:624	SQL_SITE	SELECT@624	executes or assembles SELECT SQL	enclosing function/method or top-level handler	read/projection/decision	RT-005,RT-006,RT-007,RT-008,RT-009,DB-002	DEFINITION_INDEXED	"private function prevalidation($revision){$res=$this->db->query('SELECT rowid,fk_actor FROM '.$this->table('review_decision')."" WHERE entity="".$this->entity.' AND fk_revision='.(int)$revision."" AND stage='SUPERVISOR' ..."
SYM-0166	custom/mjlfinancement/class/mjlactivitycommand.class.php:625	PRIVATE_METHOD	validatorReturnAllowsAmount	implements validatorReturnAllowsAmount	constructed/registered class method	state/database/session mutation or transaction control	RT-005,RT-006,RT-007,RT-008,RT-009,DB-002	DEFINITION_INDEXED	"private function validatorReturnAllowsAmount(array $prior,$amount){$res=$this->db->query('SELECT requested_amount FROM '.$this->table('review_decision')."" WHERE entity="".$this->entity.' AND fk_revision='.(int)$prior['rowid']."" AND decision_type='RETURNED_VALIDATOR' FOR UPDATE"");$row=$res?$this->db->fetch_object($res):null;return $row&&($row->requested_amount!==null||(string)$prior['proposed_amount']===(string)$amount);}"
SYM-0167	custom/mjlfinancement/class/mjlactivitycommand.class.php:625	SQL_SITE	SELECT@625	executes or assembles SELECT SQL	enclosing function/method or top-level handler	read/projection/decision	RT-005,RT-006,RT-007,RT-008,RT-009,DB-002	DEFINITION_INDEXED	"private function validatorReturnAllowsAmount(array $prior,$amount){$res=$this->db->query('SELECT requested_amount FROM '.$this->table('review_decision')."" WHERE entity="".$this->entity.' AND fk_revision='.(int)$prior['..."
SYM-0168	custom/mjlfinancement/class/mjlactivitycommand.class.php:626	PRIVATE_METHOD	operationById	implements operationById	constructed/registered class method	pure/helper or effect determined by caller	RT-005,RT-006,RT-007,RT-008,RT-009,DB-002	DEFINITION_INDEXED	private function operationById(array $operations,$id){foreach($operations as$operation)if((string)$operation['rowid']===(string)$id)return$operation;return array();}
SYM-0169	custom/mjlfinancement/class/mjlactivitycommand.class.php:627	PRIVATE_METHOD	replaceOperation	implements replaceOperation	constructed/registered class method	pure/helper or effect determined by caller	RT-005,RT-006,RT-007,RT-008,RT-009,DB-002	DEFINITION_INDEXED	private function replaceOperation(array $operations,array $replacement){foreach($operations as$index=>$operation)if((string)$operation['rowid']===(string)$replacement['rowid']){$operations[$index]=$replacement;break;}return$operations;}
SYM-0170	custom/mjlfinancement/class/mjlactivitycommand.class.php:628	PRIVATE_METHOD	executionTransitionAllowed	implements executionTransitionAllowed	constructed/registered class method	pure/helper or effect determined by caller	RT-005,RT-006,RT-007,RT-008,RT-009,DB-002	DEFINITION_INDEXED	private function executionTransitionAllowed($before,$after){return($before==='TODO'&&in_array($after,array('TODO','IN_PROGRESS','COMPLETED'),true))||($before==='IN_PROGRESS'&&in_array($after,array('IN_PROGRESS','COMPLETED'),true));}
SYM-0171	custom/mjlfinancement/class/mjlactivitycommand.class.php:629	PRIVATE_METHOD	operationSetHash	implements operationSetHash	constructed/registered class method	read/projection/decision	RT-005,RT-006,RT-007,RT-008,RT-009,DB-002	DEFINITION_INDEXED	private function operationSetHash(array $operations){$rows=array();foreach($operations as$operation)$rows[]=array('id'=>(string)$operation['rowid'],'version'=>(string)$operation['version'],'status'=>(string)$operation['status']);return hash('sha256',json_encode($rows,JSON_UNESCAPED_SLASHES));}
SYM-0172	custom/mjlfinancement/class/mjlactivitycommand.class.php:630	PRIVATE_METHOD	readOperationPremise	implements readOperationPremise	constructed/registered class method	read/projection/decision	RT-005,RT-006,RT-007,RT-008,RT-009,DB-002	DEFINITION_INDEXED	private function readOperationPremise($operationId){$res=$this->db->query('SELECT fk_activity FROM '.$this->table('operation').' WHERE entity='.$this->entity.' AND rowid='.(int)$operationId.' AND date_removed IS NULL');if(!$res)return false;$row=$this->db->fetch_object($res);return$row?(array)$row:array();}
SYM-0173	custom/mjlfinancement/class/mjlactivitycommand.class.php:630	SQL_SITE	SELECT@630	executes or assembles SELECT SQL	enclosing function/method or top-level handler	read/projection/decision	RT-005,RT-006,RT-007,RT-008,RT-009,DB-002	DEFINITION_INDEXED	private function readOperationPremise($operationId){$res=$this->db->query('SELECT fk_activity FROM '.$this->table('operation').' WHERE entity='.$this->entity.' AND rowid='.(int)$operationId.' AND date_removed IS NULL'...
SYM-0174	custom/mjlfinancement/class/mjlactivitycommand.class.php:631	PRIVATE_METHOD	readRequestPremise	implements readRequestPremise	constructed/registered class method	read/projection/decision	RT-005,RT-006,RT-007,RT-008,RT-009,DB-002	DEFINITION_INDEXED	private function readRequestPremise($suffix,$requestId){$res=$this->db->query('SELECT fk_activity FROM '.$this->table($suffix).' WHERE entity='.$this->entity.' AND rowid='.(int)$requestId);if(!$res)return false;$row=$this->db->fetch_object($res);return$row?(array)$row:array();}
SYM-0175	custom/mjlfinancement/class/mjlactivitycommand.class.php:631	SQL_SITE	SELECT@631	executes or assembles SELECT SQL	enclosing function/method or top-level handler	read/projection/decision	RT-005,RT-006,RT-007,RT-008,RT-009,DB-002	DEFINITION_INDEXED	private function readRequestPremise($suffix,$requestId){$res=$this->db->query('SELECT fk_activity FROM '.$this->table($suffix).' WHERE entity='.$this->entity.' AND rowid='.(int)$requestId);if(!$res)return false;$row=$...
SYM-0176	custom/mjlfinancement/class/mjlactivitycommand.class.php:632	PRIVATE_METHOD	lockRequest	implements lockRequest	constructed/registered class method	state/database/session mutation or transaction control	RT-005,RT-006,RT-007,RT-008,RT-009,DB-002	DEFINITION_INDEXED	private function lockRequest($suffix,$requestId){$res=$this->db->query('SELECT * FROM '.$this->table($suffix).' WHERE entity='.$this->entity.' AND rowid='.(int)$requestId.' FOR UPDATE');if(!$res)return false;$row=$this->db->fetch_object($res);return$row?(array)$row:array();}
SYM-0177	custom/mjlfinancement/class/mjlactivitycommand.class.php:632	SQL_SITE	SELECT@632	executes or assembles SELECT SQL	enclosing function/method or top-level handler	state/database/session mutation or transaction control	RT-005,RT-006,RT-007,RT-008,RT-009,DB-002	DEFINITION_INDEXED	private function lockRequest($suffix,$requestId){$res=$this->db->query('SELECT * FROM '.$this->table($suffix).' WHERE entity='.$this->entity.' AND rowid='.(int)$requestId.' FOR UPDATE');if(!$res)return false;$row=$thi...
SYM-0178	custom/mjlfinancement/class/mjlactivitycommand.class.php:633	PRIVATE_METHOD	hasPendingCancellation	implements hasPendingCancellation	constructed/registered class method	state/database/session mutation or transaction control	RT-005,RT-006,RT-007,RT-008,RT-009,DB-002	DEFINITION_INDEXED	"private function hasPendingCancellation($targetType,$targetId){return(int)mjl_rst005_scalar($this->db,'SELECT COUNT(*) FROM '.$this->table('cancellation_request')."" WHERE entity="".$this->entity."" AND target_type='"".$this->db->escape($targetType).""' AND target_id="".(int)$targetId."" AND status='PENDING' FOR UPDATE"")>0;}"
SYM-0179	custom/mjlfinancement/class/mjlactivitycommand.class.php:634	PRIVATE_METHOD	hasPendingOperationException	implements hasPendingOperationException	constructed/registered class method	state/database/session mutation or transaction control	RT-005,RT-006,RT-007,RT-008,RT-009,DB-002	DEFINITION_INDEXED	"private function hasPendingOperationException($operationId){$cancel=(int)mjl_rst005_scalar($this->db,'SELECT COUNT(*) FROM '.$this->table('cancellation_request')."" WHERE entity="".$this->entity."" AND target_type='OPERATION' AND target_id="".(int)$operationId."" AND status='PENDING' FOR UPDATE"");$reopen=(int)mjl_rst005_scalar($this->db,'SELECT COUNT(*) FROM '.$this->table('reopening_request').' WHERE entity='.$this->entity.' AND fk_operation='.(int)$operationId."" AND status='PENDING' FOR UPDATE"");return$cancel+$reopen>0;}"
SYM-0180	custom/mjlfinancement/class/mjlactivitycommand.class.php:635	PRIVATE_METHOD	closeRequest	implements closeRequest	constructed/registered class method	state/database/session mutation or transaction control	RT-005,RT-006,RT-007,RT-008,RT-009,DB-002	DEFINITION_INDEXED	"private function closeRequest($suffix,array$request,array$auth,$status,$reason){$sql='UPDATE '.$this->table($suffix)."" SET status='"".$this->db->escape($status).""',fk_reviewer="".$auth['id']."",reviewer_name_snapshot='"".$this->db->escape($auth['name']).""',reviewer_role_snapshot='VALIDATEUR_DEFINITIF',decision_reason='"".$this->db->escape($reason).""',date_decision=NOW(),version=version+1 WHERE entity="".$this->entity.' AND rowid='.(int)$request['rowid'].' AND version='.(int)$request['version']."" AND status='PENDING'"";$res=$this->db->query($sql);return$res&&$this->db->affected_rows($res)===1;}"
SYM-0181	custom/mjlfinancement/class/mjlactivitycommand.class.php:635	SQL_SITE	UPDATE@635	executes or assembles UPDATE SQL	enclosing function/method or top-level handler	state/database/session mutation or transaction control	RT-005,RT-006,RT-007,RT-008,RT-009,DB-002	DEFINITION_INDEXED	"private function closeRequest($suffix,array$request,array$auth,$status,$reason){$sql='UPDATE '.$this->table($suffix)."" SET status='"".$this->db->escape($status).""',fk_reviewer="".$auth['id']."",reviewer_name_snapshot='""...."
SYM-0182	custom/mjlfinancement/class/mjlactivitycommand.class.php:636	PRIVATE_METHOD	withdrawException	implements withdrawException	constructed/registered class method	state/database/session mutation or transaction control	RT-005,RT-006,RT-007,RT-008,RT-009,DB-002	DEFINITION_INDEXED	"private function withdrawException($suffix,$action,$requestId,$expectedRequestVersion,User$actor){if(!$this->decimalId($requestId)||!$this->decimalId($expectedRequestVersion))return$this->outcome('INVALID_INPUT');$premise=$this->readRequestPremise($suffix,$requestId);if(!$premise)return$this->outcome($premise===false?'FAILED':'NOT_FOUND');$activityId=(int)$premise['fk_activity'];return$this->transaction(function()use($suffix,$action,$requestId,$expectedRequestVersion,$actor,$activityId){$auth=$this->lockActor($actor);$activity=$this->lockActivity($activityId);if(!$auth||$auth['role']!=='AGENT_SAISIE')return$this->reject('FORBIDDEN');if(!$activity)return$this->reject($activity===false?'FAILED':'NOT_FOUND');$assignments=$this->lockAssignments($activityId);$operations=$this->lockOperations($activityId);$request=$this->lockRequest($suffix,$requestId);if($assignments===false||$operations===false||!$request)return$this->reject($request===false?'FAILED':'NOT_FOUND');if(!$this->containsAssignment($assignments,$auth['id'])||(int)$request['fk_requester']!==$auth['id'])return$this->reject('FORBIDDEN');if($request['status']!=='PENDING'||(string)$request['version']!==(string)$expectedRequestVersion)return$this->reject('STALE_VERSION');$sql='UPDATE '.$this->table($suffix)."" SET status='WITHDRAWN',date_withdrawal=NOW(),version=version+1 WHERE entity="".$this->entity.' AND rowid='.(int)$requestId.' AND version='.(int)$expectedRequestVersion."" AND status='PENDING'"";$res=$this->db->query($sql);if(!$res||$this->db->affected_rows($res)!==1)return$this->reject('STALE_VERSION');$operationId=$suffix==='reopening_request'?(int)$request['fk_operation']:($request['target_type']==='OPERATION'?(int)$request['target_id']:null);if(!$this->auditExecution($activity,$actor,$action,'PENDING','WITHDRAWN',$request,array('request_id'=>(int)$requestId),$operationId,array('request_id'=>(int)$requestId),'',(int)$request['target_version']))return$this->reject('FAILED');return array_merge($this->accept($activityId,(int)$activity['version'],$activity['fk_current_revision']),array('request_id'=>(int)$requestId,'request_version'=>(int)$request['version']+1));},true);}"
SYM-0183	custom/mjlfinancement/class/mjlactivitycommand.class.php:636	SQL_SITE	UPDATE@636	executes or assembles UPDATE SQL	enclosing function/method or top-level handler	state/database/session mutation or transaction control	RT-005,RT-006,RT-007,RT-008,RT-009,DB-002	DEFINITION_INDEXED	private function withdrawException($suffix,$action,$requestId,$expectedRequestVersion,User$actor){if(!$this->decimalId($requestId)||!$this->decimalId($expectedRequestVersion))return$this->outcome('INVALID_INPUT');$pre...
SYM-0184	custom/mjlfinancement/class/mjlactivitycommand.class.php:637	PRIVATE_METHOD	synchronizeExecutionStatusBeforeMutation	implements synchronizeExecutionStatusBeforeMutation	constructed/registered class method	read/projection/decision	RT-005,RT-006,RT-007,RT-008,RT-009,DB-002	DEFINITION_INDEXED	private function synchronizeExecutionStatusBeforeMutation(array$activity,array$operations,$actor)
SYM-0185	custom/mjlfinancement/class/mjlactivitycommand.class.php:640	SQL_SITE	SELECT@640	executes or assembles SELECT SQL	enclosing function/method or top-level handler	read/projection/decision	RT-005,RT-006,RT-007,RT-008,RT-009,DB-002	DEFINITION_INDEXED	"$res=$this->db->query('SELECT state_after FROM '.$this->table('audit_event')."" WHERE entity="".$this->entity.' AND activity_id='.(int)$activity['rowid']."" AND action='ACTIVITY_EXECUTION_STATUS_CHANGED' AND result='SUCC..."
SYM-0186	custom/mjlfinancement/class/mjlactivitycommand.class.php:646	PRIVATE_METHOD	auditExecution	implements auditExecution	constructed/registered class method	audit/export evidence or artifact	RT-005,RT-006,RT-007,RT-008,RT-009,DB-002	DEFINITION_INDEXED	private function auditExecution(array$activity,$actor,$action,$before,$after,array$previous,array$new,$operationId=null,array$context=array(),$reason='',$targetVersion=null){if($targetVersion===null)$targetVersion=isset($previous['version'])?(int)$previous['version']:(int)$activity['version'];return mjl_audit_append_in_transaction($this->db,array('entity'=>$this->entity,'object_type'=>$operationId===null?'activity':'operation','object_id'=>$operationId===null?(int)$activity['rowid']:(int)$operationId,'object_ref'=>$activity['ref'],'activity_id'=>(int)$activity['rowid'],'operation_id'=>$operationId,'revision_id'=>!empty($activity['fk_current_revision'])?(int)$activity['fk_current_revision']:null,'actor'=>$actor,'action'=>$action,'state_before'=>$before?:null,'state_after'=>$after?:null,'reason'=>$reason?:null,'previous_values'=>$previous,'new_values'=>$new,'target_version'=>(int)$targetVersion,'result'=>'SUCCESS','context'=>$context))>0;}
SYM-0187	custom/mjlfinancement/class/mjlactivitycommand.class.php:647	PRIVATE_METHOD	appendExecutionStatusIfChanged	implements appendExecutionStatusIfChanged	constructed/registered class method	read/projection/decision	RT-005,RT-006,RT-007,RT-008,RT-009,DB-002	DEFINITION_INDEXED	private function appendExecutionStatusIfChanged(array$activity,$actor,$before,$after,$source){if($before===$after)return true;return$this->auditExecution($activity,$actor,'ACTIVITY_EXECUTION_STATUS_CHANGED',$before,$after,array('execution_status'=>$before),array('execution_status'=>$after),null,array('source'=>$source));}
SYM-0188	custom/mjlfinancement/class/mjlactivitycommand.class.php:648	PRIVATE_METHOD	simpleActivityUpdate	implements simpleActivityUpdate	constructed/registered class method	state/database/session mutation or transaction control	RT-005,RT-006,RT-007,RT-008,RT-009,DB-002	DEFINITION_INDEXED	private function simpleActivityUpdate(array $a,$version,$actor,$set){$res=$this->db->query('UPDATE '.$this->table('activity').' SET '.$set.',version='.(int)$version.',fk_user_modif='.(int)$actor.' WHERE entity='.$this->entity.' AND rowid='.(int)$a['rowid'].' AND version='.(int)$a['version']);return $res&&$this->db->affected_rows($res)===1;}
SYM-0189	custom/mjlfinancement/class/mjlactivitycommand.class.php:648	SQL_SITE	UPDATE@648	executes or assembles UPDATE SQL	enclosing function/method or top-level handler	state/database/session mutation or transaction control	RT-005,RT-006,RT-007,RT-008,RT-009,DB-002	DEFINITION_INDEXED	private function simpleActivityUpdate(array $a,$version,$actor,$set){$res=$this->db->query('UPDATE '.$this->table('activity').' SET '.$set.',version='.(int)$version.',fk_user_modif='.(int)$actor.' WHERE entity='.$this...
SYM-0190	custom/mjlfinancement/class/mjlactivitycommand.class.php:649	PRIVATE_METHOD	auditStructureFromRows	implements auditStructureFromRows	constructed/registered class method	read/projection/decision	RT-005,RT-006,RT-007,RT-008,RT-009,DB-002	DEFINITION_INDEXED	private function auditStructureFromRows(array $activity,array $operations){$items=array();foreach($operations as$operation)$items[]=array('name'=>(string)$operation['name'],'type_id'=>(int)$operation['fk_operation_type'],'authorized_amount'=>(string)$operation['authorized_amount']);return array('activity'=>array('partner_id'=>(int)$activity['fk_partner'],'project_id'=>(int)$activity['fk_project'],'name'=>(string)$activity['name'],'description'=>(string)$activity['description'],'date_start'=>(string)$activity['date_start'],'date_end'=>(string)$activity['date_end'],'authorized_amount'=>(string)$activity['draft_authorized_amount']),'operations'=>$items);}
SYM-0191	custom/mjlfinancement/class/mjlactivitycommand.class.php:650	PRIVATE_METHOD	auditStructureFromInput	implements auditStructureFromInput	constructed/registered class method	audit/export evidence or artifact	RT-005,RT-006,RT-007,RT-008,RT-009,DB-002	DEFINITION_INDEXED	private function auditStructureFromInput(array $input){$items=array();foreach($input['operations']as$operation)$items[]=array('name'=>$this->normalized($operation['name']),'type_id'=>(int)$operation['type_id'],'authorized_amount'=>(string)$operation['authorized_amount']);return array('activity'=>array('partner_id'=>(int)$input['partner_id'],'project_id'=>(int)$input['project_id'],'name'=>$this->normalized($input['name']),'description'=>$this->normalized($input['description']),'date_start'=>(string)$input['date_start'],'date_end'=>(string)$input['date_end'],'authorized_amount'=>(string)$input['authorized_amount']),'operations'=>$items);}
SYM-0192	custom/mjlfinancement/class/mjlactivitycommand.class.php:651	PRIVATE_METHOD	audit	implements audit	constructed/registered class method	audit/export evidence or artifact	RT-005,RT-006,RT-007,RT-008,RT-009,DB-002	DEFINITION_INDEXED	private function audit(array $a,User $actor,$action,$before,$after,array $context=array(),$reason='',array $previous=array(),array $new=array()){return mjl_audit_append_in_transaction($this->db,array('entity'=>$this->entity,'object_type'=>'activity','object_id'=>(int)$a['rowid'],'object_ref'=>$a['ref'],'activity_id'=>(int)$a['rowid'],'revision_id'=>!empty($context['revision_id'])?(int)$context['revision_id']:null,'actor'=>$actor,'action'=>$action,'state_before'=>$before,'state_after'=>$after,'reason'=>$reason?:null,'previous_values'=>$previous,'new_values'=>$new,'target_version'=>(int)$a['version'],'result'=>'SUCCESS','context'=>$context))>0;}
SYM-0193	custom/mjlfinancement/class/mjlactivitycommand.class.php:652	PRIVATE_METHOD	nullableText	implements nullableText	constructed/registered class method	pure/helper or effect determined by caller	RT-005,RT-006,RT-007,RT-008,RT-009,DB-002	DEFINITION_INDEXED	"private function nullableText($v){return $v===''?'NULL':""'"".$this->db->escape($v).""'"";}"
SYM-0194	custom/mjlfinancement/class/mjlactivitycommand.class.php:653	PRIVATE_METHOD	reject	implements reject	constructed/registered class method	pure/helper or effect determined by caller	RT-005,RT-006,RT-007,RT-008,RT-009,DB-002	DEFINITION_INDEXED	private function reject($code){$r=$this->outcome($code);$r['_rollback']=true;return $r;}
SYM-0195	custom/mjlfinancement/class/mjlactivitycommand.class.php:654	PRIVATE_METHOD	accept	implements accept	constructed/registered class method	state/database/session mutation or transaction control	RT-005,RT-006,RT-007,RT-008,RT-009,DB-002	DEFINITION_INDEXED	private function accept($id,$version,$revision=null){return array('code'=>'OK','activity_id'=>(int)$id,'version'=>(int)$version,'revision_id'=>$revision===null?null:(int)$revision);}
SYM-0196	custom/mjlfinancement/class/mjlactivitycommand.class.php:655	PRIVATE_METHOD	outcome	implements outcome	constructed/registered class method	pure/helper or effect determined by caller	RT-005,RT-006,RT-007,RT-008,RT-009,DB-002	DEFINITION_INDEXED	private function outcome($code){return array('code'=>in_array($code,self::OUTCOMES,true)?$code:'FAILED','activity_id'=>null,'version'=>null,'revision_id'=>null);}
SYM-0197	custom/mjlfinancement/class/mjlcancellationrequest.class.php:4	CLASS	MjlCancellationRequest	declares Mjl Cancellation Request module	constructed/registered class method	pure/helper or effect determined by caller	-	DEFINITION_INDEXED	class MjlCancellationRequest
SYM-0198	custom/mjlfinancement/class/mjlcancellationrequest.class.php:6	CONSTANT	TARGET_ACTIVITY	declares runtime vocabulary/configuration constant	constructed/registered class method	pure/helper or effect determined by caller	-	DEFINITION_INDEXED	const TARGET_ACTIVITY = 'ACTIVITY';
SYM-0199	custom/mjlfinancement/class/mjlcancellationrequest.class.php:7	CONSTANT	TARGET_OPERATION	declares runtime vocabulary/configuration constant	constructed/registered class method	pure/helper or effect determined by caller	-	DEFINITION_INDEXED	const TARGET_OPERATION = 'OPERATION';
SYM-0200	custom/mjlfinancement/class/mjlcancellationrequest.class.php:8	CONSTANT	PENDING	declares runtime vocabulary/configuration constant	constructed/registered class method	pure/helper or effect determined by caller	-	DEFINITION_INDEXED	const PENDING = 'PENDING';
SYM-0201	custom/mjlfinancement/class/mjlcancellationrequest.class.php:9	CONSTANT	APPROVED	declares runtime vocabulary/configuration constant	constructed/registered class method	pure/helper or effect determined by caller	-	DEFINITION_INDEXED	const APPROVED = 'APPROVED';
SYM-0202	custom/mjlfinancement/class/mjlcancellationrequest.class.php:10	CONSTANT	REJECTED	declares runtime vocabulary/configuration constant	constructed/registered class method	pure/helper or effect determined by caller	-	DEFINITION_INDEXED	const REJECTED = 'REJECTED';
SYM-0203	custom/mjlfinancement/class/mjlcancellationrequest.class.php:11	CONSTANT	WITHDRAWN	declares runtime vocabulary/configuration constant	constructed/registered class method	pure/helper or effect determined by caller	-	DEFINITION_INDEXED	const WITHDRAWN = 'WITHDRAWN';
SYM-0204	custom/mjlfinancement/class/mjlexecutionreconciler.class.php:6	CLASS	MjlExecutionReconciler	declares Mjl Execution Reconciler module	constructed/registered class method	pure/helper or effect determined by caller	RT-009,RT-015	DEFINITION_INDEXED	class MjlExecutionReconciler
SYM-0205	custom/mjlfinancement/class/mjlexecutionreconciler.class.php:12	PUBLIC_METHOD	__construct	implements   construct	constructed/registered class method	pure/helper or effect determined by caller	RT-009,RT-015	DEFINITION_INDEXED	public function __construct(DoliDB $db) { $this->db = $db; }
SYM-0206	custom/mjlfinancement/class/mjlexecutionreconciler.class.php:14	PUBLIC_METHOD	run	implements run	constructed/registered class method	pure/helper or effect determined by caller	RT-009,RT-015	BEHAVIOR_MAPPED	public function run()
SYM-0207	custom/mjlfinancement/class/mjlexecutionreconciler.class.php:22	SQL_SITE	SELECT@22	executes or assembles SELECT SQL	enclosing function/method or top-level handler	read/projection/decision	RT-009,RT-015	DEFINITION_INDEXED	$res = $this->db->query('SELECT rowid FROM '.$this->db->prefix().'mjlfinancement_activity WHERE entity='.$entity.' AND rowid>'.$cursor.' AND fk_current_revision IS NOT NULL ORDER BY rowid LIMIT 100');
SYM-0208	custom/mjlfinancement/class/mjlexport.class.php:11	CLASS	MjlExport	declares Mjl Export module	constructed/registered class method	audit/export evidence or artifact	RT-012	DEFINITION_INDEXED	class MjlExport
SYM-0209	custom/mjlfinancement/class/mjlexport.class.php:18	PUBLIC_METHOD	__construct	implements   construct	constructed/registered class method	pure/helper or effect determined by caller	RT-012	DEFINITION_INDEXED	public function __construct($db, $actor, $entity, $spoolRoot)
SYM-0210	custom/mjlfinancement/class/mjlexport.class.php:24	PRIVATE_METHOD	rows	implements rows	constructed/registered class method	read/projection/decision	RT-012	DEFINITION_INDEXED	private function rows($sql)
SYM-0211	custom/mjlfinancement/class/mjlexport.class.php:31	PRIVATE_METHOD	query	implements query	constructed/registered class method	audit/export evidence or artifact	RT-012	DEFINITION_INDEXED	private function query($sql) { if (!$this->db->query($sql)) throw new RuntimeException('EXPORT_DATABASE_FAILED'); }
SYM-0212	custom/mjlfinancement/class/mjlexport.class.php:32	PRIVATE_METHOD	literal	implements literal	constructed/registered class method	pure/helper or effect determined by caller	RT-012	DEFINITION_INDEXED	"private function literal($value) { return ""'"".$this->db->escape((string)$value).""'""; }"
SYM-0213	custom/mjlfinancement/class/mjlexport.class.php:34	PRIVATE_METHOD	identity	implements identity	constructed/registered class method	state/database/session mutation or transaction control	RT-012	DEFINITION_INDEXED	private function identity($lock)
SYM-0214	custom/mjlfinancement/class/mjlexport.class.php:52	PRIVATE_METHOD	requireReportRole	implements requireReportRole	constructed/registered class method	audit/export evidence or artifact	RT-012	DEFINITION_INDEXED	private function requireReportRole($type,$role)
SYM-0215	custom/mjlfinancement/class/mjlexport.class.php:57	PRIVATE_METHOD	requireCurrentScope	implements requireCurrentScope	constructed/registered class method	pure/helper or effect determined by caller	RT-012	DEFINITION_INDEXED	private function requireCurrentScope(array $ids,$role,$deadline)
SYM-0216	custom/mjlfinancement/class/mjlexport.class.php:73	PROTECTED_METHOD	createSpool	implements createSpool	constructed/registered class method	audit/export evidence or artifact	RT-012	DEFINITION_INDEXED	protected function createSpool($root) { return new MjlExportSpool($root); }
SYM-0217	custom/mjlfinancement/class/mjlexport.class.php:76	PUBLIC_METHOD	generate	implements generate	constructed/registered class method	HTTP/output/presentation	RT-012	BEHAVIOR_MAPPED	public function generate($type,$format,array $source,callable $builder)
SYM-0218	custom/mjlfinancement/class/mjlexport.class.php:126	SQL_SITE	INSERT INTO@126	executes or assembles INSERT INTO SQL	enclosing function/method or top-level handler	state/database/session mutation or transaction control	RT-012	DEFINITION_INDEXED	$this->query('INSERT INTO '.$this->db->prefix().'mjlfinancement_export_record ('.implode(',',array_keys($record)).') VALUES ('.implode(',',$values).')');
SYM-0219	custom/mjlfinancement/class/mjlexportspool.class.php:4	CLASS	MjlExportSpool	declares Mjl Export Spool module	constructed/registered class method	audit/export evidence or artifact	RT-012	DEFINITION_INDEXED	class MjlExportSpool
SYM-0220	custom/mjlfinancement/class/mjlexportspool.class.php:10	PUBLIC_METHOD	__construct	implements   construct	constructed/registered class method	pure/helper or effect determined by caller	RT-012	DEFINITION_INDEXED	public function __construct($root)
SYM-0221	custom/mjlfinancement/class/mjlexportspool.class.php:28	PRIVATE_METHOD	requirePrivate	implements requirePrivate	constructed/registered class method	pure/helper or effect determined by caller	RT-012	DEFINITION_INDEXED	private function requirePrivate($path,$directory)
SYM-0222	custom/mjlfinancement/class/mjlexportspool.class.php:34	PRIVATE_METHOD	removeAttempt	implements removeAttempt	constructed/registered class method	pure/helper or effect determined by caller	RT-012	DEFINITION_INDEXED	private function removeAttempt($path)
SYM-0223	custom/mjlfinancement/class/mjlexportspool.class.php:49	PRIVATE_METHOD	sweep	implements sweep	constructed/registered class method	pure/helper or effect determined by caller	RT-012	DEFINITION_INDEXED	private function sweep()
SYM-0224	custom/mjlfinancement/class/mjlexportspool.class.php:56	PUBLIC_METHOD	create	implements create	constructed/registered class method	state/database/session mutation or transaction control	RT-012	DEFINITION_INDEXED	public function create($format)
SYM-0225	custom/mjlfinancement/class/mjlexportspool.class.php:69	PROTECTED_METHOD	openArtifact	implements openArtifact	constructed/registered class method	pure/helper or effect determined by caller	RT-012	DEFINITION_INDEXED	protected function openArtifact($path) { return fopen($path,'rb'); }
SYM-0226	custom/mjlfinancement/class/mjlexportspool.class.php:72	PUBLIC_METHOD	detach	implements detach	constructed/registered class method	pure/helper or effect determined by caller	RT-012	DEFINITION_INDEXED	public function detach($path)
SYM-0227	custom/mjlfinancement/class/mjlexportspool.class.php:89	PUBLIC_METHOD	close	implements close	constructed/registered class method	pure/helper or effect determined by caller	RT-012	DEFINITION_INDEXED	public function close()
SYM-0228	custom/mjlfinancement/class/mjlmonitoring.class.php:8	CLASS	MjlMonitoring	declares Mjl Monitoring module	constructed/registered class method	pure/helper or effect determined by caller	RT-010	DEFINITION_INDEXED	class MjlMonitoring
SYM-0229	custom/mjlfinancement/class/mjlmonitoring.class.php:10	CONSTANT	SOURCE_LIMIT	declares runtime vocabulary/configuration constant	constructed/registered class method	pure/helper or effect determined by caller	RT-010	DEFINITION_INDEXED	const SOURCE_LIMIT = 5242880;
SYM-0230	custom/mjlfinancement/class/mjlmonitoring.class.php:17	PUBLIC_METHOD	__construct	implements   construct	constructed/registered class method	pure/helper or effect determined by caller	RT-010	DEFINITION_INDEXED	public function __construct($db, $actor, $entity, $date = null)
SYM-0231	custom/mjlfinancement/class/mjlmonitoring.class.php:25	PUBLIC_METHOD	role	implements role	constructed/registered class method	pure/helper or effect determined by caller	RT-010	DEFINITION_INDEXED	public function role() { return $this->role; }
SYM-0232	custom/mjlfinancement/class/mjlmonitoring.class.php:26	PUBLIC_METHOD	date	implements date	constructed/registered class method	pure/helper or effect determined by caller	RT-010	DEFINITION_INDEXED	public function date() { return $this->date; }
SYM-0233	custom/mjlfinancement/class/mjlmonitoring.class.php:27	PUBLIC_METHOD	rows	implements rows	constructed/registered class method	read/projection/decision	RT-010	DEFINITION_INDEXED	public function rows($sql)
SYM-0234	custom/mjlfinancement/class/mjlmonitoring.class.php:35	PRIVATE_METHOD	literal	implements literal	constructed/registered class method	pure/helper or effect determined by caller	RT-010	DEFINITION_INDEXED	"private function literal($v) { return ""'"".$this->db->escape((string)$v).""'""; }"
SYM-0235	custom/mjlfinancement/class/mjlmonitoring.class.php:36	PRIVATE_METHOD	table	implements table	constructed/registered class method	pure/helper or effect determined by caller	RT-010	DEFINITION_INDEXED	private function table($suffix) { return $this->db->prefix().'mjlfinancement_'.$suffix; }
SYM-0236	custom/mjlfinancement/class/mjlmonitoring.class.php:38	PUBLIC_METHOD	activityWhere	implements activityWhere	constructed/registered class method	read/projection/decision	RT-010	DEFINITION_INDEXED	public function activityWhere(array $filters)
SYM-0237	custom/mjlfinancement/class/mjlmonitoring.class.php:52	PUBLIC_METHOD	activities	implements activities	constructed/registered class method	read/projection/decision	RT-010	DEFINITION_INDEXED	public function activities(array $filters)
SYM-0238	custom/mjlfinancement/class/mjlmonitoring.class.php:78	PUBLIC_METHOD	operations	implements operations	constructed/registered class method	read/projection/decision	RT-010	DEFINITION_INDEXED	public function operations(array $activities,array $filters)
SYM-0239	custom/mjlfinancement/class/mjlmonitoring.class.php:90	PUBLIC_METHOD	reviewFacts	implements reviewFacts	constructed/registered class method	pure/helper or effect determined by caller	RT-010	DEFINITION_INDEXED	public function reviewFacts(array $activities)
SYM-0240	custom/mjlfinancement/class/mjlmonitoring.class.php:109	PUBLIC_METHOD	requests	implements requests	constructed/registered class method	read/projection/decision	RT-010	DEFINITION_INDEXED	public function requests(array $activities, $status='PENDING')
SYM-0241	custom/mjlfinancement/class/mjlmonitoring.class.php:142	PUBLIC_METHOD	auditWhere	implements auditWhere	constructed/registered class method	read/projection/decision	RT-010	DEFINITION_INDEXED	public function auditWhere(array $filters)
SYM-0242	custom/mjlfinancement/class/mjlmonitoring.class.php:155	PUBLIC_METHOD	audit	implements audit	constructed/registered class method	read/projection/decision	RT-010	DEFINITION_INDEXED	public function audit(array $filters, $export=false)
SYM-0243	custom/mjlfinancement/class/mjloperationtype.class.php:3	CLASS	MjlOperationType	declares Mjl Operation Type module	constructed/registered class method	pure/helper or effect determined by caller	RT-010,DB-002	DEFINITION_INDEXED	class MjlOperationType
SYM-0244	custom/mjlfinancement/class/mjloperationtype.class.php:8	PUBLIC_METHOD	__construct	implements   construct	constructed/registered class method	pure/helper or effect determined by caller	RT-010,DB-002	DEFINITION_INDEXED	public function __construct($db)
SYM-0245	custom/mjlfinancement/class/mjloperationtype.class.php:13	PUBLIC_METHOD	create	implements create	constructed/registered class method	state/database/session mutation or transaction control	RT-010,DB-002	DEFINITION_INDEXED	public function create($entity, $label, User $actor)
SYM-0246	custom/mjlfinancement/class/mjloperationtype.class.php:15	SQL_SITE	INSERT INTO@15	executes or assembles INSERT INTO SQL	enclosing function/method or top-level handler	state/database/session mutation or transaction control	RT-010,DB-002	DEFINITION_INDEXED	$sql = 'INSERT INTO '.$this->db->prefix().'mjlfinancement_operation_type (entity, label, is_active, date_creation, fk_user_creat) VALUES (';
SYM-0247	custom/mjlfinancement/class/mjloperationtype.class.php:24	PUBLIC_METHOD	updateLabel	implements updateLabel	constructed/registered class method	pure/helper or effect determined by caller	RT-010,DB-002	DEFINITION_INDEXED	public function updateLabel($id, $entity, $label, User $actor)
SYM-0248	custom/mjlfinancement/class/mjloperationtype.class.php:26	SQL_SITE	UPDATE@26	executes or assembles UPDATE SQL	enclosing function/method or top-level handler	state/database/session mutation or transaction control	RT-010,DB-002	DEFINITION_INDEXED	"$sql = 'UPDATE '.$this->db->prefix().""mjlfinancement_operation_type SET label = '"".$this->db->escape($label).""', fk_user_modif = "".((int) $actor->id);"
SYM-0249	custom/mjlfinancement/class/mjloperationtype.class.php:35	PUBLIC_METHOD	setActive	implements setActive	constructed/registered class method	pure/helper or effect determined by caller	RT-010,DB-002	DEFINITION_INDEXED	public function setActive($id, $entity, $active, User $actor)
SYM-0250	custom/mjlfinancement/class/mjloperationtype.class.php:37	SQL_SITE	UPDATE@37	executes or assembles UPDATE SQL	enclosing function/method or top-level handler	state/database/session mutation or transaction control	RT-010,DB-002	DEFINITION_INDEXED	$sql = 'UPDATE '.$this->db->prefix().'mjlfinancement_operation_type SET is_active = '.($active ? 1 : 0).', fk_user_modif = '.((int) $actor->id);
SYM-0251	custom/mjlfinancement/class/mjlreopeningrequest.class.php:4	CLASS	MjlReopeningRequest	declares Mjl Reopening Request module	constructed/registered class method	pure/helper or effect determined by caller	-	DEFINITION_INDEXED	class MjlReopeningRequest
SYM-0252	custom/mjlfinancement/class/mjlreopeningrequest.class.php:6	CONSTANT	PENDING	declares runtime vocabulary/configuration constant	constructed/registered class method	pure/helper or effect determined by caller	-	DEFINITION_INDEXED	const PENDING = 'PENDING';
SYM-0253	custom/mjlfinancement/class/mjlreopeningrequest.class.php:7	CONSTANT	APPROVED	declares runtime vocabulary/configuration constant	constructed/registered class method	pure/helper or effect determined by caller	-	DEFINITION_INDEXED	const APPROVED = 'APPROVED';
SYM-0254	custom/mjlfinancement/class/mjlreopeningrequest.class.php:8	CONSTANT	REJECTED	declares runtime vocabulary/configuration constant	constructed/registered class method	pure/helper or effect determined by caller	-	DEFINITION_INDEXED	const REJECTED = 'REJECTED';
SYM-0255	custom/mjlfinancement/class/mjlreopeningrequest.class.php:9	CONSTANT	WITHDRAWN	declares runtime vocabulary/configuration constant	constructed/registered class method	pure/helper or effect determined by caller	-	DEFINITION_INDEXED	const WITHDRAWN = 'WITHDRAWN';
SYM-0256	custom/mjlfinancement/core/modules/modMjlFinancement.class.php:9	CLASS	modMjlFinancement	declares mod Mjl Financement module	constructed/registered class method	pure/helper or effect determined by caller	DB-004,LIFE-001,LIFE-003,LIFE-004,RT-011	DEFINITION_INDEXED	class modMjlFinancement extends DolibarrModules
SYM-0257	custom/mjlfinancement/core/modules/modMjlFinancement.class.php:11	PUBLIC_METHOD	__construct	implements   construct	constructed/registered class method	pure/helper or effect determined by caller	DB-004,LIFE-001,LIFE-003,LIFE-004	DEFINITION_INDEXED	public function __construct($db)
SYM-0258	custom/mjlfinancement/core/modules/modMjlFinancement.class.php:97	PRIVATE_METHOD	addRight	implements addRight	constructed/registered class method	pure/helper or effect determined by caller	DB-004,LIFE-001,LIFE-003,LIFE-004	DEFINITION_INDEXED	private function addRight(&$r, $offset, $label, $perms, $subperms)
SYM-0259	custom/mjlfinancement/core/modules/modMjlFinancement.class.php:108	PUBLIC_METHOD	init	implements init	constructed/registered class method	pure/helper or effect determined by caller	DB-004,LIFE-001,LIFE-003,LIFE-004	BEHAVIOR_MAPPED	public function init($options = '')
SYM-0260	custom/mjlfinancement/core/modules/modMjlFinancement.class.php:128	SQL_SITE	DROP TABLE@128	executes or assembles DROP SQL	enclosing function/method or top-level handler	state/database/session mutation or transaction control	DB-004,LIFE-001,LIFE-003,LIFE-004	DEFINITION_INDEXED	if (mjl_rst002b_table_exists($this->db,$table) && !$this->db->query('DROP TABLE '.$table)) throw new RuntimeException('Unable to normalize the clean RST-006B bootstrap: '.$this->db->lasterror());
SYM-0261	custom/mjlfinancement/core/modules/modMjlFinancement.class.php:132	SQL_SITE	DROP TABLE@132	executes or assembles DROP SQL	enclosing function/method or top-level handler	state/database/session mutation or transaction control	DB-004,LIFE-001,LIFE-003,LIFE-004	DEFINITION_INDEXED	if (mjl_rst002b_table_exists($this->db,$table) && !$this->db->query('DROP TABLE '.$table)) throw new RuntimeException('Unable to normalize the clean RST-006A bootstrap: '.$this->db->lasterror());
SYM-0262	custom/mjlfinancement/core/modules/modMjlFinancement.class.php:187	SQL_SITE	SELECT@187	executes or assembles SELECT SQL	enclosing function/method or top-level handler	read/projection/decision	DB-004,LIFE-001,LIFE-003,LIFE-004	DEFINITION_INDEXED	"$this->db->query(""SELECT RELEASE_LOCK('"".$this->db->escape($lockName).""')"");"
SYM-0263	custom/mjlfinancement/core/modules/modMjlFinancement.class.php:191	PRIVATE_METHOD	disposableActivationFailureIsArmed	implements disposableActivationFailureIsArmed	constructed/registered class method	pure/helper or effect determined by caller	DB-004,LIFE-001,LIFE-003,LIFE-004	DEFINITION_INDEXED	private function disposableActivationFailureIsArmed()
SYM-0264	custom/mjlfinancement/core/modules/modMjlFinancement.class.php:193	SQL_SITE	SELECT@193	executes or assembles SELECT SQL	enclosing function/method or top-level handler	read/projection/decision	DB-004,LIFE-001,LIFE-003,LIFE-004	DEFINITION_INDEXED	"$sql = ""SELECT value FROM "".$this->db->prefix().""const WHERE name='MJL_RST_PHASE1_ACTIVATION_FAILURE_INJECTION'"";"
SYM-0265	custom/mjlfinancement/core/modules/modMjlFinancement.class.php:200	PRIVATE_METHOD	disposableRst005ActivationFailureIsArmed	implements disposableRst005ActivationFailureIsArmed	constructed/registered class method	pure/helper or effect determined by caller	DB-004,LIFE-001,LIFE-003,LIFE-004	DEFINITION_INDEXED	private function disposableRst005ActivationFailureIsArmed()
SYM-0266	custom/mjlfinancement/core/modules/modMjlFinancement.class.php:202	SQL_SITE	SELECT@202	executes or assembles SELECT SQL	enclosing function/method or top-level handler	read/projection/decision	DB-004,LIFE-001,LIFE-003,LIFE-004	DEFINITION_INDEXED	"$sql = ""SELECT value FROM "".$this->db->prefix().""const WHERE name='MJL_RST005_ACTIVATION_FAILURE_INJECTION'"";"
SYM-0267	custom/mjlfinancement/core/modules/modMjlFinancement.class.php:209	PRIVATE_METHOD	ensureRoleInvariantTriggers	implements ensureRoleInvariantTriggers	constructed/registered class method	pure/helper or effect determined by caller	DB-004,LIFE-001,LIFE-003,LIFE-004	DEFINITION_INDEXED	private function ensureRoleInvariantTriggers()
SYM-0268	custom/mjlfinancement/core/modules/modMjlFinancement.class.php:219	PRIVATE_METHOD	ensureLoginOtpSchema	implements ensureLoginOtpSchema	constructed/registered class method	pure/helper or effect determined by caller	DB-004,LIFE-001,LIFE-003,LIFE-004	DEFINITION_INDEXED	private function ensureLoginOtpSchema()
SYM-0269	custom/mjlfinancement/core/modules/modMjlFinancement.class.php:222	SQL_SITE	SELECT@222	executes or assembles SELECT SQL	enclosing function/method or top-level handler	read/projection/decision	DB-004,LIFE-001,LIFE-003,LIFE-004	DEFINITION_INDEXED	"$sql = ""SELECT COUNT(*) AS nb FROM information_schema.TABLES WHERE TABLE_SCHEMA=DATABASE() AND TABLE_NAME='"".$this->db->escape($table).""'"";"
SYM-0270	custom/mjlfinancement/core/modules/modMjlFinancement.class.php:236	SQL_SITE	CREATE@236	executes or assembles CREATE SQL	enclosing function/method or top-level handler	state/database/session mutation or transaction control	DB-004,LIFE-001,LIFE-003,LIFE-004	DEFINITION_INDEXED	return $this->db->query($create) ? 1 : -1;
SYM-0271	custom/mjlfinancement/core/modules/modMjlFinancement.class.php:239	PRIVATE_METHOD	ensureAuthInvariantTriggers	implements ensureAuthInvariantTriggers	constructed/registered class method	pure/helper or effect determined by caller	DB-004,LIFE-001,LIFE-003,LIFE-004	DEFINITION_INDEXED	private function ensureAuthInvariantTriggers()
SYM-0272	custom/mjlfinancement/core/modules/modMjlFinancement.class.php:257	PRIVATE_METHOD	ensureAuthStateConstraints	implements ensureAuthStateConstraints	constructed/registered class method	pure/helper or effect determined by caller	DB-004,LIFE-001,LIFE-003,LIFE-004	DEFINITION_INDEXED	private function ensureAuthStateConstraints()
SYM-0273	custom/mjlfinancement/core/modules/modMjlFinancement.class.php:269	SQL_SITE	SELECT@269	executes or assembles SELECT SQL	enclosing function/method or top-level handler	read/projection/decision	DB-004,LIFE-001,LIFE-003,LIFE-004	DEFINITION_INDEXED	"$sql = ""SELECT COUNT(*) AS nb FROM information_schema.TABLE_CONSTRAINTS WHERE CONSTRAINT_SCHEMA=DATABASE() AND TABLE_NAME='"".$this->db->escape($this->db->prefix().$table).""' AND CONSTRAINT_NAME='"".$this->db->escape($n..."
SYM-0274	custom/mjlfinancement/core/modules/modMjlFinancement.class.php:273	SQL_SITE	ALTER TABLE@273	executes or assembles ALTER SQL	enclosing function/method or top-level handler	state/database/session mutation or transaction control	DB-004,LIFE-001,LIFE-003,LIFE-004	DEFINITION_INDEXED	if ((int) $row->nb === 0 && !$this->db->query('ALTER TABLE '.$this->db->prefix().$table.' ADD CONSTRAINT '.$name.' CHECK '.$expression)) return -1;
SYM-0275	custom/mjlfinancement/core/modules/modMjlFinancement.class.php:278	PRIVATE_METHOD	ensureAuthFingerprintKey	implements ensureAuthFingerprintKey	constructed/registered class method	pure/helper or effect determined by caller	DB-004,LIFE-001,LIFE-003,LIFE-004	DEFINITION_INDEXED	private function ensureAuthFingerprintKey()
SYM-0276	custom/mjlfinancement/core/modules/modMjlFinancement.class.php:280	SQL_SITE	SELECT@280	executes or assembles SELECT SQL	enclosing function/method or top-level handler	read/projection/decision	DB-004,LIFE-001,LIFE-003,LIFE-004	DEFINITION_INDEXED	"$sql = 'SELECT rowid FROM '.$this->db->prefix().""const WHERE name='MJL_AUTH_FINGERPRINT_KEY' AND entity=0 LIMIT 1"";"
SYM-0277	custom/mjlfinancement/core/modules/modMjlFinancement.class.php:285	SQL_SITE	INSERT INTO@285	executes or assembles INSERT INTO SQL	enclosing function/method or top-level handler	state/database/session mutation or transaction control	DB-004,LIFE-001,LIFE-003,LIFE-004	DEFINITION_INDEXED	"$sql = 'INSERT INTO '.$this->db->prefix().""const (name,value,type,visible,note,entity) VALUES ('MJL_AUTH_FINGERPRINT_KEY','"".$this->db->escape($value).""','chaine',0,'HMAC key for non-reversible auth fingerprints',0)"";"
SYM-0278	custom/mjlfinancement/core/modules/modMjlFinancement.class.php:289	PUBLIC_METHOD	remove	implements remove	constructed/registered class method	pure/helper or effect determined by caller	DB-004,LIFE-001,LIFE-003,LIFE-004	BEHAVIOR_MAPPED	public function remove($options = '')
SYM-0279	custom/mjlfinancement/css/mjl_app.css.php:1	TOP_LEVEL_HANDLER	<top-level>	dispatches mjl_app.css.php top-level runtime behavior	HTTP or dynamic-asset request	HTTP/output/presentation	-	BEHAVIOR_MAPPED	<?php header('Content-Type: text/css; charset=UTF-8'); ?> #mainmenua_tools, #mainmenua_companies, #mainmenua_societe, #mainmenua_project, #mainmenua_projet, #mainmenua_ecm, #mainmenua_hrm, #mainmenua_expensereport, #mainmenua_billing,
SYM-0280	custom/mjlfinancement/css/mjl_auth.css.php:1	TOP_LEVEL_HANDLER	<top-level>	dispatches mjl_auth.css.php top-level runtime behavior	HTTP or dynamic-asset request	read/projection/decision	SEC-AUTH-001,SEC-AUTH-002,SEC-AUTH-003,SEC-AUTH-004,SEC-AUTH-005	BEHAVIOR_MAPPED	<?php header('Content-Type: text/css; charset=UTF-8'); ?> :root{--mjl-auth-navy:#16324f;--mjl-auth-blue:#164f7a;--mjl-auth-support:#7fb3d5;--mjl-auth-page:#f5f7f8;--mjl-auth-text:#202529;--mjl-auth-muted:#5c6870;--mjl-auth-border:#c8d0d5;--mjl-auth-error:#8a1c1c;--mjl-auth-error-bg:#fdecec;--mjl-auth-success:#17633a;--mjl-auth-success-bg:#e8f5ec} *{box-sizing:border-box}.mjl-auth-page{background:var(--mjl-auth-page);color:var(--mjl-auth-text);font-family:Inter,Arial,Helvetica,sans-serif;margin:0;min-height:100vh}.mjl-auth-shell{display:grid;grid-template-columns:minmax(260px,19.5vw) 1fr;min-height:100vh}.mjl-auth-sidebar{background:linear-gradient(180deg,#183957,var(--mjl-auth-navy));overflow:hidden;position:relative}.mjl-auth-sidebar span{border:1px solid rgba(127,179,213,.35);border-bottom:0;border-radius:180px 180px 0 0;bottom:-18%;height:80%;left:var(--left);position:absolute;transform:rotate(-14deg);width:60%}.mjl-auth-sidebar span:nth-child(1){--left:-13%;height:82%;width:112%}.mjl-auth-sidebar span:nth-child(2){--left:15%;height:72%;width:92%}.mjl-auth-sidebar span:nth-child(3){--left:39%;height:62%;width:76%}.mjl-auth-sidebar span:nth-child(4){--left:60%;height:52%;width:62%}.mjl-auth-content{display:grid;grid-template-rows:auto 1fr;min-width:0}.mjl-auth-header{align-items:center;display:flex;height:92px;padding:28px 36px}.mjl-auth-logo{align-items:center;color:var(--mjl-auth-navy);display:inline-flex;font-size:22px;gap:10px;text-decoration:none}.mjl-auth-logo span{align-items:center;background:var(--mjl-auth-navy);border-radius:9px;color:#fff;display:inline-flex;font-size:21px;font-weight:700;height:36px;justify-content:center;width:36px}.mjl-auth-main{align-items:center;display:flex;justify-content:center;padding:24px 32px 92px}.mjl-auth-panel{background:#fff;border:1px solid var(--mjl-auth-border);border-radius:16px;box-shadow:none;max-width:480px;padding:36px;width:100%}.mjl-auth-heading{margin-bottom:28px}.mjl-auth-heading h1{color:var(--mjl-auth-navy);font-size:28px;font-weight:700;letter-spacing:-.02em;line-height:1.2;margin:0}.mjl-auth-heading p{color:var(--mjl-auth-muted);font-size:15px;line-height:1.5;margin:12px 0 0}.mjl-auth-heading strong{color:#34414a;font-weight:500}.mjl-auth-field{margin:0 0 20px}.mjl-auth-field label{display:block;font-size:13px;font-weight:600;margin-bottom:8px}.mjl-auth-field input{background:#fff;border:1px solid #5c6870;border-radius:9px;color:var(--mjl-auth-text);font:inherit;height:46px;padding:10px 13px;width:100%}.mjl-auth-field input[aria-invalid=true]{border-color:var(--mjl-auth-error);box-shadow:0 0 0 1px var(--mjl-auth-error)}.mjl-auth-password{position:relative}.mjl-auth-password input{padding-right:48px}.mjl-auth-password button{align-items:center;background:transparent;border:0;color:var(--mjl-auth-muted);cursor:pointer;display:flex;height:44px;justify-content:center;position:absolute;right:1px;top:1px;width:44px}.mjl-auth-forgot{text-align:right;margin:-6px 0 26px}.mjl-auth-button{background:var(--mjl-auth-blue);border:1px solid var(--mjl-auth-blue);border-radius:8px;color:#fff;cursor:pointer;display:block;font:inherit;font-size:14px;font-weight:700;min-height:46px;padding:11px 16px;text-align:center;text-decoration:none;width:100%}.mjl-auth-button:disabled{background:#dfe6ea;border-color:#c8d0d5;color:#5c6870;cursor:not-allowed}.mjl-auth-link{background:transparent;border:0;color:var(--mjl-auth-blue);cursor:pointer;font:inherit;font-size:13px;font-weight:600;padding:0;text-decoration:none}.mjl-auth-message{border-radius:8px;font-size:14px;line-height:1.4;margin:0 0 20px;padding:11px 13px}.mjl-auth-message span{display:block}.mjl-auth-error{background:var(--mjl-auth-error-bg);color:var(--mjl-auth-error)}.mjl-auth-success{background:var(--mjl-auth-success-bg);color:var(--mjl-auth-success)}.mjl-auth-secondary{color:var(--mjl-auth-muted);font-size:13px;margin-top:26px;text-align:center}.mjl-auth-return{display:block;margin-top:26px;text-align:center}.mjl-otp-control{height:50px;position:relative}.mjl-otp-slots{align-items:center;display:grid;gap:7px;grid-template-columns:repeat(3,44px) 20px repeat(3,44px);justify-content:start}.mjl-otp-slots span{align-items:center;background:#fff;border:1px solid #5c6870;border-radius:8px;color:var(--mjl-auth-navy);display:flex;font-size:20px;font-weight:600;height:50px;justify-content:center}.mjl-otp-slots i{color:var(--mjl-auth-muted);font-style:normal;text-align:center}.mjl-otp-control input{background:transparent;border:0;color:transparent;height:50px;inset:0;letter-spacing:40px;opacity:.02;position:absolute;width:100%}.mjl-otp-control:focus-within .mjl-otp-slots span:first-of-type{outline:3px solid rgba(22,79,122,.22);outline-offset:1px}.mjl-password-rules{display:flex;flex-wrap:wrap;gap:7px;list-style:none;margin:4px 0 24px;padding:0}.mjl-password-rule{background:#fff;border:1px solid var(--mjl-auth-border);border-radius:6px;color:var(--mjl-auth-muted);font-size:12px;padding:5px 8px}.mjl-password-rule[data-valid=true]{background:#eaf3f8;border-color:var(--mjl-auth-support);color:var(--mjl-auth-blue)}.mjl-auth-readonly{background:#eaf3f8;border-radius:8px;color:var(--mjl-auth-text);font-size:14px;margin-bottom:24px;padding:12px 14px}.mjl-auth-readonly small{color:var(--mjl-auth-muted);display:block;margin-bottom:5px}.mjl-auth-field-error{color:var(--mjl-auth-error);display:block;font-size:12px;margin-top:6px}.mjl-auth-page :where(a,button,input):focus-visible{outline:3px solid var(--mjl-auth-support);outline-offset:3px}@media(hover:hover){.mjl-auth-button:hover{background:#123f62}.mjl-auth-link:hover{text-decoration:underline}}@media(max-width:760px){.mjl-auth-shell{display:block}.mjl-auth-sidebar{display:none}.mjl-auth-header{height:78px;padding:22px 20px}.mjl-auth-main{align-items:flex-start;padding:28px 16px 48px}.mjl-auth-panel{padding:28px 22px}.mjl-otp-slots{gap:5px;grid-template-columns:repeat(3,minmax(36px,44px)) 14px repeat(3,minmax(36px,44px));justify-content:center}}@media(forced-colors:active){.mjl-auth-button,.mjl-auth-logo span{forced-color-adjust:none}.mjl-password-rule[data-valid=true]{border-width:2px}}@media(prefers-reduced-motion:reduce){*{scroll-behavior:auto!important;transition:none!important}}
SYM-0281	custom/mjlfinancement/documentdownload.php:1	TOP_LEVEL_HANDLER	<top-level>	dispatches documentdownload.php top-level runtime behavior	HTTP or dynamic-asset request	HTTP/output/presentation	SEC-DOC-002	BEHAVIOR_MAPPED	<?php http_response_code(403); header('Content-Type: text/plain; charset=UTF-8'); header('Cache-Control: no-store'); header('X-Content-Type-Options: nosniff'); header('Referrer-Policy: same-origin'); echo 'Accès documentaire interdit.'; exit;
SYM-0282	custom/mjlfinancement/documents.php:1	TOP_LEVEL_HANDLER	<top-level>	dispatches documents.php top-level runtime behavior	HTTP or dynamic-asset request	HTTP/output/presentation	SEC-DOC-002,RT-013,SEC-DOC-001	BEHAVIOR_MAPPED	<?php http_response_code(403); header('Content-Type: text/plain; charset=UTF-8'); header('Cache-Control: no-store'); header('X-Content-Type-Options: nosniff'); header('Referrer-Policy: same-origin'); echo 'Accès documentaire interdit.'; exit;
SYM-0283	custom/mjlfinancement/dpafdashboard.php:1	TOP_LEVEL_HANDLER	<top-level>	dispatches dpafdashboard.php top-level runtime behavior	HTTP or dynamic-asset request	pure/helper or effect determined by caller	-	BEHAVIOR_MAPPED	<?php require '../../main.inc.php'; http_response_code(403); accessforbidden('La supervision financière obsolète a été retirée.');
SYM-0284	custom/mjlfinancement/index.php:1	TOP_LEVEL_HANDLER	<top-level>	dispatches index.php top-level runtime behavior	HTTP or dynamic-asset request	HTTP/output/presentation	-	BEHAVIOR_MAPPED	<?php require '../../main.inc.php'; require_once DOL_DOCUMENT_ROOT.'/custom/mjlfinancement/lib/mjl_scope.lib.php'; require_once DOL_DOCUMENT_ROOT.'/custom/mjlfinancement/lib/mjl_navigation.lib.php'; require_once DOL_DOCUMENT_ROOT.'/custom/mjlfinancement/lib/mjl_page_header.lib.php'; require_once DOL_DOCUMENT_ROOT.'/custom/mjlfinancement/lib/mjl_ui.lib.php'; require_once DOL_DOCUMENT_ROOT.'/custom/mjlfinancement/lib/mjl_dashboard_ui.lib.php'; if (!mjl_navigation_policy_allows($user, 'workspace_enter')) { http_response_code(403); accessforbidden(); } $role = mjl_scope_effective_role_code($user, (int) $conf->entity); $admin = $role === 'ADMIN_PLATEFORME';
SYM-0285	custom/mjlfinancement/invitation.php:1	TOP_LEVEL_HANDLER	<top-level>	dispatches invitation.php top-level runtime behavior	HTTP or dynamic-asset request	read/projection/decision	SEC-AUTH-001,SEC-AUTH-002,SEC-AUTH-003,SEC-AUTH-004,SEC-AUTH-005	BEHAVIOR_MAPPED	<?php define('NOLOGIN', 1); require '../../main.inc.php'; require_once DOL_DOCUMENT_ROOT.'/custom/mjlfinancement/lib/mjl_auth.lib.php'; require_once DOL_DOCUMENT_ROOT.'/custom/mjlfinancement/lib/mjl_auth_ui.lib.php'; header('Cache-Control: no-store, private'); header('Referrer-Policy: no-referrer'); $selector = GETPOST('selector', 'alphanohtml'); $action = GETPOST('action', 'aZ09');
SYM-0286	custom/mjlfinancement/invitation.php:3	CONSTANT	NOLOGIN	declares runtime vocabulary/configuration constant	runtime library caller	pure/helper or effect determined by caller	SEC-AUTH-001,SEC-AUTH-002,SEC-AUTH-003,SEC-AUTH-004,SEC-AUTH-005	DEFINITION_INDEXED	define('NOLOGIN', 1);
SYM-0287	custom/mjlfinancement/js/native_guard.js.php:1	TOP_LEVEL_HANDLER	<top-level>	dispatches native_guard.js.php top-level runtime behavior	HTTP or dynamic-asset request	read/projection/decision	-	BEHAVIOR_MAPPED	<?php define('NOLOGIN', 1); require '../../../main.inc.php'; require_once DOL_DOCUMENT_ROOT.'/custom/mjlfinancement/lib/mjl_navigation.lib.php'; header('Content-Type: application/javascript; charset=UTF-8'); if ((empty($user) || empty($user->id)) && !empty($_SESSION['dol_login'])) { $sessionUser = new User($db); if ($sessionUser->fetch(0, $_SESSION['dol_login']) > 0) { $user = $sessionUser; }
SYM-0288	custom/mjlfinancement/js/native_guard.js.php:2	CONSTANT	NOLOGIN	declares runtime vocabulary/configuration constant	runtime library caller	pure/helper or effect determined by caller	-	DEFINITION_INDEXED	define('NOLOGIN', 1);
SYM-0289	custom/mjlfinancement/lib/mjl_access_ui.lib.php:13	FUNCTION	mjl_access_ui_role_select	implements access ui role select	route renderer/presentation helper	read/projection/decision	-	DEFINITION_INDEXED	function mjl_access_ui_role_select($name, $selected, array $roles, $id = '')
SYM-0290	custom/mjlfinancement/lib/mjl_access_ui.lib.php:22	FUNCTION	mjl_access_ui_invitation_status	implements access ui invitation status	route renderer/presentation helper	read/projection/decision	-	DEFINITION_INDEXED	function mjl_access_ui_invitation_status($status)
SYM-0291	custom/mjlfinancement/lib/mjl_access_ui.lib.php:34	FUNCTION	mjl_access_ui_invite_dialog	implements access ui invite dialog	route renderer/presentation helper	HTTP/output/presentation	-	DEFINITION_INDEXED	function mjl_access_ui_invite_dialog(array $roles, $token, array $values = array(), $error = '')
SYM-0292	custom/mjlfinancement/lib/mjl_access_ui.lib.php:56	FUNCTION	mjl_access_ui_users	implements access ui users	route renderer/presentation helper	HTTP/output/presentation	-	DEFINITION_INDEXED	function mjl_access_ui_users(array $users, array $roles, $token)
SYM-0293	custom/mjlfinancement/lib/mjl_access_ui.lib.php:84	FUNCTION	mjl_access_ui_invitations	implements access ui invitations	route renderer/presentation helper	HTTP/output/presentation	-	DEFINITION_INDEXED	function mjl_access_ui_invitations(array $invitations, $token)
SYM-0294	custom/mjlfinancement/lib/mjl_access_ui.lib.php:105	FUNCTION	mjl_access_ui_action_dialog	implements access ui action dialog	route renderer/presentation helper	HTTP/output/presentation	-	DEFINITION_INDEXED	function mjl_access_ui_action_dialog()
SYM-0295	custom/mjlfinancement/lib/mjl_activity_access.lib.php:8	FUNCTION	mjl_activity_access_assignment_schema_ready	implements activity access assignment schema ready	runtime library caller	read/projection/decision	SEC-AUTHZ-001,SEC-AUTHZ-002,SEC-AUTHZ-003,SEC-AUTHZ-004	DEFINITION_INDEXED	function mjl_activity_access_assignment_schema_ready()
SYM-0296	custom/mjlfinancement/lib/mjl_activity_access.lib.php:20	FUNCTION	mjl_activity_access_can_enter_list	implements activity access can enter list	runtime library caller	read/projection/decision	SEC-AUTHZ-001,SEC-AUTHZ-002,SEC-AUTHZ-003,SEC-AUTHZ-004	DEFINITION_INDEXED	function mjl_activity_access_can_enter_list(User $targetUser)
SYM-0297	custom/mjlfinancement/lib/mjl_activity_access.lib.php:29	FUNCTION	mjl_activity_access_can_read_activity	implements activity access can read activity	runtime library caller	read/projection/decision	SEC-AUTHZ-001,SEC-AUTHZ-002,SEC-AUTHZ-003,SEC-AUTHZ-004	BEHAVIOR_MAPPED	function mjl_activity_access_can_read_activity(User $targetUser, $activityId)
SYM-0298	custom/mjlfinancement/lib/mjl_activity_access.lib.php:35	SQL_SITE	SELECT@35	executes or assembles SELECT SQL	enclosing function/method or top-level handler	read/projection/decision	SEC-AUTHZ-001,SEC-AUTHZ-002,SEC-AUTHZ-003,SEC-AUTHZ-004	DEFINITION_INDEXED	$sql = 'SELECT COUNT(*) AS nb FROM '.$db->prefix().'mjlfinancement_activity a';
SYM-0299	custom/mjlfinancement/lib/mjl_activity_access.lib.php:46	FUNCTION	mjl_activity_access_require_read	implements activity access require read	runtime library caller	read/projection/decision	SEC-AUTHZ-001,SEC-AUTHZ-002,SEC-AUTHZ-003,SEC-AUTHZ-004	DEFINITION_INDEXED	function mjl_activity_access_require_read(User $targetUser)
SYM-0300	custom/mjlfinancement/lib/mjl_activity_access.lib.php:54	FUNCTION	mjl_activity_access_can_read	implements activity access can read	runtime library caller	read/projection/decision	SEC-AUTHZ-001,SEC-AUTHZ-002,SEC-AUTHZ-003,SEC-AUTHZ-004	DEFINITION_INDEXED	function mjl_activity_access_can_read(User $targetUser, $entity = null)
SYM-0301	custom/mjlfinancement/lib/mjl_activity_access.lib.php:61	FUNCTION	mjl_activity_access_can_mutate	implements activity access can mutate	runtime library caller	read/projection/decision	SEC-AUTHZ-001,SEC-AUTHZ-002,SEC-AUTHZ-003,SEC-AUTHZ-004	DEFINITION_INDEXED	function mjl_activity_access_can_mutate(User $targetUser, $entity = null)
SYM-0302	custom/mjlfinancement/lib/mjl_activity_access.lib.php:67	FUNCTION	mjl_activity_access_require_mutation	implements activity access require mutation	runtime library caller	read/projection/decision	SEC-AUTHZ-001,SEC-AUTHZ-002,SEC-AUTHZ-003,SEC-AUTHZ-004	DEFINITION_INDEXED	function mjl_activity_access_require_mutation(User $targetUser, $entity = null) { if (!mjl_activity_access_can_mutate($targetUser, $entity)) { http_response_code(403); accessforbidden(); } }
SYM-0303	custom/mjlfinancement/lib/mjl_activity_form.lib.php:3	CONSTANT	MJL_ACTIVITY_RECOVERY_MAX_BYTES	declares runtime vocabulary/configuration constant	runtime library caller	pure/helper or effect determined by caller	-	DEFINITION_INDEXED	if (!defined('MJL_ACTIVITY_RECOVERY_MAX_BYTES')) define('MJL_ACTIVITY_RECOVERY_MAX_BYTES', 65536);
SYM-0304	custom/mjlfinancement/lib/mjl_activity_form.lib.php:6	FUNCTION	mjl_activity_recovery_store	implements activity recovery store	runtime library caller	pure/helper or effect determined by caller	-	DEFINITION_INDEXED	function mjl_activity_recovery_store(array $structure, $objectId, $view)
SYM-0305	custom/mjlfinancement/lib/mjl_activity_form.lib.php:25	FUNCTION	mjl_activity_recovery_consume	implements activity recovery consume	runtime library caller	pure/helper or effect determined by caller	-	DEFINITION_INDEXED	function mjl_activity_recovery_consume($handle, $objectId, $view)
SYM-0306	custom/mjlfinancement/lib/mjl_activity_route.lib.php:19	FUNCTION	mjl_activity_forbidden	implements activity forbidden	thin HTTP adapter or rendered form	pure/helper or effect determined by caller	-	DEFINITION_INDEXED	function mjl_activity_forbidden()
SYM-0307	custom/mjlfinancement/lib/mjl_activity_route.lib.php:27	FUNCTION	mjl_activity_decimal	implements activity decimal	thin HTTP adapter or rendered form	pure/helper or effect determined by caller	-	DEFINITION_INDEXED	function mjl_activity_decimal($name, $source, $allowZero = false)
SYM-0308	custom/mjlfinancement/lib/mjl_activity_route.lib.php:35	FUNCTION	mjl_activity_context	implements activity context	thin HTTP adapter or rendered form	pure/helper or effect determined by caller	-	DEFINITION_INDEXED	function mjl_activity_context($action, $id, $revision, $version)
SYM-0309	custom/mjlfinancement/lib/mjl_activity_route.lib.php:41	FUNCTION	mjl_activity_structure_from_post	implements activity structure from post	thin HTTP adapter or rendered form	pure/helper or effect determined by caller	-	DEFINITION_INDEXED	function mjl_activity_structure_from_post()
SYM-0310	custom/mjlfinancement/lib/mjl_activity_route.lib.php:66	FUNCTION	mjl_activity_fetch	implements activity fetch	thin HTTP adapter or rendered form	read/projection/decision	-	DEFINITION_INDEXED	function mjl_activity_fetch($id)
SYM-0311	custom/mjlfinancement/lib/mjl_activity_route.lib.php:69	SQL_SITE	SELECT@69	executes or assembles SELECT SQL	enclosing function/method or top-level handler	read/projection/decision	-	DEFINITION_INDEXED	$res=$db->query('SELECT a.*,s.nom AS partner_name,p.ref AS project_ref,p.title AS project_title FROM '.$db->prefix().'mjlfinancement_activity a INNER JOIN '.$db->prefix().'societe s ON s.rowid=a.fk_partner AND s.entit...
SYM-0312	custom/mjlfinancement/lib/mjl_activity_route.lib.php:73	FUNCTION	mjl_activity_operations	implements activity operations	thin HTTP adapter or rendered form	pure/helper or effect determined by caller	-	DEFINITION_INDEXED	function mjl_activity_operations($id, $includeRemoved = false)
SYM-0313	custom/mjlfinancement/lib/mjl_activity_route.lib.php:76	SQL_SITE	SELECT@76	executes or assembles SELECT SQL	enclosing function/method or top-level handler	read/projection/decision	-	DEFINITION_INDEXED	$res=$db->query('SELECT o.*,t.label AS type_label FROM '.$db->prefix().'mjlfinancement_operation o INNER JOIN '.$db->prefix().'mjlfinancement_operation_type t ON t.rowid=o.fk_operation_type AND t.entity=o.entity WHERE...
SYM-0314	custom/mjlfinancement/lib/mjl_activity_route.lib.php:80	FUNCTION	mjl_activity_revision	implements activity revision	thin HTTP adapter or rendered form	pure/helper or effect determined by caller	-	DEFINITION_INDEXED	function mjl_activity_revision($activityId, $revisionId)
SYM-0315	custom/mjlfinancement/lib/mjl_activity_route.lib.php:83	SQL_SITE	SELECT@83	executes or assembles SELECT SQL	enclosing function/method or top-level handler	read/projection/decision	-	DEFINITION_INDEXED	$res=$db->query('SELECT * FROM '.$db->prefix().'mjlfinancement_activity_revision WHERE entity='.(int)$conf->entity.' AND fk_activity='.(int)$activityId.' AND rowid='.(int)$revisionId.' LIMIT 1');
SYM-0316	custom/mjlfinancement/lib/mjl_activity_route.lib.php:87	FUNCTION	mjl_activity_list_query	implements activity list query	thin HTTP adapter or rendered form	read/projection/decision	-	DEFINITION_INDEXED	function mjl_activity_list_query(array $source)
SYM-0317	custom/mjlfinancement/lib/mjl_activity_route.lib.php:116	FUNCTION	mjl_activity_list_url	implements activity list url	thin HTTP adapter or rendered form	read/projection/decision	-	DEFINITION_INDEXED	function mjl_activity_list_url(array $filters, $page)
SYM-0318	custom/mjlfinancement/lib/mjl_activity_route.lib.php:124	FUNCTION	mjl_activity_bad_request	implements activity bad request	thin HTTP adapter or rendered form	pure/helper or effect determined by caller	-	DEFINITION_INDEXED	function mjl_activity_bad_request()
SYM-0319	custom/mjlfinancement/lib/mjl_activity_route.lib.php:132	FUNCTION	mjl_activity_payload_too_large	implements activity payload too large	thin HTTP adapter or rendered form	pure/helper or effect determined by caller	-	DEFINITION_INDEXED	function mjl_activity_payload_too_large()
SYM-0320	custom/mjlfinancement/lib/mjl_activity_route.lib.php:140	FUNCTION	mjl_activity_route	implements activity route	thin HTTP adapter or rendered form	HTTP/output/presentation	-	BEHAVIOR_MAPPED	function mjl_activity_route()
SYM-0321	custom/mjlfinancement/lib/mjl_activity_route.lib.php:198	FUNCTION	mjl_activity_result_feedback	implements activity result feedback	thin HTTP adapter or rendered form	pure/helper or effect determined by caller	-	DEFINITION_INDEXED	function mjl_activity_result_feedback()
SYM-0322	custom/mjlfinancement/lib/mjl_activity_route.lib.php:217	FUNCTION	mjl_activity_post	implements activity post	thin HTTP adapter or rendered form	pure/helper or effect determined by caller	-	BEHAVIOR_MAPPED	function mjl_activity_post($action,$id)
SYM-0323	custom/mjlfinancement/lib/mjl_activity_route.lib.php:250	FUNCTION	mjl_activity_hidden	implements activity hidden	thin HTTP adapter or rendered form	pure/helper or effect determined by caller	-	DEFINITION_INDEXED	function mjl_activity_hidden($action,$id=0,$revision=0,$version=0)
SYM-0324	custom/mjlfinancement/lib/mjl_activity_route.lib.php:255	FUNCTION	mjl_activity_render_list	implements activity render list	thin HTTP adapter or rendered form	read/projection/decision	-	DEFINITION_INDEXED	function mjl_activity_render_list()
SYM-0325	custom/mjlfinancement/lib/mjl_activity_route.lib.php:276	FUNCTION	mjl_activity_reference_options	implements activity reference options	thin HTTP adapter or rendered form	read/projection/decision	-	DEFINITION_INDEXED	function mjl_activity_reference_options($table,$label,$selected)
SYM-0326	custom/mjlfinancement/lib/mjl_activity_route.lib.php:278	SQL_SITE	SELECT@278	executes or assembles SELECT SQL	enclosing function/method or top-level handler	read/projection/decision	-	DEFINITION_INDEXED	global $db,$conf;$active=$table==='societe'?'status=1':'fk_statut=1';$project=$table==='projet';$res=$db->query('SELECT rowid,'.$label.' AS label'.($project?',fk_soc AS partner_id':'').' FROM '.$db->prefix().$table.' ...
SYM-0327	custom/mjlfinancement/lib/mjl_activity_route.lib.php:280	FUNCTION	mjl_activity_type_options	implements activity type options	thin HTTP adapter or rendered form	read/projection/decision	-	DEFINITION_INDEXED	function mjl_activity_type_options($selected)
SYM-0328	custom/mjlfinancement/lib/mjl_activity_route.lib.php:282	SQL_SITE	SELECT@282	executes or assembles SELECT SQL	enclosing function/method or top-level handler	read/projection/decision	-	DEFINITION_INDEXED	global $db,$conf;$res=$db->query('SELECT rowid,label FROM '.$db->prefix().'mjlfinancement_operation_type WHERE entity='.(int)$conf->entity.' AND (is_active=1'.((int)$selected>0?' OR rowid='.(int)$selected:'').') ORDER...
SYM-0329	custom/mjlfinancement/lib/mjl_activity_route.lib.php:285	FUNCTION	mjl_activity_agent_options	implements activity agent options	thin HTTP adapter or rendered form	pure/helper or effect determined by caller	-	DEFINITION_INDEXED	function mjl_activity_agent_options(array $assignmentFlags=array())
SYM-0330	custom/mjlfinancement/lib/mjl_activity_route.lib.php:287	SQL_SITE	SELECT@287	executes or assembles SELECT SQL	enclosing function/method or top-level handler	read/projection/decision	-	DEFINITION_INDEXED	"global $db,$conf;$res=$db->query('SELECT u.rowid,u.login,u.firstname,u.lastname FROM '.$db->prefix().""user u INNER JOIN "".$db->prefix().""mjlfinancement_user_role r ON r.entity=u.entity AND r.fk_user=u.rowid AND r.is_a..."
SYM-0331	custom/mjlfinancement/lib/mjl_activity_route.lib.php:291	FUNCTION	mjl_activity_monitoring_context	implements activity monitoring context	thin HTTP adapter or rendered form	pure/helper or effect determined by caller	-	DEFINITION_INDEXED	function mjl_activity_monitoring_context(array $row)
SYM-0332	custom/mjlfinancement/lib/mjl_activity_route.lib.php:315	FUNCTION	mjl_activity_review_eligibility	implements activity review eligibility	thin HTTP adapter or rendered form	pure/helper or effect determined by caller	-	DEFINITION_INDEXED	function mjl_activity_review_eligibility(array $row, $user)
SYM-0333	custom/mjlfinancement/lib/mjl_activity_route.lib.php:339	FUNCTION	mjl_activity_render_form	implements activity render form	thin HTTP adapter or rendered form	HTTP/output/presentation	-	DEFINITION_INDEXED	function mjl_activity_render_form(array $row)
SYM-0334	custom/mjlfinancement/lib/mjl_activity_route.lib.php:356	FUNCTION	mjl_activity_render_operation_row	implements activity render operation row	thin HTTP adapter or rendered form	HTTP/output/presentation	-	DEFINITION_INDEXED	function mjl_activity_render_operation_row($op,$index)
SYM-0335	custom/mjlfinancement/lib/mjl_activity_route.lib.php:361	FUNCTION	mjl_activity_render_detail	implements activity render detail	thin HTTP adapter or rendered form	HTTP/output/presentation	-	DEFINITION_INDEXED	function mjl_activity_render_detail(array $row)
SYM-0336	custom/mjlfinancement/lib/mjl_activity_route.lib.php:477	FUNCTION	mjl_activity_render_review	implements activity render review	thin HTTP adapter or rendered form	HTTP/output/presentation	-	DEFINITION_INDEXED	function mjl_activity_render_review(array $row)
SYM-0337	custom/mjlfinancement/lib/mjl_activity_route.lib.php:527	SQL_SITE	SELECT@527	executes or assembles SELECT SQL	enclosing function/method or top-level handler	read/projection/decision	-	DEFINITION_INDEXED	$res=$db->query('SELECT stage,decision_type,actor_name_snapshot,reason,requested_amount,date_decision FROM '.$db->prefix().'mjlfinancement_review_decision WHERE entity='.(int)$conf->entity.' AND fk_revision='.(int)$re...
SYM-0338	custom/mjlfinancement/lib/mjl_alert_condition.lib.php:4	FUNCTION	mjl_alert_condition_keys	implements alert condition keys	runtime library caller	pure/helper or effect determined by caller	-	DEFINITION_INDEXED	function mjl_alert_condition_keys()
SYM-0339	custom/mjlfinancement/lib/mjl_alert_condition.lib.php:9	FUNCTION	mjl_alert_condition	implements alert condition	runtime library caller	pure/helper or effect determined by caller	-	DEFINITION_INDEXED	function mjl_alert_condition(array $condition)
SYM-0340	custom/mjlfinancement/lib/mjl_alert_condition.lib.php:27	FUNCTION	mjl_alert_condition_is_raw	implements alert condition is raw	runtime library caller	read/projection/decision	-	DEFINITION_INDEXED	function mjl_alert_condition_is_raw(array $condition)
SYM-0341	custom/mjlfinancement/lib/mjl_audit.lib.php:11	FUNCTION	mjl_audit_sensitive_key	implements audit sensitive key	runtime library caller	audit/export evidence or artifact	DB-002	DEFINITION_INDEXED	function mjl_audit_sensitive_key($key)
SYM-0342	custom/mjlfinancement/lib/mjl_audit.lib.php:16	FUNCTION	mjl_audit_sanitize_value	implements audit sanitize value	runtime library caller	audit/export evidence or artifact	DB-002	DEFINITION_INDEXED	function mjl_audit_sanitize_value($value)
SYM-0343	custom/mjlfinancement/lib/mjl_audit.lib.php:37	FUNCTION	mjl_audit_encode_json	implements audit encode json	runtime library caller	audit/export evidence or artifact	DB-002	DEFINITION_INDEXED	function mjl_audit_encode_json($value, &$ok)
SYM-0344	custom/mjlfinancement/lib/mjl_audit.lib.php:48	FUNCTION	mjl_audit_json	implements audit json	runtime library caller	audit/export evidence or artifact	DB-002	DEFINITION_INDEXED	function mjl_audit_json($value)
SYM-0345	custom/mjlfinancement/lib/mjl_audit.lib.php:54	FUNCTION	mjl_audit_actor_snapshot	implements audit actor snapshot	runtime library caller	audit/export evidence or artifact	DB-002	DEFINITION_INDEXED	function mjl_audit_actor_snapshot($actor)
SYM-0346	custom/mjlfinancement/lib/mjl_audit.lib.php:70	FUNCTION	mjl_audit_sql_value	implements audit sql value	runtime library caller	audit/export evidence or artifact	DB-002	DEFINITION_INDEXED	function mjl_audit_sql_value(DoliDB $db, $value)
SYM-0347	custom/mjlfinancement/lib/mjl_audit.lib.php:75	FUNCTION	mjl_audit_append_in_transaction	implements audit append in transaction	runtime library caller	audit/export evidence or artifact	DB-002	BEHAVIOR_MAPPED	function mjl_audit_append_in_transaction(DoliDB $db, array $event)
SYM-0348	custom/mjlfinancement/lib/mjl_audit.lib.php:87	FUNCTION	mjl_audit_record_outcome	implements audit record outcome	runtime library caller	audit/export evidence or artifact	DB-002	DEFINITION_INDEXED	function mjl_audit_record_outcome(DoliDB $db, array $event)
SYM-0349	custom/mjlfinancement/lib/mjl_audit.lib.php:107	FUNCTION	mjl_audit_insert	implements audit insert	runtime library caller	audit/export evidence or artifact	DB-002	DEFINITION_INDEXED	function mjl_audit_insert(DoliDB $db, array $event)
SYM-0350	custom/mjlfinancement/lib/mjl_audit.lib.php:158	SQL_SITE	INSERT INTO@158	executes or assembles INSERT INTO SQL	enclosing function/method or top-level handler	state/database/session mutation or transaction control	DB-002	DEFINITION_INDEXED	$sql = 'INSERT INTO '.$db->prefix().'mjlfinancement_audit_event ('.implode(', ', $names).') VALUES ('.implode(', ', $values).')';
SYM-0351	custom/mjlfinancement/lib/mjl_audit_projection.lib.php:7	FUNCTION	mjl_audit_projection_schema	implements audit projection schema	runtime library caller	read/projection/decision	DB-002	DEFINITION_INDEXED	function mjl_audit_projection_schema(array $event,array $new)
SYM-0352	custom/mjlfinancement/lib/mjl_audit_projection.lib.php:55	FUNCTION	mjl_audit_projection_decode	implements audit projection decode	runtime library caller	read/projection/decision	DB-002	DEFINITION_INDEXED	function mjl_audit_projection_decode($json)
SYM-0353	custom/mjlfinancement/lib/mjl_audit_projection.lib.php:67	FUNCTION	mjl_audit_projection_flatten	implements audit projection flatten	runtime library caller	read/projection/decision	DB-002	DEFINITION_INDEXED	function mjl_audit_projection_flatten($value,$schema,$path,array &$flat)
SYM-0354	custom/mjlfinancement/lib/mjl_audit_projection.lib.php:86	FUNCTION	mjl_audit_report_metadata_columns	implements audit report metadata columns	runtime library caller	audit/export evidence or artifact	DB-002	DEFINITION_INDEXED	function mjl_audit_report_metadata_columns()
SYM-0355	custom/mjlfinancement/lib/mjl_audit_projection.lib.php:91	FUNCTION	mjl_audit_report_metadata	implements audit report metadata	runtime library caller	audit/export evidence or artifact	DB-002	DEFINITION_INDEXED	function mjl_audit_report_metadata(array $event)
SYM-0356	custom/mjlfinancement/lib/mjl_audit_projection.lib.php:103	FUNCTION	mjl_audit_report_change_columns	implements audit report change columns	runtime library caller	audit/export evidence or artifact	DB-002	DEFINITION_INDEXED	function mjl_audit_report_change_columns()
SYM-0357	custom/mjlfinancement/lib/mjl_audit_projection.lib.php:108	FUNCTION	mjl_audit_projection_scalar	implements audit projection scalar	runtime library caller	read/projection/decision	DB-002	DEFINITION_INDEXED	function mjl_audit_projection_scalar($present,$value)
SYM-0358	custom/mjlfinancement/lib/mjl_audit_projection.lib.php:119	FUNCTION	mjl_audit_project_event	implements audit project event	runtime library caller	read/projection/decision	DB-002	DEFINITION_INDEXED	function mjl_audit_project_event(array $event,$maxRows=10000)
SYM-0359	custom/mjlfinancement/lib/mjl_audit_projection.lib.php:145	FUNCTION	mjl_audit_projection_field_label	implements audit projection field label	runtime library caller	read/projection/decision	DB-002	DEFINITION_INDEXED	function mjl_audit_projection_field_label($path)
SYM-0360	custom/mjlfinancement/lib/mjl_audit_projection.lib.php:158	FUNCTION	mjl_audit_report_redact	implements audit report redact	runtime library caller	audit/export evidence or artifact	DB-002	DEFINITION_INDEXED	function mjl_audit_report_redact($text)
SYM-0361	custom/mjlfinancement/lib/mjl_audit_projection.lib.php:169	FUNCTION	mjl_audit_projection_cause_label	implements audit projection cause label	runtime library caller	read/projection/decision	DB-002	DEFINITION_INDEXED	function mjl_audit_projection_cause_label($source)
SYM-0362	custom/mjlfinancement/lib/mjl_audit_report_route.lib.php:3	FUNCTION	mjl_audit_report_event	implements audit report event	thin HTTP adapter or rendered form	audit/export evidence or artifact	RT-012	DEFINITION_INDEXED	function mjl_audit_report_event(array $event,&$remaining)
SYM-0363	custom/mjlfinancement/lib/mjl_audit_report_route.lib.php:24	FUNCTION	mjl_audit_report_page	implements audit report page	thin HTTP adapter or rendered form	HTTP/output/presentation	RT-012	DEFINITION_INDEXED	function mjl_audit_report_page()
SYM-0364	custom/mjlfinancement/lib/mjl_auth.lib.php:8	FUNCTION	mjl_auth_entity	implements auth entity	runtime library caller	pure/helper or effect determined by caller	SEC-AUTH-001,SEC-AUTH-002,SEC-AUTH-003,SEC-AUTH-004,SEC-AUTH-005	DEFINITION_INDEXED	function mjl_auth_entity() { global $conf; return max(1, (int) $conf->entity); }
SYM-0365	custom/mjlfinancement/lib/mjl_auth.lib.php:9	FUNCTION	mjl_auth_business_role_codes	implements auth business role codes	runtime library caller	pure/helper or effect determined by caller	SEC-AUTH-001,SEC-AUTH-002,SEC-AUTH-003,SEC-AUTH-004,SEC-AUTH-005	DEFINITION_INDEXED	function mjl_auth_business_role_codes() { return array('AGENT_SAISIE', 'AGENT_VERIFICATEUR', 'VALIDATEUR_DEFINITIF'); }
SYM-0366	custom/mjlfinancement/lib/mjl_auth.lib.php:10	FUNCTION	mjl_auth_now_sql	implements auth now sql	runtime library caller	pure/helper or effect determined by caller	SEC-AUTH-001,SEC-AUTH-002,SEC-AUTH-003,SEC-AUTH-004,SEC-AUTH-005	DEFINITION_INDEXED	"function mjl_auth_now_sql() { global $db; return ""'"".$db->idate(dol_now()).""'""; }"
SYM-0367	custom/mjlfinancement/lib/mjl_auth.lib.php:11	FUNCTION	mjl_auth_datetime_sql	implements auth datetime sql	runtime library caller	pure/helper or effect determined by caller	SEC-AUTH-001,SEC-AUTH-002,SEC-AUTH-003,SEC-AUTH-004,SEC-AUTH-005	DEFINITION_INDEXED	"function mjl_auth_datetime_sql($timestamp) { global $db; return ""'"".$db->idate($timestamp).""'""; }"
SYM-0368	custom/mjlfinancement/lib/mjl_auth.lib.php:12	FUNCTION	mjl_auth_string_sql	implements auth string sql	runtime library caller	pure/helper or effect determined by caller	SEC-AUTH-001,SEC-AUTH-002,SEC-AUTH-003,SEC-AUTH-004,SEC-AUTH-005	DEFINITION_INDEXED	"function mjl_auth_string_sql($value) { global $db; return $value === null || $value === '' ? 'NULL' : ""'"".$db->escape((string) $value).""'""; }"
SYM-0369	custom/mjlfinancement/lib/mjl_auth.lib.php:14	FUNCTION	mjl_auth_token_pair	implements auth token pair	runtime library caller	pure/helper or effect determined by caller	SEC-AUTH-001,SEC-AUTH-002,SEC-AUTH-003,SEC-AUTH-004,SEC-AUTH-005	DEFINITION_INDEXED	function mjl_auth_token_pair()
SYM-0370	custom/mjlfinancement/lib/mjl_auth.lib.php:19	FUNCTION	mjl_auth_token	implements auth token	runtime library caller	pure/helper or effect determined by caller	SEC-AUTH-001,SEC-AUTH-002,SEC-AUTH-003,SEC-AUTH-004,SEC-AUTH-005	DEFINITION_INDEXED	function mjl_auth_token() { $pair = mjl_auth_token_pair(); return $pair[0].'.'.$pair[1]; }
SYM-0371	custom/mjlfinancement/lib/mjl_auth.lib.php:20	FUNCTION	mjl_auth_token_hash	implements auth token hash	runtime library caller	pure/helper or effect determined by caller	SEC-AUTH-001,SEC-AUTH-002,SEC-AUTH-003,SEC-AUTH-004,SEC-AUTH-005	DEFINITION_INDEXED	function mjl_auth_token_hash($verifier) { return hash('sha256', (string) $verifier); }
SYM-0372	custom/mjlfinancement/lib/mjl_auth.lib.php:22	FUNCTION	mjl_auth_user_by_email	implements auth user by email	runtime library caller	pure/helper or effect determined by caller	SEC-AUTH-001,SEC-AUTH-002,SEC-AUTH-003,SEC-AUTH-004,SEC-AUTH-005	DEFINITION_INDEXED	function mjl_auth_user_by_email($email, $activeOnly = false)
SYM-0373	custom/mjlfinancement/lib/mjl_auth.lib.php:27	SQL_SITE	SELECT@27	executes or assembles SELECT SQL	enclosing function/method or top-level handler	read/projection/decision	SEC-AUTH-001,SEC-AUTH-002,SEC-AUTH-003,SEC-AUTH-004,SEC-AUTH-005	DEFINITION_INDEXED	"$sql = 'SELECT rowid FROM '.$db->prefix().""user WHERE LOWER(email) = '"".$db->escape($email).""' AND entity IN (0,"".mjl_auth_entity().')';"
SYM-0374	custom/mjlfinancement/lib/mjl_auth.lib.php:37	FUNCTION	mjl_auth_user_by_login	implements auth user by login	runtime library caller	pure/helper or effect determined by caller	SEC-AUTH-001,SEC-AUTH-002,SEC-AUTH-003,SEC-AUTH-004,SEC-AUTH-005	DEFINITION_INDEXED	function mjl_auth_user_by_login($login)
SYM-0375	custom/mjlfinancement/lib/mjl_auth.lib.php:42	SQL_SITE	SELECT@42	executes or assembles SELECT SQL	enclosing function/method or top-level handler	read/projection/decision	SEC-AUTH-001,SEC-AUTH-002,SEC-AUTH-003,SEC-AUTH-004,SEC-AUTH-005	DEFINITION_INDEXED	$sql = 'SELECT rowid FROM '.$db->prefix().'user WHERE login = '.mjl_auth_string_sql($login).' AND entity = '.mjl_auth_entity().' ORDER BY rowid ASC LIMIT 2';
SYM-0376	custom/mjlfinancement/lib/mjl_auth.lib.php:50	FUNCTION	mjl_auth_system_user	implements auth system user	runtime library caller	pure/helper or effect determined by caller	SEC-AUTH-001,SEC-AUTH-002,SEC-AUTH-003,SEC-AUTH-004,SEC-AUTH-005	DEFINITION_INDEXED	function mjl_auth_system_user()
SYM-0377	custom/mjlfinancement/lib/mjl_auth.lib.php:58	FUNCTION	mjl_auth_actor_by_id	implements auth actor by id	runtime library caller	pure/helper or effect determined by caller	SEC-AUTH-001,SEC-AUTH-002,SEC-AUTH-003,SEC-AUTH-004,SEC-AUTH-005	DEFINITION_INDEXED	function mjl_auth_actor_by_id($actorId)
SYM-0378	custom/mjlfinancement/lib/mjl_auth.lib.php:66	FUNCTION	mjl_auth_record_event	implements auth record event	runtime library caller	pure/helper or effect determined by caller	SEC-AUTH-001,SEC-AUTH-002,SEC-AUTH-003,SEC-AUTH-004,SEC-AUTH-005	DEFINITION_INDEXED	function mjl_auth_record_event($event, $targetUserId = null, $actorUserId = null, $context = '')
SYM-0379	custom/mjlfinancement/lib/mjl_auth.lib.php:83	FUNCTION	mjl_auth_context_hash	implements auth context hash	runtime library caller	pure/helper or effect determined by caller	SEC-AUTH-001,SEC-AUTH-002,SEC-AUTH-003,SEC-AUTH-004,SEC-AUTH-005	DEFINITION_INDEXED	function mjl_auth_context_hash($value)
SYM-0380	custom/mjlfinancement/lib/mjl_auth.lib.php:90	FUNCTION	mjl_auth_client_ip_hash	implements auth client ip hash	runtime library caller	pure/helper or effect determined by caller	SEC-AUTH-001,SEC-AUTH-002,SEC-AUTH-003,SEC-AUTH-004,SEC-AUTH-005	DEFINITION_INDEXED	function mjl_auth_client_ip_hash()
SYM-0381	custom/mjlfinancement/lib/mjl_auth.lib.php:95	FUNCTION	mjl_auth_e2e_context_suffix	implements auth e2e context suffix	runtime library caller	pure/helper or effect determined by caller	SEC-AUTH-001,SEC-AUTH-002,SEC-AUTH-003,SEC-AUTH-004,SEC-AUTH-005	DEFINITION_INDEXED	function mjl_auth_e2e_context_suffix() { return mjl_auth_e2e_tokens_enabled() ? ';delivery=e2e' : ''; }
SYM-0382	custom/mjlfinancement/lib/mjl_auth.lib.php:97	FUNCTION	mjl_auth_named_lock	implements auth named lock	runtime library caller	pure/helper or effect determined by caller	SEC-AUTH-001,SEC-AUTH-002,SEC-AUTH-003,SEC-AUTH-004,SEC-AUTH-005	DEFINITION_INDEXED	function mjl_auth_named_lock($name, $timeout = 2)
SYM-0383	custom/mjlfinancement/lib/mjl_auth.lib.php:101	SQL_SITE	SELECT@101	executes or assembles SELECT SQL	enclosing function/method or top-level handler	read/projection/decision	SEC-AUTH-001,SEC-AUTH-002,SEC-AUTH-003,SEC-AUTH-004,SEC-AUTH-005	DEFINITION_INDEXED	$resql = $db->query('SELECT GET_LOCK('.mjl_auth_string_sql($name).', '.((int) $timeout).') AS locked');
SYM-0384	custom/mjlfinancement/lib/mjl_auth.lib.php:106	FUNCTION	mjl_auth_release_named_lock	implements auth release named lock	runtime library caller	pure/helper or effect determined by caller	SEC-AUTH-001,SEC-AUTH-002,SEC-AUTH-003,SEC-AUTH-004,SEC-AUTH-005	DEFINITION_INDEXED	function mjl_auth_release_named_lock($name)
SYM-0385	custom/mjlfinancement/lib/mjl_auth.lib.php:109	SQL_SITE	SELECT@109	executes or assembles SELECT SQL	enclosing function/method or top-level handler	read/projection/decision	SEC-AUTH-001,SEC-AUTH-002,SEC-AUTH-003,SEC-AUTH-004,SEC-AUTH-005	DEFINITION_INDEXED	if ($name !== '') $db->query('SELECT RELEASE_LOCK('.mjl_auth_string_sql($name).')');
SYM-0386	custom/mjlfinancement/lib/mjl_auth.lib.php:112	FUNCTION	mjl_auth_live_credential_max_id	implements auth live credential max id	runtime library caller	pure/helper or effect determined by caller	SEC-AUTH-001,SEC-AUTH-002,SEC-AUTH-003,SEC-AUTH-004,SEC-AUTH-005	DEFINITION_INDEXED	function mjl_auth_live_credential_max_id($table, array $userIds)
SYM-0387	custom/mjlfinancement/lib/mjl_auth.lib.php:118	SQL_SITE	SELECT@118	executes or assembles SELECT SQL	enclosing function/method or top-level handler	read/projection/decision	SEC-AUTH-001,SEC-AUTH-002,SEC-AUTH-003,SEC-AUTH-004,SEC-AUTH-005	DEFINITION_INDEXED	"$resql = $db->query('SELECT COALESCE(MAX(rowid),0) AS rowid FROM '.$db->prefix().$table.' WHERE entity='.mjl_auth_entity().' AND fk_user IN ('.implode(',', $userIds)."") AND status IN ('pending_send','sent')"");"
SYM-0388	custom/mjlfinancement/lib/mjl_auth.lib.php:123	FUNCTION	mjl_auth_disposable_lock_barrier	implements auth disposable lock barrier	runtime library caller	pure/helper or effect determined by caller	SEC-AUTH-001,SEC-AUTH-002,SEC-AUTH-003,SEC-AUTH-004,SEC-AUTH-005	DEFINITION_INDEXED	function mjl_auth_disposable_lock_barrier()
SYM-0389	custom/mjlfinancement/lib/mjl_auth.lib.php:128	SQL_SITE	SELECT@128	executes or assembles SELECT SQL	enclosing function/method or top-level handler	read/projection/decision	SEC-AUTH-001,SEC-AUTH-002,SEC-AUTH-003,SEC-AUTH-004,SEC-AUTH-005	DEFINITION_INDEXED	if ($seconds > 0 && $seconds <= 2) $db->query('SELECT SLEEP('.$seconds.')');
SYM-0390	custom/mjlfinancement/lib/mjl_auth.lib.php:131	FUNCTION	mjl_auth_identity_locks	implements auth identity locks	runtime library caller	pure/helper or effect determined by caller	SEC-AUTH-001,SEC-AUTH-002,SEC-AUTH-003,SEC-AUTH-004,SEC-AUTH-005	DEFINITION_INDEXED	function mjl_auth_identity_locks($login, $email)
SYM-0391	custom/mjlfinancement/lib/mjl_auth.lib.php:150	FUNCTION	mjl_auth_absolute_url	implements auth absolute url	runtime library caller	pure/helper or effect determined by caller	SEC-AUTH-001,SEC-AUTH-002,SEC-AUTH-003,SEC-AUTH-004,SEC-AUTH-005	DEFINITION_INDEXED	function mjl_auth_absolute_url($relativeUrl) { return mjl_email_absolute_url($relativeUrl); }
SYM-0392	custom/mjlfinancement/lib/mjl_auth.lib.php:151	FUNCTION	mjl_auth_mail_from	implements auth mail from	runtime library caller	pure/helper or effect determined by caller	SEC-AUTH-001,SEC-AUTH-002,SEC-AUTH-003,SEC-AUTH-004,SEC-AUTH-005	DEFINITION_INDEXED	function mjl_auth_mail_from() { return mjl_email_mail_from(); }
SYM-0393	custom/mjlfinancement/lib/mjl_auth.lib.php:153	FUNCTION	mjl_auth_send_link_email	implements auth send link email	runtime library caller	pure/helper or effect determined by caller	SEC-AUTH-001,SEC-AUTH-002,SEC-AUTH-003,SEC-AUTH-004,SEC-AUTH-005	DEFINITION_INDEXED	function mjl_auth_send_link_email(User $target, $type, $link)
SYM-0394	custom/mjlfinancement/lib/mjl_auth.lib.php:158	FUNCTION	mjl_auth_password_error	implements auth password error	runtime library caller	pure/helper or effect determined by caller	SEC-AUTH-001,SEC-AUTH-002,SEC-AUTH-003,SEC-AUTH-004,SEC-AUTH-005	DEFINITION_INDEXED	function mjl_auth_password_error($password, $passwordConfirm)
SYM-0395	custom/mjlfinancement/lib/mjl_auth.lib.php:171	FUNCTION	mjl_auth_set_password	implements auth set password	runtime library caller	pure/helper or effect determined by caller	SEC-AUTH-001,SEC-AUTH-002,SEC-AUTH-003,SEC-AUTH-004,SEC-AUTH-005	DEFINITION_INDEXED	function mjl_auth_set_password(User $target, User $actor, $password)
SYM-0396	custom/mjlfinancement/lib/mjl_auth.lib.php:185	FUNCTION	mjl_auth_validate_identity_input	implements auth validate identity input	runtime library caller	pure/helper or effect determined by caller	SEC-AUTH-001,SEC-AUTH-002,SEC-AUTH-003,SEC-AUTH-004,SEC-AUTH-005	DEFINITION_INDEXED	function mjl_auth_validate_identity_input(array $input)
SYM-0397	custom/mjlfinancement/lib/mjl_auth.lib.php:199	FUNCTION	mjl_auth_issue_invitation	implements auth issue invitation	runtime library caller	pure/helper or effect determined by caller	SEC-AUTH-001,SEC-AUTH-002,SEC-AUTH-003,SEC-AUTH-004,SEC-AUTH-005	DEFINITION_INDEXED	function mjl_auth_issue_invitation(array $input, User $actor)
SYM-0398	custom/mjlfinancement/lib/mjl_auth.lib.php:237	SQL_SITE	UPDATE@237	executes or assembles UPDATE SQL	enclosing function/method or top-level handler	state/database/session mutation or transaction control	SEC-AUTH-001,SEC-AUTH-002,SEC-AUTH-003,SEC-AUTH-004,SEC-AUTH-005	DEFINITION_INDEXED	$sql = 'UPDATE '.$db->prefix().'user SET statut=0, admin=0 WHERE rowid='.((int) $target->id).' AND entity='.mjl_auth_entity().' AND admin=0';
SYM-0399	custom/mjlfinancement/lib/mjl_auth.lib.php:241	SQL_SITE	UPDATE@241	executes or assembles UPDATE SQL	enclosing function/method or top-level handler	state/database/session mutation or transaction control	SEC-AUTH-001,SEC-AUTH-002,SEC-AUTH-003,SEC-AUTH-004,SEC-AUTH-005	DEFINITION_INDEXED	"$sql = 'UPDATE '.$db->prefix().""mjlfinancement_invitation SET status='revoked', token_hash=NULL, date_revoked="".mjl_auth_now_sql().', fk_user_revoked='.((int) $actor->id).' WHERE entity='.mjl_auth_entity().' AND fk_us..."
SYM-0400	custom/mjlfinancement/lib/mjl_auth.lib.php:244	SQL_SITE	INSERT INTO@244	executes or assembles INSERT INTO SQL	enclosing function/method or top-level handler	state/database/session mutation or transaction control	SEC-AUTH-001,SEC-AUTH-002,SEC-AUTH-003,SEC-AUTH-004,SEC-AUTH-005	DEFINITION_INDEXED	$sql = 'INSERT INTO '.$db->prefix().'mjlfinancement_invitation (entity,fk_user,role_code,status,token_selector,token_hash,date_expiry,fk_user_sender,date_creation,fk_user_creat) VALUES (';
SYM-0401	custom/mjlfinancement/lib/mjl_auth.lib.php:254	SQL_SITE	UPDATE@254	executes or assembles UPDATE SQL	enclosing function/method or top-level handler	state/database/session mutation or transaction control	SEC-AUTH-001,SEC-AUTH-002,SEC-AUTH-003,SEC-AUTH-004,SEC-AUTH-005	DEFINITION_INDEXED	$sql = 'UPDATE '.$db->prefix().'mjlfinancement_invitation SET status='.mjl_auth_string_sql($status).($status === 'sent' ? ', date_sent='.mjl_auth_now_sql() : ', token_hash=NULL, date_revoked='.mjl_auth_now_sql()).', f...
SYM-0402	custom/mjlfinancement/lib/mjl_auth.lib.php:269	FUNCTION	mjl_auth_fetch_invitation_by_selector	implements auth fetch invitation by selector	runtime library caller	read/projection/decision	SEC-AUTH-001,SEC-AUTH-002,SEC-AUTH-003,SEC-AUTH-004,SEC-AUTH-005	DEFINITION_INDEXED	function mjl_auth_fetch_invitation_by_selector($selector, $forUpdate = false)
SYM-0403	custom/mjlfinancement/lib/mjl_auth.lib.php:273	SQL_SITE	SELECT@273	executes or assembles SELECT SQL	enclosing function/method or top-level handler	read/projection/decision	SEC-AUTH-001,SEC-AUTH-002,SEC-AUTH-003,SEC-AUTH-004,SEC-AUTH-005	DEFINITION_INDEXED	$sql = 'SELECT rowid,fk_user,role_code,status,token_hash,date_expiry,date_accepted,date_revoked,fk_user_sender FROM '.$db->prefix().'mjlfinancement_invitation WHERE entity='.mjl_auth_entity().' AND token_selector='.mj...
SYM-0404	custom/mjlfinancement/lib/mjl_auth.lib.php:278	FUNCTION	mjl_auth_invitation_status	implements auth invitation status	runtime library caller	read/projection/decision	SEC-AUTH-001,SEC-AUTH-002,SEC-AUTH-003,SEC-AUTH-004,SEC-AUTH-005	DEFINITION_INDEXED	function mjl_auth_invitation_status($selector)
SYM-0405	custom/mjlfinancement/lib/mjl_auth.lib.php:289	FUNCTION	mjl_auth_invitation_email	implements auth invitation email	runtime library caller	read/projection/decision	SEC-AUTH-001,SEC-AUTH-002,SEC-AUTH-003,SEC-AUTH-004,SEC-AUTH-005	DEFINITION_INDEXED	function mjl_auth_invitation_email($selector)
SYM-0406	custom/mjlfinancement/lib/mjl_auth.lib.php:298	FUNCTION	mjl_auth_accept_invitation	implements auth accept invitation	runtime library caller	read/projection/decision	SEC-AUTH-001,SEC-AUTH-002,SEC-AUTH-003,SEC-AUTH-004,SEC-AUTH-005	DEFINITION_INDEXED	function mjl_auth_accept_invitation($selector, $verifier, $password, $passwordConfirm)
SYM-0407	custom/mjlfinancement/lib/mjl_auth.lib.php:316	SQL_SITE	UPDATE@316	executes or assembles UPDATE SQL	enclosing function/method or top-level handler	state/database/session mutation or transaction control	SEC-AUTH-001,SEC-AUTH-002,SEC-AUTH-003,SEC-AUTH-004,SEC-AUTH-005	DEFINITION_INDEXED	if (!$db->query('UPDATE '.$db->prefix().'user SET statut=1 WHERE rowid='.((int) $target->id).' AND entity='.mjl_auth_entity().' AND admin=0')) throw new RuntimeException($db->lasterror());
SYM-0408	custom/mjlfinancement/lib/mjl_auth.lib.php:317	SQL_SITE	UPDATE@317	executes or assembles UPDATE SQL	enclosing function/method or top-level handler	state/database/session mutation or transaction control	SEC-AUTH-001,SEC-AUTH-002,SEC-AUTH-003,SEC-AUTH-004,SEC-AUTH-005	DEFINITION_INDEXED	"$sql = 'UPDATE '.$db->prefix().""mjlfinancement_invitation SET status='accepted', token_hash=NULL, date_accepted="".mjl_auth_now_sql().', fk_user_modif='.((int) $target->id).' WHERE rowid='.((int) $row->rowid)."" AND sta..."
SYM-0409	custom/mjlfinancement/lib/mjl_auth.lib.php:329	FUNCTION	mjl_auth_revoke_invitation	implements auth revoke invitation	runtime library caller	pure/helper or effect determined by caller	SEC-AUTH-001,SEC-AUTH-002,SEC-AUTH-003,SEC-AUTH-004,SEC-AUTH-005	DEFINITION_INDEXED	function mjl_auth_revoke_invitation($invitationId, User $actor)
SYM-0410	custom/mjlfinancement/lib/mjl_auth.lib.php:334	SQL_SITE	UPDATE@334	executes or assembles UPDATE SQL	enclosing function/method or top-level handler	state/database/session mutation or transaction control	SEC-AUTH-001,SEC-AUTH-002,SEC-AUTH-003,SEC-AUTH-004,SEC-AUTH-005	DEFINITION_INDEXED	"$sql = 'UPDATE '.$db->prefix().""mjlfinancement_invitation SET status='revoked', token_hash=NULL, date_revoked="".mjl_auth_now_sql().', fk_user_revoked='.((int) $actor->id).', fk_user_modif='.((int) $actor->id).' WHERE ..."
SYM-0411	custom/mjlfinancement/lib/mjl_auth.lib.php:343	FUNCTION	mjl_auth_reset_throttled	implements auth reset throttled	runtime library caller	pure/helper or effect determined by caller	SEC-AUTH-001,SEC-AUTH-002,SEC-AUTH-003,SEC-AUTH-004,SEC-AUTH-005	DEFINITION_INDEXED	function mjl_auth_reset_throttled($email)
SYM-0412	custom/mjlfinancement/lib/mjl_auth.lib.php:349	SQL_SITE	SELECT@349	executes or assembles SELECT SQL	enclosing function/method or top-level handler	read/projection/decision	SEC-AUTH-001,SEC-AUTH-002,SEC-AUTH-003,SEC-AUTH-004,SEC-AUTH-005	DEFINITION_INDEXED	"$sql = 'SELECT COUNT(*) AS nb FROM '.$db->prefix().""mjlfinancement_audit_event WHERE entity="".mjl_auth_entity()."" AND action LIKE 'password_reset_%' AND event_date >= '"".$db->escape($since).""' AND (context_json LIKE '..."
SYM-0413	custom/mjlfinancement/lib/mjl_auth.lib.php:354	FUNCTION	mjl_auth_create_password_reset	implements auth create password reset	runtime library caller	pure/helper or effect determined by caller	SEC-AUTH-001,SEC-AUTH-002,SEC-AUTH-003,SEC-AUTH-004,SEC-AUTH-005	DEFINITION_INDEXED	function mjl_auth_create_password_reset($email, $actorUserId = null)
SYM-0414	custom/mjlfinancement/lib/mjl_auth.lib.php:373	SQL_SITE	UPDATE@373	executes or assembles UPDATE SQL	enclosing function/method or top-level handler	state/database/session mutation or transaction control	SEC-AUTH-001,SEC-AUTH-002,SEC-AUTH-003,SEC-AUTH-004,SEC-AUTH-005	DEFINITION_INDEXED	"if (!$db->query('UPDATE '.$db->prefix().""mjlfinancement_password_reset SET status='revoked', token_hash=NULL, date_consumed="".mjl_auth_now_sql().' WHERE entity='.mjl_auth_entity().' AND fk_user='.((int) $target->id).""..."
SYM-0415	custom/mjlfinancement/lib/mjl_auth.lib.php:375	SQL_SITE	INSERT INTO@375	executes or assembles INSERT INTO SQL	enclosing function/method or top-level handler	state/database/session mutation or transaction control	SEC-AUTH-001,SEC-AUTH-002,SEC-AUTH-003,SEC-AUTH-004,SEC-AUTH-005	DEFINITION_INDEXED	"$sql = 'INSERT INTO '.$db->prefix().""mjlfinancement_password_reset (entity,fk_user,status,token_selector,token_hash,date_expiry,date_creation,fk_user_creat) VALUES ("".mjl_auth_entity().','.((int) $target->id)."",'pendi..."
SYM-0416	custom/mjlfinancement/lib/mjl_auth.lib.php:383	SQL_SITE	UPDATE@383	executes or assembles UPDATE SQL	enclosing function/method or top-level handler	state/database/session mutation or transaction control	SEC-AUTH-001,SEC-AUTH-002,SEC-AUTH-003,SEC-AUTH-004,SEC-AUTH-005	DEFINITION_INDEXED	"$sql = 'UPDATE '.$db->prefix().'mjlfinancement_password_reset SET status='.mjl_auth_string_sql($status).($status === 'send_failed' ? ',token_hash=NULL,date_consumed='.mjl_auth_now_sql() : '').' WHERE rowid='.$id."" AND..."
SYM-0417	custom/mjlfinancement/lib/mjl_auth.lib.php:390	FUNCTION	mjl_auth_fetch_reset_by_selector	implements auth fetch reset by selector	runtime library caller	read/projection/decision	SEC-AUTH-001,SEC-AUTH-002,SEC-AUTH-003,SEC-AUTH-004,SEC-AUTH-005	DEFINITION_INDEXED	function mjl_auth_fetch_reset_by_selector($selector, $forUpdate = false)
SYM-0418	custom/mjlfinancement/lib/mjl_auth.lib.php:394	SQL_SITE	SELECT@394	executes or assembles SELECT SQL	enclosing function/method or top-level handler	read/projection/decision	SEC-AUTH-001,SEC-AUTH-002,SEC-AUTH-003,SEC-AUTH-004,SEC-AUTH-005	DEFINITION_INDEXED	$sql = 'SELECT rowid,fk_user,status,token_hash,date_expiry,date_consumed FROM '.$db->prefix().'mjlfinancement_password_reset WHERE entity='.mjl_auth_entity().' AND token_selector='.mjl_auth_string_sql($selector).' LIM...
SYM-0419	custom/mjlfinancement/lib/mjl_auth.lib.php:398	FUNCTION	mjl_auth_reset_status	implements auth reset status	runtime library caller	read/projection/decision	SEC-AUTH-001,SEC-AUTH-002,SEC-AUTH-003,SEC-AUTH-004,SEC-AUTH-005	DEFINITION_INDEXED	function mjl_auth_reset_status($selector)
SYM-0420	custom/mjlfinancement/lib/mjl_auth.lib.php:404	FUNCTION	mjl_auth_reset_email	implements auth reset email	runtime library caller	read/projection/decision	SEC-AUTH-001,SEC-AUTH-002,SEC-AUTH-003,SEC-AUTH-004,SEC-AUTH-005	DEFINITION_INDEXED	function mjl_auth_reset_email($selector)
SYM-0421	custom/mjlfinancement/lib/mjl_auth.lib.php:413	FUNCTION	mjl_auth_consume_password_reset	implements auth consume password reset	runtime library caller	read/projection/decision	SEC-AUTH-001,SEC-AUTH-002,SEC-AUTH-003,SEC-AUTH-004,SEC-AUTH-005	DEFINITION_INDEXED	function mjl_auth_consume_password_reset($selector, $verifier, $password, $passwordConfirm)
SYM-0422	custom/mjlfinancement/lib/mjl_auth.lib.php:427	SQL_SITE	UPDATE@427	executes or assembles UPDATE SQL	enclosing function/method or top-level handler	state/database/session mutation or transaction control	SEC-AUTH-001,SEC-AUTH-002,SEC-AUTH-003,SEC-AUTH-004,SEC-AUTH-005	DEFINITION_INDEXED	"$sql = 'UPDATE '.$db->prefix().""mjlfinancement_password_reset SET status='consumed', token_hash=NULL, date_consumed="".mjl_auth_now_sql().', fk_user_modif='.((int) $target->id).' WHERE rowid='.((int) $row->rowid)."" AND..."
SYM-0423	custom/mjlfinancement/lib/mjl_auth.lib.php:434	FUNCTION	mjl_auth_write_test_outbox	implements auth write test outbox	runtime library caller	pure/helper or effect determined by caller	SEC-AUTH-001,SEC-AUTH-002,SEC-AUTH-003,SEC-AUTH-004,SEC-AUTH-005	DEFINITION_INDEXED	function mjl_auth_write_test_outbox($type, $userId, $link)
SYM-0424	custom/mjlfinancement/lib/mjl_auth.lib.php:445	FUNCTION	mjl_auth_e2e_tokens_enabled	implements auth e2e tokens enabled	runtime library caller	pure/helper or effect determined by caller	SEC-AUTH-001,SEC-AUTH-002,SEC-AUTH-003,SEC-AUTH-004,SEC-AUTH-005	DEFINITION_INDEXED	function mjl_auth_e2e_tokens_enabled()
SYM-0425	custom/mjlfinancement/lib/mjl_auth.lib.php:451	FUNCTION	mjl_auth_otp_enabled	implements auth otp enabled	runtime library caller	pure/helper or effect determined by caller	SEC-AUTH-001,SEC-AUTH-002,SEC-AUTH-003,SEC-AUTH-004,SEC-AUTH-005	DEFINITION_INDEXED	function mjl_auth_otp_enabled()
SYM-0426	custom/mjlfinancement/lib/mjl_auth.lib.php:456	FUNCTION	mjl_auth_otp_table_ready	implements auth otp table ready	runtime library caller	read/projection/decision	SEC-AUTH-001,SEC-AUTH-002,SEC-AUTH-003,SEC-AUTH-004,SEC-AUTH-005	DEFINITION_INDEXED	function mjl_auth_otp_table_ready()
SYM-0427	custom/mjlfinancement/lib/mjl_auth.lib.php:459	SQL_SITE	SELECT@459	executes or assembles SELECT SQL	enclosing function/method or top-level handler	read/projection/decision	SEC-AUTH-001,SEC-AUTH-002,SEC-AUTH-003,SEC-AUTH-004,SEC-AUTH-005	DEFINITION_INDEXED	"$resql = $db->query(""SELECT COUNT(*) AS nb FROM information_schema.TABLES WHERE TABLE_SCHEMA=DATABASE() AND TABLE_NAME='"".$db->escape($db->prefix().'mjlfinancement_login_otp').""'"");"
SYM-0428	custom/mjlfinancement/lib/mjl_auth.lib.php:464	FUNCTION	mjl_auth_otp_hash	implements auth otp hash	runtime library caller	pure/helper or effect determined by caller	SEC-AUTH-001,SEC-AUTH-002,SEC-AUTH-003,SEC-AUTH-004,SEC-AUTH-005	DEFINITION_INDEXED	function mjl_auth_otp_hash($purpose, $value)
SYM-0429	custom/mjlfinancement/lib/mjl_auth.lib.php:470	FUNCTION	mjl_auth_credential_hash	implements auth credential hash	runtime library caller	pure/helper or effect determined by caller	SEC-AUTH-001,SEC-AUTH-002,SEC-AUTH-003,SEC-AUTH-004,SEC-AUTH-005	DEFINITION_INDEXED	function mjl_auth_credential_hash(User $target)
SYM-0430	custom/mjlfinancement/lib/mjl_auth.lib.php:473	SQL_SITE	SELECT@473	executes or assembles SELECT SQL	enclosing function/method or top-level handler	read/projection/decision	SEC-AUTH-001,SEC-AUTH-002,SEC-AUTH-003,SEC-AUTH-004,SEC-AUTH-005	DEFINITION_INDEXED	$resql = $db->query('SELECT pass_crypted,datelastpassvalidation,flagdelsessionsbefore,email,statut,admin,entity FROM '.$db->prefix().'user WHERE rowid='.((int) $target->id).' LIMIT 1');
SYM-0431	custom/mjlfinancement/lib/mjl_auth.lib.php:480	FUNCTION	mjl_auth_otp_session_binding	implements auth otp session binding	runtime library caller	pure/helper or effect determined by caller	SEC-AUTH-001,SEC-AUTH-002,SEC-AUTH-003,SEC-AUTH-004,SEC-AUTH-005	DEFINITION_INDEXED	function mjl_auth_otp_session_binding()
SYM-0432	custom/mjlfinancement/lib/mjl_auth.lib.php:485	FUNCTION	mjl_auth_otp_clear_pending_session	implements auth otp clear pending session	runtime library caller	pure/helper or effect determined by caller	SEC-AUTH-001,SEC-AUTH-002,SEC-AUTH-003,SEC-AUTH-004,SEC-AUTH-005	DEFINITION_INDEXED	function mjl_auth_otp_clear_pending_session()
SYM-0433	custom/mjlfinancement/lib/mjl_auth.lib.php:490	FUNCTION	mjl_auth_clear_native_session	implements auth clear native session	runtime library caller	pure/helper or effect determined by caller	SEC-AUTH-001,SEC-AUTH-002,SEC-AUTH-003,SEC-AUTH-004,SEC-AUTH-005	DEFINITION_INDEXED	function mjl_auth_clear_native_session()
SYM-0434	custom/mjlfinancement/lib/mjl_auth.lib.php:495	FUNCTION	mjl_auth_safe_backtopage	implements auth safe backtopage	runtime library caller	HTTP/output/presentation	SEC-AUTH-001,SEC-AUTH-002,SEC-AUTH-003,SEC-AUTH-004,SEC-AUTH-005	DEFINITION_INDEXED	function mjl_auth_safe_backtopage($value)
SYM-0435	custom/mjlfinancement/lib/mjl_auth.lib.php:504	FUNCTION	mjl_auth_register_failed_password	implements auth register failed password	runtime library caller	pure/helper or effect determined by caller	SEC-AUTH-001,SEC-AUTH-002,SEC-AUTH-003,SEC-AUTH-004,SEC-AUTH-005	DEFINITION_INDEXED	function mjl_auth_register_failed_password($email)
SYM-0436	custom/mjlfinancement/lib/mjl_auth.lib.php:513	FUNCTION	mjl_auth_verify_password	implements auth verify password	runtime library caller	pure/helper or effect determined by caller	SEC-AUTH-001,SEC-AUTH-002,SEC-AUTH-003,SEC-AUTH-004,SEC-AUTH-005	DEFINITION_INDEXED	function mjl_auth_verify_password($email, $password)
SYM-0437	custom/mjlfinancement/lib/mjl_auth.lib.php:540	FUNCTION	mjl_auth_send_otp_email	implements auth send otp email	runtime library caller	pure/helper or effect determined by caller	SEC-AUTH-001,SEC-AUTH-002,SEC-AUTH-003,SEC-AUTH-004,SEC-AUTH-005	DEFINITION_INDEXED	function mjl_auth_send_otp_email(User $target, $code)
SYM-0438	custom/mjlfinancement/lib/mjl_auth.lib.php:545	FUNCTION	mjl_auth_start_otp	implements auth start otp	runtime library caller	HTTP/output/presentation	SEC-AUTH-001,SEC-AUTH-002,SEC-AUTH-003,SEC-AUTH-004,SEC-AUTH-005	DEFINITION_INDEXED	function mjl_auth_start_otp($email, $password, $backtopage = '')
SYM-0439	custom/mjlfinancement/lib/mjl_auth.lib.php:557	SQL_SITE	SELECT@557	executes or assembles SELECT SQL	enclosing function/method or top-level handler	read/projection/decision	SEC-AUTH-001,SEC-AUTH-002,SEC-AUTH-003,SEC-AUTH-004,SEC-AUTH-005	DEFINITION_INDEXED	"$resql = $db->query('SELECT date_lockout_until FROM '.$db->prefix().""mjlfinancement_login_otp WHERE entity="".mjl_auth_entity().' AND fk_user='.((int) $target->id)."" AND status='locked' AND date_lockout_until>"".mjl_aut..."
SYM-0440	custom/mjlfinancement/lib/mjl_auth.lib.php:560	SQL_SITE	SELECT@560	executes or assembles SELECT SQL	enclosing function/method or top-level handler	state/database/session mutation or transaction control	SEC-AUTH-001,SEC-AUTH-002,SEC-AUTH-003,SEC-AUTH-004,SEC-AUTH-005	DEFINITION_INDEXED	"$pendingResult = $db->query('SELECT rowid,credential_hash FROM '.$db->prefix().""mjlfinancement_login_otp WHERE entity="".mjl_auth_entity().' AND fk_user='.((int) $target->id)."" AND status='pending' LIMIT 1 FOR UPDATE"");"
SYM-0441	custom/mjlfinancement/lib/mjl_auth.lib.php:564	SQL_SITE	UPDATE@564	executes or assembles UPDATE SQL	enclosing function/method or top-level handler	state/database/session mutation or transaction control	SEC-AUTH-001,SEC-AUTH-002,SEC-AUTH-003,SEC-AUTH-004,SEC-AUTH-005	DEFINITION_INDEXED	"$rebound = $db->query('UPDATE '.$db->prefix().'mjlfinancement_login_otp SET session_hash='.mjl_auth_string_sql(mjl_auth_otp_hash('session', $binding)).' WHERE rowid='.$challengeId."" AND status='pending'"");"
SYM-0442	custom/mjlfinancement/lib/mjl_auth.lib.php:576	SQL_SITE	UPDATE@576	executes or assembles UPDATE SQL	enclosing function/method or top-level handler	state/database/session mutation or transaction control	SEC-AUTH-001,SEC-AUTH-002,SEC-AUTH-003,SEC-AUTH-004,SEC-AUTH-005	DEFINITION_INDEXED	"if ($pending && !$db->query('UPDATE '.$db->prefix().""mjlfinancement_login_otp SET status='cancelled',code_hash=NULL WHERE rowid="".((int) $pending->rowid)."" AND status='pending'"")) throw new RuntimeException();"
SYM-0443	custom/mjlfinancement/lib/mjl_auth.lib.php:577	SQL_SITE	INSERT INTO@577	executes or assembles INSERT INTO SQL	enclosing function/method or top-level handler	state/database/session mutation or transaction control	SEC-AUTH-001,SEC-AUTH-002,SEC-AUTH-003,SEC-AUTH-004,SEC-AUTH-005	DEFINITION_INDEXED	$sql = 'INSERT INTO '.$db->prefix().'mjlfinancement_login_otp (entity,fk_user,status,code_hash,session_hash,credential_hash,attempt_count,resend_count,date_code_issued,date_expiry,date_last_send,date_creation) VALUES (';
SYM-0444	custom/mjlfinancement/lib/mjl_auth.lib.php:584	SQL_SITE	UPDATE@584	executes or assembles UPDATE SQL	enclosing function/method or top-level handler	state/database/session mutation or transaction control	SEC-AUTH-001,SEC-AUTH-002,SEC-AUTH-003,SEC-AUTH-004,SEC-AUTH-005	DEFINITION_INDEXED	"$db->query('UPDATE '.$db->prefix().""mjlfinancement_login_otp SET status='delivery_failed',code_hash=NULL WHERE rowid="".$challengeId."" AND status='pending'"");"
SYM-0445	custom/mjlfinancement/lib/mjl_auth.lib.php:604	FUNCTION	mjl_auth_otp_pending_row	implements auth otp pending row	runtime library caller	pure/helper or effect determined by caller	SEC-AUTH-001,SEC-AUTH-002,SEC-AUTH-003,SEC-AUTH-004,SEC-AUTH-005	DEFINITION_INDEXED	function mjl_auth_otp_pending_row($forUpdate = false)
SYM-0446	custom/mjlfinancement/lib/mjl_auth.lib.php:611	SQL_SITE	SELECT@611	executes or assembles SELECT SQL	enclosing function/method or top-level handler	read/projection/decision	SEC-AUTH-001,SEC-AUTH-002,SEC-AUTH-003,SEC-AUTH-004,SEC-AUTH-005	DEFINITION_INDEXED	$sql = 'SELECT * FROM '.$db->prefix().'mjlfinancement_login_otp WHERE rowid='.$id.' AND entity='.mjl_auth_entity().' AND fk_user='.$userId.' AND session_hash='.mjl_auth_string_sql(mjl_auth_otp_hash('session', $binding...
SYM-0447	custom/mjlfinancement/lib/mjl_auth.lib.php:616	FUNCTION	mjl_auth_otp_pending	implements auth otp pending	runtime library caller	pure/helper or effect determined by caller	SEC-AUTH-001,SEC-AUTH-002,SEC-AUTH-003,SEC-AUTH-004,SEC-AUTH-005	DEFINITION_INDEXED	function mjl_auth_otp_pending()
SYM-0448	custom/mjlfinancement/lib/mjl_auth.lib.php:622	FUNCTION	mjl_auth_complete_session	implements auth complete session	runtime library caller	pure/helper or effect determined by caller	SEC-AUTH-001,SEC-AUTH-002,SEC-AUTH-003,SEC-AUTH-004,SEC-AUTH-005	DEFINITION_INDEXED	function mjl_auth_complete_session(User $target, $challengeId)
SYM-0449	custom/mjlfinancement/lib/mjl_auth.lib.php:635	FUNCTION	mjl_auth_verify_otp	implements auth verify otp	runtime library caller	pure/helper or effect determined by caller	SEC-AUTH-001,SEC-AUTH-002,SEC-AUTH-003,SEC-AUTH-004,SEC-AUTH-005	DEFINITION_INDEXED	function mjl_auth_verify_otp($code)
SYM-0450	custom/mjlfinancement/lib/mjl_auth.lib.php:651	SQL_SITE	UPDATE@651	executes or assembles UPDATE SQL	enclosing function/method or top-level handler	state/database/session mutation or transaction control	SEC-AUTH-001,SEC-AUTH-002,SEC-AUTH-003,SEC-AUTH-004,SEC-AUTH-005	DEFINITION_INDEXED	"$sql = 'UPDATE '.$db->prefix().'mjlfinancement_login_otp SET attempt_count='.$attempts.($terminal ? "",status='locked',code_hash=NULL,date_lockout_until="".mjl_auth_datetime_sql(dol_now() + 600) : '').' WHERE rowid='.((..."
SYM-0451	custom/mjlfinancement/lib/mjl_auth.lib.php:658	SQL_SITE	UPDATE@658	executes or assembles UPDATE SQL	enclosing function/method or top-level handler	state/database/session mutation or transaction control	SEC-AUTH-001,SEC-AUTH-002,SEC-AUTH-003,SEC-AUTH-004,SEC-AUTH-005	DEFINITION_INDEXED	"$invalidated = $db->query('UPDATE '.$db->prefix().""mjlfinancement_login_otp SET status='cancelled',code_hash=NULL WHERE rowid="".((int) $row->rowid)."" AND status='pending'"");"
SYM-0452	custom/mjlfinancement/lib/mjl_auth.lib.php:663	SQL_SITE	UPDATE@663	executes or assembles UPDATE SQL	enclosing function/method or top-level handler	state/database/session mutation or transaction control	SEC-AUTH-001,SEC-AUTH-002,SEC-AUTH-003,SEC-AUTH-004,SEC-AUTH-005	DEFINITION_INDEXED	"$verifiedUpdate = $db->query('UPDATE '.$db->prefix().""mjlfinancement_login_otp SET status='verified',code_hash=NULL,date_verified="".mjl_auth_now_sql().' WHERE rowid='.((int) $row->rowid)."" AND status='pending'"");"
SYM-0453	custom/mjlfinancement/lib/mjl_auth.lib.php:680	FUNCTION	mjl_auth_resend_otp	implements auth resend otp	runtime library caller	pure/helper or effect determined by caller	SEC-AUTH-001,SEC-AUTH-002,SEC-AUTH-003,SEC-AUTH-004,SEC-AUTH-005	DEFINITION_INDEXED	function mjl_auth_resend_otp()
SYM-0454	custom/mjlfinancement/lib/mjl_auth.lib.php:693	SQL_SITE	UPDATE@693	executes or assembles UPDATE SQL	enclosing function/method or top-level handler	state/database/session mutation or transaction control	SEC-AUTH-001,SEC-AUTH-002,SEC-AUTH-003,SEC-AUTH-004,SEC-AUTH-005	DEFINITION_INDEXED	"$invalidated = $db->query('UPDATE '.$db->prefix().""mjlfinancement_login_otp SET status='cancelled',code_hash=NULL WHERE rowid="".((int) $row->rowid)."" AND status='pending'"");"
SYM-0455	custom/mjlfinancement/lib/mjl_auth.lib.php:702	SQL_SITE	UPDATE@702	executes or assembles UPDATE SQL	enclosing function/method or top-level handler	state/database/session mutation or transaction control	SEC-AUTH-001,SEC-AUTH-002,SEC-AUTH-003,SEC-AUTH-004,SEC-AUTH-005	DEFINITION_INDEXED	$sql = 'UPDATE '.$db->prefix().'mjlfinancement_login_otp SET code_hash='.mjl_auth_string_sql($codeHash).',resend_count=resend_count+1,date_code_issued='.mjl_auth_now_sql().',date_expiry='.mjl_auth_datetime_sql(dol_now...
SYM-0456	custom/mjlfinancement/lib/mjl_auth.lib.php:712	FUNCTION	mjl_auth_session_is_otp_verified	implements auth session is otp verified	runtime library caller	read/projection/decision	SEC-AUTH-001,SEC-AUTH-002,SEC-AUTH-003,SEC-AUTH-004,SEC-AUTH-005	DEFINITION_INDEXED	function mjl_auth_session_is_otp_verified(User $target)
SYM-0457	custom/mjlfinancement/lib/mjl_auth.lib.php:720	SQL_SITE	SELECT@720	executes or assembles SELECT SQL	enclosing function/method or top-level handler	read/projection/decision	SEC-AUTH-001,SEC-AUTH-002,SEC-AUTH-003,SEC-AUTH-004,SEC-AUTH-005	DEFINITION_INDEXED	"$sql = 'SELECT credential_hash FROM '.$db->prefix().""mjlfinancement_login_otp WHERE rowid="".$id.' AND entity='.mjl_auth_entity().' AND fk_user='.$userId."" AND status='verified' AND session_hash="".mjl_auth_string_sql(m..."
SYM-0458	custom/mjlfinancement/lib/mjl_auth_ui.lib.php:3	FUNCTION	mjl_auth_ui_start	implements auth ui start	route renderer/presentation helper	HTTP/output/presentation	SEC-AUTH-001,SEC-AUTH-002,SEC-AUTH-003,SEC-AUTH-004,SEC-AUTH-005	DEFINITION_INDEXED	function mjl_auth_ui_start($title, $heading, $description, $headingId)
SYM-0459	custom/mjlfinancement/lib/mjl_auth_ui.lib.php:15	FUNCTION	mjl_auth_ui_end	implements auth ui end	route renderer/presentation helper	HTTP/output/presentation	SEC-AUTH-001,SEC-AUTH-002,SEC-AUTH-003,SEC-AUTH-004,SEC-AUTH-005	DEFINITION_INDEXED	function mjl_auth_ui_end()
SYM-0460	custom/mjlfinancement/lib/mjl_auth_ui.lib.php:20	FUNCTION	mjl_auth_ui_unusable_link	implements auth ui unusable link	route renderer/presentation helper	HTTP/output/presentation	SEC-AUTH-001,SEC-AUTH-002,SEC-AUTH-003,SEC-AUTH-004,SEC-AUTH-005	DEFINITION_INDEXED	function mjl_auth_ui_unusable_link()
SYM-0461	custom/mjlfinancement/lib/mjl_auth_ui.lib.php:26	FUNCTION	mjl_auth_ui_password_form	implements auth ui password form	route renderer/presentation helper	HTTP/output/presentation	SEC-AUTH-001,SEC-AUTH-002,SEC-AUTH-003,SEC-AUTH-004,SEC-AUTH-005	DEFINITION_INDEXED	function mjl_auth_ui_password_form($formId, $actionUrl, array $hidden, $email, $buttonLabel)
SYM-0462	custom/mjlfinancement/lib/mjl_csv_export.lib.php:3	FUNCTION	mjl_csv_export_neutralize_text	implements csv export neutralize text	runtime library caller	audit/export evidence or artifact	RT-012	DEFINITION_INDEXED	function mjl_csv_export_neutralize_text($value)
SYM-0463	custom/mjlfinancement/lib/mjl_csv_export.lib.php:13	FUNCTION	mjl_csv_export_generate_file	implements csv export generate file	runtime library caller	read/projection/decision	RT-012	DEFINITION_INDEXED	function mjl_csv_export_generate_file($file, $headers, $rows, $moneyFields = array())
SYM-0464	custom/mjlfinancement/lib/mjl_csv_export.lib.php:46	FUNCTION	mjl_csv_export_output	implements csv export output	runtime library caller	read/projection/decision	RT-012	DEFINITION_INDEXED	function mjl_csv_export_output($filename, $headers, $rows, $moneyFields = array())
SYM-0465	custom/mjlfinancement/lib/mjl_csv_export.lib.php:62	FUNCTION	mjl_csv_export_filename	implements csv export filename	runtime library caller	audit/export evidence or artifact	RT-012	DEFINITION_INDEXED	function mjl_csv_export_filename($slug)
SYM-0466	custom/mjlfinancement/lib/mjl_dashboard_ui.lib.php:5	FUNCTION	mjl_dashboard_profile	implements dashboard profile	route renderer/presentation helper	pure/helper or effect determined by caller	-	DEFINITION_INDEXED	function mjl_dashboard_profile($role)
SYM-0467	custom/mjlfinancement/lib/mjl_dashboard_ui.lib.php:33	FUNCTION	mjl_dashboard_count_status	implements dashboard count status	route renderer/presentation helper	read/projection/decision	-	DEFINITION_INDEXED	function mjl_dashboard_count_status(array $activities, $field, $status)
SYM-0468	custom/mjlfinancement/lib/mjl_dashboard_ui.lib.php:40	FUNCTION	mjl_dashboard_render_kpis	implements dashboard render kpis	route renderer/presentation helper	read/projection/decision	-	DEFINITION_INDEXED	function mjl_dashboard_render_kpis(array $activities, $queue, $role, array $filters)
SYM-0469	custom/mjlfinancement/lib/mjl_dashboard_ui.lib.php:56	FUNCTION	mjl_dashboard_render_execution	implements dashboard render execution	route renderer/presentation helper	read/projection/decision	-	DEFINITION_INDEXED	function mjl_dashboard_render_execution(array $activities, array $filters)
SYM-0470	custom/mjlfinancement/lib/mjl_dashboard_ui.lib.php:76	FUNCTION	mjl_dashboard_admin_cards	implements dashboard admin cards	route renderer/presentation helper	pure/helper or effect determined by caller	-	DEFINITION_INDEXED	function mjl_dashboard_admin_cards()
SYM-0471	custom/mjlfinancement/lib/mjl_email.lib.php:10	FUNCTION	mjl_email_entity	implements email entity	runtime library caller	pure/helper or effect determined by caller	SEC-AUTH-001,SEC-AUTH-002,SEC-AUTH-003,SEC-AUTH-004,SEC-AUTH-005	DEFINITION_INDEXED	function mjl_email_entity()
SYM-0472	custom/mjlfinancement/lib/mjl_email.lib.php:18	FUNCTION	mjl_email_now_sql	implements email now sql	runtime library caller	pure/helper or effect determined by caller	SEC-AUTH-001,SEC-AUTH-002,SEC-AUTH-003,SEC-AUTH-004,SEC-AUTH-005	DEFINITION_INDEXED	function mjl_email_now_sql()
SYM-0473	custom/mjlfinancement/lib/mjl_email.lib.php:25	FUNCTION	mjl_email_string_sql	implements email string sql	runtime library caller	pure/helper or effect determined by caller	SEC-AUTH-001,SEC-AUTH-002,SEC-AUTH-003,SEC-AUTH-004,SEC-AUTH-005	DEFINITION_INDEXED	function mjl_email_string_sql($value)
SYM-0474	custom/mjlfinancement/lib/mjl_email.lib.php:35	FUNCTION	mjl_email_absolute_url	implements email absolute url	runtime library caller	pure/helper or effect determined by caller	SEC-AUTH-001,SEC-AUTH-002,SEC-AUTH-003,SEC-AUTH-004,SEC-AUTH-005	DEFINITION_INDEXED	function mjl_email_absolute_url($relativeUrl)
SYM-0475	custom/mjlfinancement/lib/mjl_email.lib.php:47	FUNCTION	mjl_email_mail_from	implements email mail from	runtime library caller	pure/helper or effect determined by caller	SEC-AUTH-001,SEC-AUTH-002,SEC-AUTH-003,SEC-AUTH-004,SEC-AUTH-005	DEFINITION_INDEXED	function mjl_email_mail_from()
SYM-0476	custom/mjlfinancement/lib/mjl_email.lib.php:56	FUNCTION	mjl_email_plain_text	implements email plain text	runtime library caller	pure/helper or effect determined by caller	SEC-AUTH-001,SEC-AUTH-002,SEC-AUTH-003,SEC-AUTH-004,SEC-AUTH-005	DEFINITION_INDEXED	function mjl_email_plain_text($value, $maxLength = 500)
SYM-0477	custom/mjlfinancement/lib/mjl_email.lib.php:64	FUNCTION	mjl_email_render	implements email render	runtime library caller	HTTP/output/presentation	SEC-AUTH-001,SEC-AUTH-002,SEC-AUTH-003,SEC-AUTH-004,SEC-AUTH-005	DEFINITION_INDEXED	function mjl_email_render($template, array $context)
SYM-0478	custom/mjlfinancement/lib/mjl_email.lib.php:124	FUNCTION	mjl_email_send	implements email send	runtime library caller	audit/export evidence or artifact	SEC-AUTH-001,SEC-AUTH-002,SEC-AUTH-003,SEC-AUTH-004,SEC-AUTH-005	DEFINITION_INDEXED	function mjl_email_send(User $recipient, $template, array $context, array $audit = array())
SYM-0479	custom/mjlfinancement/lib/mjl_email.lib.php:161	FUNCTION	mjl_email_record_event	implements email record event	runtime library caller	audit/export evidence or artifact	SEC-AUTH-001,SEC-AUTH-002,SEC-AUTH-003,SEC-AUTH-004,SEC-AUTH-005	DEFINITION_INDEXED	function mjl_email_record_event($event, User $recipient, array $audit, $template, $extraContext = '')
SYM-0480	custom/mjlfinancement/lib/mjl_email.lib.php:198	FUNCTION	mjl_email_context_string	implements email context string	runtime library caller	pure/helper or effect determined by caller	SEC-AUTH-001,SEC-AUTH-002,SEC-AUTH-003,SEC-AUTH-004,SEC-AUTH-005	DEFINITION_INDEXED	function mjl_email_context_string(array $context)
SYM-0481	custom/mjlfinancement/lib/mjl_email.lib.php:207	FUNCTION	mjl_email_context_value	implements email context value	runtime library caller	pure/helper or effect determined by caller	SEC-AUTH-001,SEC-AUTH-002,SEC-AUTH-003,SEC-AUTH-004,SEC-AUTH-005	DEFINITION_INDEXED	function mjl_email_context_value($value)
SYM-0482	custom/mjlfinancement/lib/mjl_email.lib.php:212	FUNCTION	mjl_email_e2e_enabled	implements email e2e enabled	runtime library caller	pure/helper or effect determined by caller	SEC-AUTH-001,SEC-AUTH-002,SEC-AUTH-003,SEC-AUTH-004,SEC-AUTH-005	DEFINITION_INDEXED	function mjl_email_e2e_enabled()
SYM-0483	custom/mjlfinancement/lib/mjl_email.lib.php:221	SQL_SITE	SELECT@221	executes or assembles SELECT SQL	enclosing function/method or top-level handler	read/projection/decision	SEC-AUTH-001,SEC-AUTH-002,SEC-AUTH-003,SEC-AUTH-004,SEC-AUTH-005	DEFINITION_INDEXED	"$sql = 'SELECT value FROM '.$db->prefix().""const WHERE name = 'MJL_AUTH_E2E_EXPOSE_TOKENS'"";"
SYM-0484	custom/mjlfinancement/lib/mjl_email.lib.php:231	FUNCTION	mjl_email_write_test_outbox	implements email write test outbox	runtime library caller	HTTP/output/presentation	SEC-AUTH-001,SEC-AUTH-002,SEC-AUTH-003,SEC-AUTH-004,SEC-AUTH-005	DEFINITION_INDEXED	function mjl_email_write_test_outbox($template, User $recipient, array $rendered, array $context)
SYM-0485	custom/mjlfinancement/lib/mjl_email.lib.php:283	FUNCTION	mjl_email_store_e2e_const	implements email store e2e const	runtime library caller	pure/helper or effect determined by caller	SEC-AUTH-001,SEC-AUTH-002,SEC-AUTH-003,SEC-AUTH-004,SEC-AUTH-005	DEFINITION_INDEXED	function mjl_email_store_e2e_const($name, $value)
SYM-0486	custom/mjlfinancement/lib/mjl_email.lib.php:287	SQL_SITE	DELETE FROM@287	executes or assembles DELETE FROM SQL	enclosing function/method or top-level handler	state/database/session mutation or transaction control	SEC-AUTH-001,SEC-AUTH-002,SEC-AUTH-003,SEC-AUTH-004,SEC-AUTH-005	DEFINITION_INDEXED	$sql = 'DELETE FROM '.$db->prefix().'const WHERE name = '.mjl_email_string_sql($name).' AND entity = '.mjl_email_entity();
SYM-0487	custom/mjlfinancement/lib/mjl_email.lib.php:291	SQL_SITE	INSERT INTO@291	executes or assembles INSERT INTO SQL	enclosing function/method or top-level handler	state/database/session mutation or transaction control	SEC-AUTH-001,SEC-AUTH-002,SEC-AUTH-003,SEC-AUTH-004,SEC-AUTH-005	DEFINITION_INDEXED	$sql = 'INSERT INTO '.$db->prefix().'const (name, entity, value, type, visible, note) VALUES (';
SYM-0488	custom/mjlfinancement/lib/mjl_email_presentation.lib.php:4	FUNCTION	mjl_email_templates	implements email templates	route renderer/presentation helper	pure/helper or effect determined by caller	SEC-AUTH-001,SEC-AUTH-002,SEC-AUTH-003,SEC-AUTH-004,SEC-AUTH-005	DEFINITION_INDEXED	function mjl_email_templates()
SYM-0489	custom/mjlfinancement/lib/mjl_exception_ui.lib.php:9	FUNCTION	mjl_exception_action	implements exception action	route renderer/presentation helper	HTTP/output/presentation	-	DEFINITION_INDEXED	function mjl_exception_action(array $options, $formHtml)
SYM-0490	custom/mjlfinancement/lib/mjl_exception_ui.lib.php:25	FUNCTION	mjl_exception_dialog	implements exception dialog	route renderer/presentation helper	pure/helper or effect determined by caller	-	DEFINITION_INDEXED	function mjl_exception_dialog()
SYM-0491	custom/mjlfinancement/lib/mjl_execution.lib.php:5	FUNCTION	mjl_execution_porto_novo_date	implements execution porto novo date	runtime library caller	pure/helper or effect determined by caller	-	DEFINITION_INDEXED	function mjl_execution_porto_novo_date($instant)
SYM-0492	custom/mjlfinancement/lib/mjl_execution.lib.php:12	FUNCTION	mjl_execution_project_status	implements execution project status	runtime library caller	read/projection/decision	-	DEFINITION_INDEXED	function mjl_execution_project_status(array $activity, array $operations, $localDate)
SYM-0493	custom/mjlfinancement/lib/mjl_execution.lib.php:32	FUNCTION	mjl_execution_summarize	implements execution summarize	runtime library caller	pure/helper or effect determined by caller	-	DEFINITION_INDEXED	function mjl_execution_summarize(array $operations)
SYM-0494	custom/mjlfinancement/lib/mjl_execution.lib.php:72	FUNCTION	mjl_execution_variance_percent	implements execution variance percent	runtime library caller	pure/helper or effect determined by caller	-	DEFINITION_INDEXED	function mjl_execution_variance_percent($spent, $authorized)
SYM-0495	custom/mjlfinancement/lib/mjl_execution.lib.php:89	FUNCTION	mjl_execution_variance_amount	implements execution variance amount	runtime library caller	pure/helper or effect determined by caller	-	DEFINITION_INDEXED	function mjl_execution_variance_amount($spent, $authorized)
SYM-0496	custom/mjlfinancement/lib/mjl_execution.lib.php:102	FUNCTION	mjl_execution_unsigned_decimal	implements execution unsigned decimal	runtime library caller	pure/helper or effect determined by caller	-	DEFINITION_INDEXED	function mjl_execution_unsigned_decimal($value)
SYM-0497	custom/mjlfinancement/lib/mjl_execution.lib.php:109	FUNCTION	mjl_execution_decimal_compare	implements execution decimal compare	runtime library caller	pure/helper or effect determined by caller	-	DEFINITION_INDEXED	function mjl_execution_decimal_compare($left, $right)
SYM-0498	custom/mjlfinancement/lib/mjl_execution.lib.php:117	FUNCTION	mjl_execution_decimal_add	implements execution decimal add	runtime library caller	pure/helper or effect determined by caller	-	DEFINITION_INDEXED	function mjl_execution_decimal_add($left, $right)
SYM-0499	custom/mjlfinancement/lib/mjl_execution.lib.php:133	FUNCTION	mjl_execution_decimal_subtract	implements execution decimal subtract	runtime library caller	pure/helper or effect determined by caller	-	DEFINITION_INDEXED	function mjl_execution_decimal_subtract($larger, $smaller)
SYM-0500	custom/mjlfinancement/lib/mjl_execution.lib.php:148	FUNCTION	mjl_execution_decimal_divmod	implements execution decimal divmod	runtime library caller	pure/helper or effect determined by caller	-	DEFINITION_INDEXED	function mjl_execution_decimal_divmod($dividend, $divisor)
SYM-0501	custom/mjlfinancement/lib/mjl_feedback.lib.php:4	FUNCTION	mjl_feedback_registry	implements feedback registry	runtime library caller	pure/helper or effect determined by caller	-	DEFINITION_INDEXED	function mjl_feedback_registry()
SYM-0502	custom/mjlfinancement/lib/mjl_feedback.lib.php:31	FUNCTION	mjl_feedback_definition	implements feedback definition	runtime library caller	pure/helper or effect determined by caller	-	DEFINITION_INDEXED	function mjl_feedback_definition($message, $tone, array $allowedContext = array())
SYM-0503	custom/mjlfinancement/lib/mjl_feedback.lib.php:36	FUNCTION	mjl_feedback_reset_request_state	implements feedback reset request state	runtime library caller	pure/helper or effect determined by caller	-	DEFINITION_INDEXED	function mjl_feedback_reset_request_state()
SYM-0504	custom/mjlfinancement/lib/mjl_feedback.lib.php:41	FUNCTION	mjl_feedback_add	implements feedback add	runtime library caller	pure/helper or effect determined by caller	-	DEFINITION_INDEXED	function mjl_feedback_add($operationKey, $messageKey, array $context = array())
SYM-0505	custom/mjlfinancement/lib/mjl_feedback.lib.php:69	FUNCTION	mjl_feedback_random_marker	implements feedback random marker	runtime library caller	pure/helper or effect determined by caller	-	DEFINITION_INDEXED	function mjl_feedback_random_marker()
SYM-0506	custom/mjlfinancement/lib/mjl_feedback.lib.php:74	FUNCTION	mjl_feedback_log_invalid	implements feedback log invalid	runtime library caller	pure/helper or effect determined by caller	-	DEFINITION_INDEXED	function mjl_feedback_log_invalid($operationKey, $messageKey)
SYM-0507	custom/mjlfinancement/lib/mjl_feedback.lib.php:81	FUNCTION	mjl_feedback_events	implements feedback events	runtime library caller	pure/helper or effect determined by caller	-	DEFINITION_INDEXED	function mjl_feedback_events()
SYM-0508	custom/mjlfinancement/lib/mjl_feedback.lib.php:97	FUNCTION	mjl_feedback_render_and_clear	implements feedback render and clear	runtime library caller	HTTP/output/presentation	-	DEFINITION_INDEXED	function mjl_feedback_render_and_clear()
SYM-0509	custom/mjlfinancement/lib/mjl_form.lib.php:3	CONSTANT	MJL_FORM_RECOVERY_TTL	declares runtime vocabulary/configuration constant	runtime library caller	pure/helper or effect determined by caller	RT-003	DEFINITION_INDEXED	define('MJL_FORM_RECOVERY_TTL', 600);
SYM-0510	custom/mjlfinancement/lib/mjl_form.lib.php:4	CONSTANT	MJL_FORM_RECOVERY_MAX_PENDING	declares runtime vocabulary/configuration constant	runtime library caller	pure/helper or effect determined by caller	RT-003	DEFINITION_INDEXED	define('MJL_FORM_RECOVERY_MAX_PENDING', 10);
SYM-0511	custom/mjlfinancement/lib/mjl_form.lib.php:5	CONSTANT	MJL_FORM_RECOVERY_MAX_BYTES	declares runtime vocabulary/configuration constant	runtime library caller	pure/helper or effect determined by caller	RT-003	DEFINITION_INDEXED	define('MJL_FORM_RECOVERY_MAX_BYTES', 65536);
SYM-0512	custom/mjlfinancement/lib/mjl_form.lib.php:7	FUNCTION	mjl_form_recovery_store	implements form recovery store	runtime library caller	pure/helper or effect determined by caller	RT-003	DEFINITION_INDEXED	function mjl_form_recovery_store($context, $values, $allowedFields, &$reason = '', $errors = array())
SYM-0513	custom/mjlfinancement/lib/mjl_form.lib.php:69	FUNCTION	mjl_form_recovery_consume	implements form recovery consume	runtime library caller	pure/helper or effect determined by caller	RT-003	DEFINITION_INDEXED	function mjl_form_recovery_consume($handle, $expectedContext)
SYM-0514	custom/mjlfinancement/lib/mjl_form.lib.php:91	FUNCTION	mjl_form_recovery_consume_route	implements form recovery consume route	runtime library caller	HTTP/output/presentation	RT-003	DEFINITION_INDEXED	function mjl_form_recovery_consume_route($handle, $baseContext, $allowedForms)
SYM-0515	custom/mjlfinancement/lib/mjl_form.lib.php:119	FUNCTION	mjl_form_recovery_discard	implements form recovery discard	runtime library caller	pure/helper or effect determined by caller	RT-003	DEFINITION_INDEXED	function mjl_form_recovery_discard($handle)
SYM-0516	custom/mjlfinancement/lib/mjl_form.lib.php:129	FUNCTION	mjl_form_recovery_pending_count	implements form recovery pending count	runtime library caller	pure/helper or effect determined by caller	RT-003	DEFINITION_INDEXED	function mjl_form_recovery_pending_count()
SYM-0517	custom/mjlfinancement/lib/mjl_form.lib.php:135	FUNCTION	mjl_form_recovery_prune	implements form recovery prune	runtime library caller	pure/helper or effect determined by caller	RT-003	DEFINITION_INDEXED	function mjl_form_recovery_prune()
SYM-0518	custom/mjlfinancement/lib/mjl_form.lib.php:147	FUNCTION	mjl_form_recovery_normalize_context	implements form recovery normalize context	runtime library caller	pure/helper or effect determined by caller	RT-003	DEFINITION_INDEXED	function mjl_form_recovery_normalize_context($context)
SYM-0519	custom/mjlfinancement/lib/mjl_form.lib.php:165	FUNCTION	mjl_form_recovery_store_ref	implements form recovery store ref	runtime library caller	pure/helper or effect determined by caller	RT-003	DEFINITION_INDEXED	function mjl_form_recovery_store_ref()
SYM-0520	custom/mjlfinancement/lib/mjl_form.lib.php:176	FUNCTION	mjl_form_recovery_set_store	implements form recovery set store	runtime library caller	pure/helper or effect determined by caller	RT-003	DEFINITION_INDEXED	function mjl_form_recovery_set_store($store)
SYM-0521	custom/mjlfinancement/lib/mjl_form.lib.php:181	FUNCTION	mjl_form_error_summary	implements form error summary	runtime library caller	pure/helper or effect determined by caller	RT-003	DEFINITION_INDEXED	function mjl_form_error_summary($errors, $title = 'Corrigez les champs indiqués', $idPrefix = 'mjl-field-', $autofocus = false)
SYM-0522	custom/mjlfinancement/lib/mjl_form.lib.php:200	FUNCTION	mjl_form_field	implements form field	runtime library caller	HTTP/output/presentation	RT-003	DEFINITION_INDEXED	function mjl_form_field($name, $label, $controlHtml, $required = false, $description = '', $error = '', $idPrefix = 'mjl-field-')
SYM-0523	custom/mjlfinancement/lib/mjl_form.lib.php:220	FUNCTION	mjl_form_id_prefix	implements form id prefix	runtime library caller	pure/helper or effect determined by caller	RT-003	DEFINITION_INDEXED	function mjl_form_id_prefix($prefix)
SYM-0524	custom/mjlfinancement/lib/mjl_form.lib.php:226	FUNCTION	mjl_form_escape	implements form escape	runtime library caller	pure/helper or effect determined by caller	RT-003	DEFINITION_INDEXED	function mjl_form_escape($value)
SYM-0525	custom/mjlfinancement/lib/mjl_form_submission.lib.php:3	CONSTANT	MJL_FORM_SUBMISSION_TTL	declares runtime vocabulary/configuration constant	runtime library caller	pure/helper or effect determined by caller	RT-003	DEFINITION_INDEXED	if (!defined('MJL_FORM_SUBMISSION_TTL')) define('MJL_FORM_SUBMISSION_TTL', 7200);
SYM-0526	custom/mjlfinancement/lib/mjl_form_submission.lib.php:4	CONSTANT	MJL_FORM_SUBMISSION_MAX_PENDING	declares runtime vocabulary/configuration constant	runtime library caller	pure/helper or effect determined by caller	RT-003	DEFINITION_INDEXED	if (!defined('MJL_FORM_SUBMISSION_MAX_PENDING')) define('MJL_FORM_SUBMISSION_MAX_PENDING', 20);
SYM-0527	custom/mjlfinancement/lib/mjl_form_submission.lib.php:7	FUNCTION	mjl_form_submission_issue	implements form submission issue	runtime library caller	pure/helper or effect determined by caller	RT-003	DEFINITION_INDEXED	function mjl_form_submission_issue($context, &$reason = '')
SYM-0528	custom/mjlfinancement/lib/mjl_form_submission.lib.php:48	FUNCTION	mjl_form_submission_consume	implements form submission consume	runtime library caller	pure/helper or effect determined by caller	RT-003	DEFINITION_INDEXED	function mjl_form_submission_consume($token, $expectedContext, &$reason = '')
SYM-0529	custom/mjlfinancement/lib/mjl_form_submission.lib.php:86	FUNCTION	mjl_form_submission_prune	implements form submission prune	runtime library caller	pure/helper or effect determined by caller	RT-003	DEFINITION_INDEXED	function mjl_form_submission_prune()
SYM-0530	custom/mjlfinancement/lib/mjl_form_submission.lib.php:96	FUNCTION	mjl_form_submission_normalize_context	implements form submission normalize context	runtime library caller	pure/helper or effect determined by caller	RT-003	DEFINITION_INDEXED	function mjl_form_submission_normalize_context($context)
SYM-0531	custom/mjlfinancement/lib/mjl_form_submission.lib.php:123	FUNCTION	mjl_form_submission_store	implements form submission store	runtime library caller	pure/helper or effect determined by caller	RT-003	DEFINITION_INDEXED	function mjl_form_submission_store()
SYM-0532	custom/mjlfinancement/lib/mjl_form_submission.lib.php:130	FUNCTION	mjl_form_submission_set_store	implements form submission set store	runtime library caller	pure/helper or effect determined by caller	RT-003	DEFINITION_INDEXED	function mjl_form_submission_set_store($store)
SYM-0533	custom/mjlfinancement/lib/mjl_monitoring.lib.php:7	FUNCTION	mjl_monitoring_date	implements monitoring date	runtime library caller	pure/helper or effect determined by caller	RT-010	DEFINITION_INDEXED	function mjl_monitoring_date()
SYM-0534	custom/mjlfinancement/lib/mjl_monitoring.lib.php:15	FUNCTION	mjl_monitoring_activity_projection	implements monitoring activity projection	runtime library caller	read/projection/decision	RT-010	DEFINITION_INDEXED	function mjl_monitoring_activity_projection(array $activity, array $operations, $localDate)
SYM-0535	custom/mjlfinancement/lib/mjl_monitoring.lib.php:35	FUNCTION	mjl_monitoring_money_fields	implements monitoring money fields	runtime library caller	pure/helper or effect determined by caller	RT-010	DEFINITION_INDEXED	function mjl_monitoring_money_fields()
SYM-0536	custom/mjlfinancement/lib/mjl_monitoring.lib.php:40	FUNCTION	mjl_monitoring_totals	implements monitoring totals	runtime library caller	pure/helper or effect determined by caller	RT-010	DEFINITION_INDEXED	function mjl_monitoring_totals(array $activities)
SYM-0537	custom/mjlfinancement/lib/mjl_monitoring.lib.php:51	FUNCTION	mjl_monitoring_labels	implements monitoring labels	runtime library caller	pure/helper or effect determined by caller	RT-010	DEFINITION_INDEXED	function mjl_monitoring_labels()
SYM-0538	custom/mjlfinancement/lib/mjl_monitoring.lib.php:57	FUNCTION	mjl_monitoring_variance	implements monitoring variance	runtime library caller	pure/helper or effect determined by caller	RT-010	DEFINITION_INDEXED	function mjl_monitoring_variance($spent, $authorized)
SYM-0539	custom/mjlfinancement/lib/mjl_monitoring.lib.php:76	FUNCTION	mjl_monitoring_filters	implements monitoring filters	runtime library caller	read/projection/decision	RT-010	DEFINITION_INDEXED	function mjl_monitoring_filters(array $source, $audit = false)
SYM-0540	custom/mjlfinancement/lib/mjl_monitoring.lib.php:104	FUNCTION	mjl_monitoring_deadline_alerts	implements monitoring deadline alerts	runtime library caller	pure/helper or effect determined by caller	RT-010	DEFINITION_INDEXED	function mjl_monitoring_deadline_alerts(array $activity, array $operations, $localDate, $canEditExecution)
SYM-0541	custom/mjlfinancement/lib/mjl_monitoring_access.lib.php:6	FUNCTION	mjl_monitoring_readiness	implements monitoring readiness	runtime library caller	read/projection/decision	RT-010	DEFINITION_INDEXED	function mjl_monitoring_readiness()
SYM-0542	custom/mjlfinancement/lib/mjl_monitoring_access.lib.php:13	SQL_SITE	SELECT@13	executes or assembles SELECT SQL	enclosing function/method or top-level handler	read/projection/decision	RT-010	DEFINITION_INDEXED	$res=$db->query('SELECT @@session.max_statement_time AS statement_time');
SYM-0543	custom/mjlfinancement/lib/mjl_monitoring_access.lib.php:17	SQL_SITE	SELECT@17	executes or assembles SELECT SQL	enclosing function/method or top-level handler	read/projection/decision	RT-010	DEFINITION_INDEXED	"$res=$db->query(""SELECT COUNT(*) AS n FROM information_schema.TABLES WHERE TABLE_SCHEMA=DATABASE() AND TABLE_NAME='"".$db->escape($db->prefix().'mjlfinancement_export_record').""'"");"
SYM-0544	custom/mjlfinancement/lib/mjl_monitoring_route.lib.php:8	FUNCTION	mjl_monitoring_url	implements monitoring url	thin HTTP adapter or rendered form	read/projection/decision	RT-010	DEFINITION_INDEXED	function mjl_monitoring_url($kind, array $filters=array(), array $extra=array())
SYM-0545	custom/mjlfinancement/lib/mjl_monitoring_route.lib.php:16	FUNCTION	mjl_monitoring_filter_form	implements monitoring filter form	thin HTTP adapter or rendered form	read/projection/decision	RT-010	DEFINITION_INDEXED	function mjl_monitoring_filter_form(array $filters, array $choices, $kind, array $extra=array())
SYM-0546	custom/mjlfinancement/lib/mjl_monitoring_route.lib.php:50	FUNCTION	mjl_monitoring_pagination	implements monitoring pagination	thin HTTP adapter or rendered form	read/projection/decision	RT-010	DEFINITION_INDEXED	function mjl_monitoring_pagination($kind, array $filters, $count, $label, array $extra=array())
SYM-0547	custom/mjlfinancement/lib/mjl_monitoring_route.lib.php:59	FUNCTION	mjl_monitoring_financial_cards	implements monitoring financial cards	thin HTTP adapter or rendered form	read/projection/decision	RT-010	DEFINITION_INDEXED	function mjl_monitoring_financial_cards(array $activities, array $filters)
SYM-0548	custom/mjlfinancement/lib/mjl_monitoring_route.lib.php:77	FUNCTION	mjl_monitoring_stage_counts	implements monitoring stage counts	thin HTTP adapter or rendered form	read/projection/decision	RT-010	DEFINITION_INDEXED	function mjl_monitoring_stage_counts(array $activities, array $filters)
SYM-0549	custom/mjlfinancement/lib/mjl_monitoring_route.lib.php:86	FUNCTION	mjl_monitoring_queue	implements monitoring queue	thin HTTP adapter or rendered form	pure/helper or effect determined by caller	RT-010	DEFINITION_INDEXED	function mjl_monitoring_queue(array $activities, array $requests, $role, $actorId, $date)
SYM-0550	custom/mjlfinancement/lib/mjl_monitoring_route.lib.php:109	FUNCTION	mjl_monitoring_alerts	implements monitoring alerts	thin HTTP adapter or rendered form	pure/helper or effect determined by caller	RT-010	DEFINITION_INDEXED	function mjl_monitoring_alerts(array $activities, $role, $actorId, $date)
SYM-0551	custom/mjlfinancement/lib/mjl_monitoring_route.lib.php:129	FUNCTION	mjl_monitoring_render_items	implements monitoring render items	thin HTTP adapter or rendered form	HTTP/output/presentation	RT-010	DEFINITION_INDEXED	function mjl_monitoring_render_items(array $items, $alerts=false)
SYM-0552	custom/mjlfinancement/lib/mjl_monitoring_route.lib.php:137	FUNCTION	mjl_monitoring_activity_list	implements monitoring activity list	thin HTTP adapter or rendered form	read/projection/decision	RT-010	DEFINITION_INDEXED	function mjl_monitoring_activity_list(array $activities, array $filters, $role, $actorId, $date)
SYM-0553	custom/mjlfinancement/lib/mjl_monitoring_route.lib.php:184	FUNCTION	mjl_monitoring_page	implements monitoring page	thin HTTP adapter or rendered form	HTTP/output/presentation	RT-010	BEHAVIOR_MAPPED	function mjl_monitoring_page($kind)
SYM-0554	custom/mjlfinancement/lib/mjl_monitoring_route.lib.php:270	FUNCTION	mjl_monitoring_requests_view	implements monitoring requests view	thin HTTP adapter or rendered form	read/projection/decision	RT-010	DEFINITION_INDEXED	function mjl_monitoring_requests_view($requests, array $filters, array $requestFilters)
SYM-0555	custom/mjlfinancement/lib/mjl_monitoring_work.lib.php:5	FUNCTION	mjl_monitoring_dashboard_totals	implements monitoring dashboard totals	runtime library caller	pure/helper or effect determined by caller	RT-010	DEFINITION_INDEXED	function mjl_monitoring_dashboard_totals(array $activities)
SYM-0556	custom/mjlfinancement/lib/mjl_monitoring_work.lib.php:17	FUNCTION	mjl_monitoring_activity_actions	implements monitoring activity actions	runtime library caller	pure/helper or effect determined by caller	RT-010	DEFINITION_INDEXED	function mjl_monitoring_activity_actions(array $activity, $role, $actorId, $date)
SYM-0557	custom/mjlfinancement/lib/mjl_monitoring_work.lib.php:37	FUNCTION	mjl_monitoring_operation_set_hash	implements monitoring operation set hash	runtime library caller	pure/helper or effect determined by caller	RT-010	DEFINITION_INDEXED	function mjl_monitoring_operation_set_hash(array $operations)
SYM-0558	custom/mjlfinancement/lib/mjl_monitoring_work.lib.php:44	FUNCTION	mjl_monitoring_request_actions	implements monitoring request actions	runtime library caller	pure/helper or effect determined by caller	RT-010	DEFINITION_INDEXED	function mjl_monitoring_request_actions(array $request, array $activity, array $operations, $role, $actorId)
SYM-0559	custom/mjlfinancement/lib/mjl_native_modules.lib.php:5	FUNCTION	mjl_native_modules_disabled_for_workspace	implements native modules disabled for workspace	runtime library caller	pure/helper or effect determined by caller	DB-004,LIFE-001,LIFE-003,LIFE-004,RT-014	DEFINITION_INDEXED	function mjl_native_modules_disabled_for_workspace()
SYM-0560	custom/mjlfinancement/lib/mjl_native_modules.lib.php:21	FUNCTION	mjl_native_modules_disable_workspace_modules	implements native modules disable workspace modules	runtime library caller	pure/helper or effect determined by caller	DB-004,LIFE-001,LIFE-003,LIFE-004	DEFINITION_INDEXED	function mjl_native_modules_disable_workspace_modules($logger = null)
SYM-0561	custom/mjlfinancement/lib/mjl_navigation.lib.php:8	FUNCTION	mjl_navigation_policy_allows	implements navigation policy allows	runtime library caller	pure/helper or effect determined by caller	SEC-AUTHZ-001,SEC-AUTHZ-002,SEC-AUTHZ-003,SEC-AUTHZ-004	DEFINITION_INDEXED	function mjl_navigation_policy_allows(User $targetUser, $policy)
SYM-0562	custom/mjlfinancement/lib/mjl_navigation.lib.php:24	FUNCTION	mjl_navigation_sections	implements navigation sections	runtime library caller	pure/helper or effect determined by caller	SEC-AUTHZ-001,SEC-AUTHZ-002,SEC-AUTHZ-003,SEC-AUTHZ-004	DEFINITION_INDEXED	function mjl_navigation_sections(User $targetUser)
SYM-0563	custom/mjlfinancement/lib/mjl_navigation.lib.php:33	FUNCTION	mjl_navigation_user_can_enter	implements navigation user can enter	runtime library caller	read/projection/decision	SEC-AUTHZ-001,SEC-AUTHZ-002,SEC-AUTHZ-003,SEC-AUTHZ-004	DEFINITION_INDEXED	function mjl_navigation_user_can_enter(User $targetUser)
SYM-0564	custom/mjlfinancement/lib/mjl_navigation.lib.php:38	FUNCTION	mjl_navigation_items	implements navigation items	runtime library caller	pure/helper or effect determined by caller	SEC-AUTHZ-001,SEC-AUTHZ-002,SEC-AUTHZ-003,SEC-AUTHZ-004	DEFINITION_INDEXED	function mjl_navigation_items(User $targetUser)
SYM-0565	custom/mjlfinancement/lib/mjl_navigation.lib.php:45	FUNCTION	mjl_navigation_current_state	implements navigation current state	runtime library caller	pure/helper or effect determined by caller	SEC-AUTHZ-001,SEC-AUTHZ-002,SEC-AUTHZ-003,SEC-AUTHZ-004	DEFINITION_INDEXED	function mjl_navigation_current_state()
SYM-0566	custom/mjlfinancement/lib/mjl_navigation.lib.php:51	FUNCTION	mjl_navigation_icon	implements navigation icon	runtime library caller	pure/helper or effect determined by caller	SEC-AUTHZ-001,SEC-AUTHZ-002,SEC-AUTHZ-003,SEC-AUTHZ-004	DEFINITION_INDEXED	function mjl_navigation_icon($id)
SYM-0567	custom/mjlfinancement/lib/mjl_navigation.lib.php:65	FUNCTION	mjl_navigation_shell_start	implements navigation shell start	runtime library caller	pure/helper or effect determined by caller	SEC-AUTHZ-001,SEC-AUTHZ-002,SEC-AUTHZ-003,SEC-AUTHZ-004	DEFINITION_INDEXED	function mjl_navigation_shell_start(User $targetUser)
SYM-0568	custom/mjlfinancement/lib/mjl_navigation.lib.php:108	FUNCTION	mjl_navigation_shell_end	implements navigation shell end	runtime library caller	pure/helper or effect determined by caller	SEC-AUTHZ-001,SEC-AUTHZ-002,SEC-AUTHZ-003,SEC-AUTHZ-004	DEFINITION_INDEXED	function mjl_navigation_shell_end()
SYM-0569	custom/mjlfinancement/lib/mjl_navigation_registry.lib.php:3	FUNCTION	mjl_navigation_leaf	implements navigation leaf	runtime library caller	pure/helper or effect determined by caller	SEC-AUTHZ-001,SEC-AUTHZ-002,SEC-AUTHZ-003,SEC-AUTHZ-004	DEFINITION_INDEXED	function mjl_navigation_leaf($categoryId, $id, $label, $path, $order, $accessPolicy, array $aliases = array())
SYM-0570	custom/mjlfinancement/lib/mjl_navigation_registry.lib.php:18	FUNCTION	mjl_navigation_registry	implements navigation registry	runtime library caller	pure/helper or effect determined by caller	SEC-AUTHZ-001,SEC-AUTHZ-002,SEC-AUTHZ-003,SEC-AUTHZ-004	DEFINITION_INDEXED	function mjl_navigation_registry()
SYM-0571	custom/mjlfinancement/lib/mjl_navigation_registry.lib.php:47	FUNCTION	mjl_navigation_normalize_request_path	implements navigation normalize request path	runtime library caller	pure/helper or effect determined by caller	SEC-AUTHZ-001,SEC-AUTHZ-002,SEC-AUTHZ-003,SEC-AUTHZ-004	DEFINITION_INDEXED	function mjl_navigation_normalize_request_path($requestUri, $dolUrlRoot = '')
SYM-0572	custom/mjlfinancement/lib/mjl_navigation_registry.lib.php:56	FUNCTION	mjl_navigation_project_registry	implements navigation project registry	runtime library caller	pure/helper or effect determined by caller	SEC-AUTHZ-001,SEC-AUTHZ-002,SEC-AUTHZ-003,SEC-AUTHZ-004	DEFINITION_INDEXED	function mjl_navigation_project_registry(array $allowedPolicies)
SYM-0573	custom/mjlfinancement/lib/mjl_navigation_registry.lib.php:67	FUNCTION	mjl_navigation_active_state	implements navigation active state	runtime library caller	pure/helper or effect determined by caller	SEC-AUTHZ-001,SEC-AUTHZ-002,SEC-AUTHZ-003,SEC-AUTHZ-004	DEFINITION_INDEXED	function mjl_navigation_active_state($requestUri, $dolUrlRoot = '')
SYM-0574	custom/mjlfinancement/lib/mjl_navigation_registry.lib.php:80	FUNCTION	mjl_navigation_active_item_id	implements navigation active item id	runtime library caller	pure/helper or effect determined by caller	SEC-AUTHZ-001,SEC-AUTHZ-002,SEC-AUTHZ-003,SEC-AUTHZ-004	DEFINITION_INDEXED	function mjl_navigation_active_item_id($requestUri, $dolUrlRoot = '')
SYM-0575	custom/mjlfinancement/lib/mjl_navigation_registry.lib.php:86	FUNCTION	mjl_navigation_shell_projection	implements navigation shell projection	runtime library caller	read/projection/decision	SEC-AUTHZ-001,SEC-AUTHZ-002,SEC-AUTHZ-003,SEC-AUTHZ-004	DEFINITION_INDEXED	function mjl_navigation_shell_projection(array $sections)
SYM-0576	custom/mjlfinancement/lib/mjl_operation_consultation.lib.php:11	FUNCTION	mjl_operation_consultation_link	implements operation consultation link	runtime library caller	pure/helper or effect determined by caller	-	DEFINITION_INDEXED	function mjl_operation_consultation_link(array $operation, array $context)
SYM-0577	custom/mjlfinancement/lib/mjl_operation_consultation.lib.php:38	FUNCTION	mjl_operation_consultation_drawer	implements operation consultation drawer	runtime library caller	pure/helper or effect determined by caller	-	DEFINITION_INDEXED	function mjl_operation_consultation_drawer()
SYM-0578	custom/mjlfinancement/lib/mjl_operation_request_route.lib.php:10	FUNCTION	mjl_request_forbidden	implements request forbidden	thin HTTP adapter or rendered form	HTTP/output/presentation	-	DEFINITION_INDEXED	function mjl_request_forbidden(){http_response_code(403);header('Content-Type: text/plain; charset=UTF-8');print 'Forbidden';exit;}
SYM-0579	custom/mjlfinancement/lib/mjl_operation_request_route.lib.php:11	FUNCTION	mjl_request_bad	implements request bad	thin HTTP adapter or rendered form	HTTP/output/presentation	-	DEFINITION_INDEXED	function mjl_request_bad(){http_response_code(400);header('Content-Type: text/plain; charset=UTF-8');print 'Requête non valide';exit;}
SYM-0580	custom/mjlfinancement/lib/mjl_operation_request_route.lib.php:12	FUNCTION	mjl_request_decimal	implements request decimal	thin HTTP adapter or rendered form	read/projection/decision	-	DEFINITION_INDEXED	function mjl_request_decimal($name,array $source){if(!isset($source[$name])||!is_scalar($source[$name]))return '';$value=(string)$source[$name];return preg_match('/^[1-9][0-9]*$/',$value)===1&&strlen($value)<=19&&(strlen($value)<19||strcmp($value,'9223372036854775807')<=0)?$value:'';}
SYM-0581	custom/mjlfinancement/lib/mjl_operation_request_route.lib.php:13	FUNCTION	mjl_request_status_label	implements request status label	thin HTTP adapter or rendered form	read/projection/decision	-	DEFINITION_INDEXED	function mjl_request_status_label($status){$value=mjl_ui_request_status($status);return $value['label'];}
SYM-0582	custom/mjlfinancement/lib/mjl_operation_request_route.lib.php:14	FUNCTION	mjl_request_unavailable	implements request unavailable	thin HTTP adapter or rendered form	HTTP/output/presentation	-	DEFINITION_INDEXED	"function mjl_request_unavailable(){global $user;http_response_code(503);llxHeader('','Demandes d’exception');mjl_navigation_shell_start($user);print '<div class=""mjl-workspace"">'.mjl_page_header_render('Demandes d’exception').'<section class=""mjl-workspace-section"">'.mjl_ui_system_state('unavailable','Demandes indisponibles','Le service ne peut pas charger les demandes pour le moment. Réessayez plus tard.').'</section></div>';mjl_navigation_shell_end();llxFooter();}"
SYM-0583	custom/mjlfinancement/lib/mjl_operation_request_route.lib.php:15	FUNCTION	mjl_request_context	implements request context	thin HTTP adapter or rendered form	HTTP/output/presentation	-	DEFINITION_INDEXED	function mjl_request_context($action,$type,$id,$version){global $conf,$user;return array('user_id'=>(int)$user->id,'entity'=>(int)$conf->entity,'route'=>'operationrequests','form'=>$type,'action'=>$action,'object_id'=>(int)$id,'version'=>(int)$version);}
SYM-0584	custom/mjlfinancement/lib/mjl_operation_request_route.lib.php:16	FUNCTION	mjl_request_hidden	implements request hidden	thin HTTP adapter or rendered form	HTTP/output/presentation	-	DEFINITION_INDEXED	"function mjl_request_hidden($action,$type,$id,$version){return '<input type=""hidden"" name=""token"" value=""'.dol_escape_htmltag(newToken()).'""><input type=""hidden"" name=""mjl_submission"" value=""'.dol_escape_htmltag(mjl_form_submission_issue(mjl_request_context($action,$type,$id,$version))).'""><input type=""hidden"" name=""action"" value=""'.$action.'""><input type=""hidden"" name=""request_type"" value=""'.$type.'""><input type=""hidden"" name=""request_id"" value=""'.(int)$id.'""><input type=""hidden"" name=""version"" value=""'.(int)$version.'"">';}"
SYM-0585	custom/mjlfinancement/lib/mjl_operation_request_route.lib.php:18	FUNCTION	mjl_operation_request_route	implements operation request route	thin HTTP adapter or rendered form	HTTP/output/presentation	-	DEFINITION_INDEXED	function mjl_operation_request_route()
SYM-0586	custom/mjlfinancement/lib/mjl_operation_request_route.lib.php:28	SQL_SITE	SELECT@28	executes or assembles SELECT SQL	enclosing function/method or top-level handler	read/projection/decision	-	DEFINITION_INDEXED	$res=$db->query('SELECT * FROM ('.implode(' UNION ALL ',$queries).') requests ORDER BY date_request DESC,request_type,rowid DESC LIMIT 51 OFFSET '.$offset);if(!$res){mjl_request_unavailable();return;}$rows=array();whi...
SYM-0587	custom/mjlfinancement/lib/mjl_operation_request_route.lib.php:37	FUNCTION	mjl_request_feedback	implements request feedback	thin HTTP adapter or rendered form	read/projection/decision	-	DEFINITION_INDEXED	function mjl_request_feedback(){if(!isset($_GET['result'])||!is_scalar($_GET['result']))return '';$code=(string)$_GET['result'];$map=array('OK'=>array('success','Décision enregistrée','La demande a été mise à jour.'),'STALE_VERSION'=>array('warning','La demande a changé','Rechargez la page.'),'RETRYABLE_CONFLICT'=>array('warning','Conflit temporaire','Une autre action est en cours. Rechargez la page et réessayez.'),'CONFLICT'=>array('warning','Demande devenue obsolète','La cible ou une demande liée a changé.'),'FORBIDDEN'=>array('danger','Action non autorisée','Votre rôle ne permet pas cette action.'),'INVALID_INPUT'=>array('danger','Saisie non valide','Vérifiez le motif et réessayez.'),'FAILED'=>array('danger','Échec','Aucune modification n’a été enregistrée.'));return isset($map[$code])?mjl_ui_system_state($map[$code][0],$map[$code][1],$map[$code][2]):'';}
SYM-0588	custom/mjlfinancement/lib/mjl_operation_request_route.lib.php:39	FUNCTION	mjl_request_post	implements request post	thin HTTP adapter or rendered form	pure/helper or effect determined by caller	-	BEHAVIOR_MAPPED	function mjl_request_post()
SYM-0589	custom/mjlfinancement/lib/mjl_operation_request_route.lib.php:44	FUNCTION	mjl_request_render	implements request render	thin HTTP adapter or rendered form	HTTP/output/presentation	-	DEFINITION_INDEXED	function mjl_request_render($row)
SYM-0590	custom/mjlfinancement/lib/mjl_operation_route.lib.php:12	FUNCTION	mjl_operation_forbidden	implements operation forbidden	thin HTTP adapter or rendered form	HTTP/output/presentation	-	DEFINITION_INDEXED	function mjl_operation_forbidden() { http_response_code(403); header('Content-Type: text/plain; charset=UTF-8'); print 'Forbidden'; exit; }
SYM-0591	custom/mjlfinancement/lib/mjl_operation_route.lib.php:13	FUNCTION	mjl_operation_bad_request	implements operation bad request	thin HTTP adapter or rendered form	HTTP/output/presentation	-	DEFINITION_INDEXED	function mjl_operation_bad_request() { http_response_code(400); header('Content-Type: text/plain; charset=UTF-8'); print 'Requête non valide'; exit; }
SYM-0592	custom/mjlfinancement/lib/mjl_operation_route.lib.php:15	FUNCTION	mjl_operation_decimal	implements operation decimal	thin HTTP adapter or rendered form	pure/helper or effect determined by caller	-	DEFINITION_INDEXED	function mjl_operation_decimal($name, array $source, $allowZero = false)
SYM-0593	custom/mjlfinancement/lib/mjl_operation_route.lib.php:22	FUNCTION	mjl_operation_nullable_amount	implements operation nullable amount	thin HTTP adapter or rendered form	pure/helper or effect determined by caller	-	DEFINITION_INDEXED	function mjl_operation_nullable_amount($name,array $source)
SYM-0594	custom/mjlfinancement/lib/mjl_operation_route.lib.php:29	FUNCTION	mjl_operation_context	implements operation context	thin HTTP adapter or rendered form	pure/helper or effect determined by caller	-	DEFINITION_INDEXED	function mjl_operation_context($action,$activityId,$operationId,$version)
SYM-0595	custom/mjlfinancement/lib/mjl_operation_route.lib.php:35	FUNCTION	mjl_operation_hidden	implements operation hidden	thin HTTP adapter or rendered form	pure/helper or effect determined by caller	-	DEFINITION_INDEXED	function mjl_operation_hidden($action,$activityId,$operationId,$version)
SYM-0596	custom/mjlfinancement/lib/mjl_operation_route.lib.php:40	FUNCTION	mjl_operation_status_label	implements operation status label	thin HTTP adapter or rendered form	read/projection/decision	-	DEFINITION_INDEXED	function mjl_operation_status_label($status)
SYM-0597	custom/mjlfinancement/lib/mjl_operation_route.lib.php:46	FUNCTION	mjl_operation_route	implements operation route	thin HTTP adapter or rendered form	HTTP/output/presentation	-	BEHAVIOR_MAPPED	function mjl_operation_route()
SYM-0598	custom/mjlfinancement/lib/mjl_operation_route.lib.php:58	SQL_SITE	SELECT@58	executes or assembles SELECT SQL	enclosing function/method or top-level handler	read/projection/decision	-	DEFINITION_INDEXED	$sql='SELECT o.rowid,o.version,o.name,o.authorized_amount,o.spent_amount,o.observation,o.status,a.rowid AS activity_id,a.ref AS activity_ref,a.name AS activity_name,a.validation_status,a.is_cancelled,t.label AS type_l...
SYM-0599	custom/mjlfinancement/lib/mjl_operation_route.lib.php:70	FUNCTION	mjl_operation_feedback	implements operation feedback	thin HTTP adapter or rendered form	pure/helper or effect determined by caller	-	DEFINITION_INDEXED	function mjl_operation_feedback()
SYM-0600	custom/mjlfinancement/lib/mjl_operation_route.lib.php:77	FUNCTION	mjl_operation_post	implements operation post	thin HTTP adapter or rendered form	pure/helper or effect determined by caller	-	BEHAVIOR_MAPPED	function mjl_operation_post()
SYM-0601	custom/mjlfinancement/lib/mjl_operation_route.lib.php:94	FUNCTION	mjl_operation_render_rows	implements operation render rows	thin HTTP adapter or rendered form	read/projection/decision	-	DEFINITION_INDEXED	function mjl_operation_render_rows(array $rows)
SYM-0602	custom/mjlfinancement/lib/mjl_page_header.lib.php:16	FUNCTION	mjl_page_header_render	implements page header render	runtime library caller	HTTP/output/presentation	-	DEFINITION_INDEXED	function mjl_page_header_render($title, $options = array())
SYM-0603	custom/mjlfinancement/lib/mjl_page_header.lib.php:85	FUNCTION	mjl_page_header_action_is_renderable	implements page header action is renderable	runtime library caller	read/projection/decision	-	DEFINITION_INDEXED	function mjl_page_header_action_is_renderable($action)
SYM-0604	custom/mjlfinancement/lib/mjl_page_header.lib.php:91	FUNCTION	mjl_page_header_render_action	implements page header render action	runtime library caller	HTTP/output/presentation	-	DEFINITION_INDEXED	function mjl_page_header_render_action($action, $priority)
SYM-0605	custom/mjlfinancement/lib/mjl_page_header.lib.php:96	FUNCTION	mjl_page_header_escape	implements page header escape	runtime library caller	HTTP/output/presentation	-	DEFINITION_INDEXED	function mjl_page_header_escape($value)
SYM-0606	custom/mjlfinancement/lib/mjl_presentation.lib.php:9	FUNCTION	mjl_presentation_numeric_value	implements presentation numeric value	route renderer/presentation helper	pure/helper or effect determined by caller	-	DEFINITION_INDEXED	function mjl_presentation_numeric_value($value)
SYM-0607	custom/mjlfinancement/lib/mjl_presentation.lib.php:16	FUNCTION	mjl_format_number	implements format number	route renderer/presentation helper	HTTP/output/presentation	-	DEFINITION_INDEXED	function mjl_format_number($value, $kind = 'decimal', $precision = null, $emptyLabel = 'Non renseigné')
SYM-0608	custom/mjlfinancement/lib/mjl_presentation.lib.php:31	FUNCTION	mjl_format_money	implements format money	route renderer/presentation helper	HTTP/output/presentation	-	DEFINITION_INDEXED	function mjl_format_money($value, $currency = 'XOF', $emptyLabel = 'Non renseigné')
SYM-0609	custom/mjlfinancement/lib/mjl_presentation.lib.php:47	FUNCTION	mjl_format_date	implements format date	route renderer/presentation helper	HTTP/output/presentation	-	DEFINITION_INDEXED	function mjl_format_date($value, $style = 'date', $emptyLabel = 'Non renseigné')
SYM-0610	custom/mjlfinancement/lib/mjl_presentation.lib.php:86	FUNCTION	mjl_presentation_timezone	implements presentation timezone	route renderer/presentation helper	pure/helper or effect determined by caller	-	DEFINITION_INDEXED	function mjl_presentation_timezone($identifier)
SYM-0611	custom/mjlfinancement/lib/mjl_presentation.lib.php:93	FUNCTION	mjl_presentation_user_timezone	implements presentation user timezone	route renderer/presentation helper	pure/helper or effect determined by caller	-	DEFINITION_INDEXED	function mjl_presentation_user_timezone()
SYM-0612	custom/mjlfinancement/lib/mjl_presentation.lib.php:103	FUNCTION	mjl_presentation_date_parse_succeeded	implements presentation date parse succeeded	route renderer/presentation helper	pure/helper or effect determined by caller	-	DEFINITION_INDEXED	function mjl_presentation_date_parse_succeeded($date)
SYM-0613	custom/mjlfinancement/lib/mjl_presentation.lib.php:110	FUNCTION	mjl_safe_internal_path	implements safe internal path	route renderer/presentation helper	pure/helper or effect determined by caller	-	DEFINITION_INDEXED	function mjl_safe_internal_path($value)
SYM-0614	custom/mjlfinancement/lib/mjl_presentation.lib.php:125	FUNCTION	mjl_internal_path_layer_is_safe	implements internal path layer is safe	route renderer/presentation helper	read/projection/decision	-	DEFINITION_INDEXED	function mjl_internal_path_layer_is_safe($value)
SYM-0615	custom/mjlfinancement/lib/mjl_presentation.lib.php:136	FUNCTION	mjl_public_url_for_internal_path	implements public url for internal path	route renderer/presentation helper	pure/helper or effect determined by caller	-	DEFINITION_INDEXED	function mjl_public_url_for_internal_path($path, $trustedOrigin = '')
SYM-0616	custom/mjlfinancement/lib/mjl_project_recovery.lib.php:10	FUNCTION	mjl_project_recovery_registry	implements project recovery registry	runtime library caller	pure/helper or effect determined by caller	-	DEFINITION_INDEXED	function mjl_project_recovery_registry()
SYM-0617	custom/mjlfinancement/lib/mjl_project_recovery.lib.php:26	FUNCTION	mjl_project_recovery_prepare_values	implements project recovery prepare values	runtime library caller	read/projection/decision	-	DEFINITION_INDEXED	function mjl_project_recovery_prepare_values($request, $validatedPartnerId = null, $validatedStatus = null)
SYM-0618	custom/mjlfinancement/lib/mjl_project_recovery.lib.php:46	FUNCTION	mjl_project_recovery_restore_values	implements project recovery restore values	runtime library caller	pure/helper or effect determined by caller	-	DEFINITION_INDEXED	function mjl_project_recovery_restore_values($storedValues, $partnerIsAccessible)
SYM-0619	custom/mjlfinancement/lib/mjl_project_recovery.lib.php:61	FUNCTION	mjl_project_recovery_config	implements project recovery config	runtime library caller	pure/helper or effect determined by caller	-	DEFINITION_INDEXED	function mjl_project_recovery_config($action)
SYM-0620	custom/mjlfinancement/lib/mjl_project_recovery.lib.php:66	FUNCTION	mjl_project_recovery_consume_allowlist	implements project recovery consume allowlist	runtime library caller	read/projection/decision	-	DEFINITION_INDEXED	function mjl_project_recovery_consume_allowlist()
SYM-0621	custom/mjlfinancement/lib/mjl_recovery_registry.lib.php:10	FUNCTION	mjl_recovery_registry_config	implements recovery registry config	runtime library caller	pure/helper or effect determined by caller	-	DEFINITION_INDEXED	function mjl_recovery_registry_config($registry, $action)
SYM-0622	custom/mjlfinancement/lib/mjl_recovery_registry.lib.php:18	FUNCTION	mjl_recovery_registry_consume_allowlist	implements recovery registry consume allowlist	runtime library caller	read/projection/decision	-	DEFINITION_INDEXED	function mjl_recovery_registry_consume_allowlist($registry)
SYM-0623	custom/mjlfinancement/lib/mjl_recovery_registry.lib.php:34	FUNCTION	mjl_recovery_registry_is_valid	implements recovery registry is valid	runtime library caller	read/projection/decision	-	DEFINITION_INDEXED	function mjl_recovery_registry_is_valid($registry)
SYM-0624	custom/mjlfinancement/lib/mjl_recovery_registry.lib.php:66	FUNCTION	mjl_recovery_registry_valid_name	implements recovery registry valid name	runtime library caller	pure/helper or effect determined by caller	-	DEFINITION_INDEXED	function mjl_recovery_registry_valid_name($name)
SYM-0625	custom/mjlfinancement/lib/mjl_recovery_registry.lib.php:71	FUNCTION	mjl_recovery_registry_forbidden_action	implements recovery registry forbidden action	runtime library caller	pure/helper or effect determined by caller	-	DEFINITION_INDEXED	function mjl_recovery_registry_forbidden_action($action)
SYM-0626	custom/mjlfinancement/lib/mjl_recovery_registry.lib.php:76	FUNCTION	mjl_recovery_registry_forbidden_field	implements recovery registry forbidden field	runtime library caller	pure/helper or effect determined by caller	-	DEFINITION_INDEXED	function mjl_recovery_registry_forbidden_field($field)
SYM-0627	custom/mjlfinancement/lib/mjl_reference.lib.php:11	FUNCTION	mjl_reference_forbidden	implements reference forbidden	runtime library caller	pure/helper or effect determined by caller	RT-010,DB-002	DEFINITION_INDEXED	function mjl_reference_forbidden($message = '')
SYM-0628	custom/mjlfinancement/lib/mjl_reference.lib.php:17	FUNCTION	mjl_reference_require_read	implements reference require read	runtime library caller	read/projection/decision	RT-010,DB-002	DEFINITION_INDEXED	function mjl_reference_require_read(User $targetUser)
SYM-0629	custom/mjlfinancement/lib/mjl_reference.lib.php:24	FUNCTION	mjl_reference_can_manage	implements reference can manage	runtime library caller	read/projection/decision	RT-010,DB-002	DEFINITION_INDEXED	function mjl_reference_can_manage(User $targetUser)
SYM-0630	custom/mjlfinancement/lib/mjl_reference.lib.php:29	FUNCTION	mjl_reference_require_manage	implements reference require manage	runtime library caller	pure/helper or effect determined by caller	RT-010,DB-002	DEFINITION_INDEXED	function mjl_reference_require_manage(User $targetUser)
SYM-0631	custom/mjlfinancement/lib/mjl_reference.lib.php:36	FUNCTION	mjl_reference_lock_current_manager	implements reference lock current manager	runtime library caller	pure/helper or effect determined by caller	RT-010,DB-002	DEFINITION_INDEXED	function mjl_reference_lock_current_manager(User $targetUser)
SYM-0632	custom/mjlfinancement/lib/mjl_reference.lib.php:39	SQL_SITE	SELECT@39	executes or assembles SELECT SQL	enclosing function/method or top-level handler	read/projection/decision	RT-010,DB-002	DEFINITION_INDEXED	$sql = 'SELECT rowid FROM '.$db->prefix().'mjlfinancement_user_role WHERE entity = '.((int) $conf->entity);
SYM-0633	custom/mjlfinancement/lib/mjl_reference.lib.php:41	SQL_SITE	UPDATE@41	executes or assembles UPDATE SQL	enclosing function/method or top-level handler	state/database/session mutation or transaction control	RT-010,DB-002	DEFINITION_INDEXED	$sql .= ' AND date_start <= NOW() AND (date_end IS NULL OR date_end >= NOW()) ORDER BY rowid LIMIT 1 FOR UPDATE';
SYM-0634	custom/mjlfinancement/lib/mjl_reference.lib.php:46	FUNCTION	mjl_reference_config	implements reference config	runtime library caller	pure/helper or effect determined by caller	RT-010,DB-002	DEFINITION_INDEXED	function mjl_reference_config($kind)
SYM-0635	custom/mjlfinancement/lib/mjl_reference.lib.php:57	FUNCTION	mjl_reference_fetch	implements reference fetch	runtime library caller	read/projection/decision	RT-010,DB-002	DEFINITION_INDEXED	function mjl_reference_fetch($kind, $id, $forUpdate = false)
SYM-0636	custom/mjlfinancement/lib/mjl_reference.lib.php:63	SQL_SITE	SELECT@63	executes or assembles SELECT SQL	enclosing function/method or top-level handler	read/projection/decision	RT-010,DB-002	DEFINITION_INDEXED	$sql = 'SELECT rowid, entity, nom, status, tms FROM '.$db->prefix().'societe WHERE rowid = '.$id.' AND entity = '.((int) $conf->entity);
SYM-0637	custom/mjlfinancement/lib/mjl_reference.lib.php:65	SQL_SITE	SELECT@65	executes or assembles SELECT SQL	enclosing function/method or top-level handler	read/projection/decision	RT-010,DB-002	DEFINITION_INDEXED	$sql = 'SELECT p.rowid, p.entity, p.ref, p.title, p.fk_soc, p.fk_statut, p.tms, s.nom AS partner_name, s.status AS partner_status FROM '.$db->prefix().'projet p INNER JOIN '.$db->prefix().'societe s ON s.rowid = p.fk_...
SYM-0638	custom/mjlfinancement/lib/mjl_reference.lib.php:67	SQL_SITE	SELECT@67	executes or assembles SELECT SQL	enclosing function/method or top-level handler	read/projection/decision	RT-010,DB-002	DEFINITION_INDEXED	$sql = 'SELECT rowid, entity, label, is_active, tms FROM '.$db->prefix().'mjlfinancement_operation_type WHERE rowid = '.$id.' AND entity = '.((int) $conf->entity);
SYM-0639	custom/mjlfinancement/lib/mjl_reference.lib.php:69	SQL_SITE	UPDATE@69	executes or assembles UPDATE SQL	enclosing function/method or top-level handler	state/database/session mutation or transaction control	RT-010,DB-002	DEFINITION_INDEXED	if ($forUpdate) $sql .= ' FOR UPDATE';
SYM-0640	custom/mjlfinancement/lib/mjl_reference.lib.php:75	FUNCTION	mjl_reference_is_active	implements reference is active	runtime library caller	read/projection/decision	RT-010,DB-002	DEFINITION_INDEXED	function mjl_reference_is_active($kind, $row)
SYM-0641	custom/mjlfinancement/lib/mjl_reference.lib.php:82	FUNCTION	mjl_reference_is_reader_visible	implements reference is reader visible	runtime library caller	read/projection/decision	RT-010,DB-002	DEFINITION_INDEXED	function mjl_reference_is_reader_visible($kind, $row)
SYM-0642	custom/mjlfinancement/lib/mjl_reference.lib.php:88	FUNCTION	mjl_reference_fingerprint	implements reference fingerprint	runtime library caller	pure/helper or effect determined by caller	RT-010,DB-002	DEFINITION_INDEXED	function mjl_reference_fingerprint($kind, $row)
SYM-0643	custom/mjlfinancement/lib/mjl_reference.lib.php:98	FUNCTION	mjl_reference_check_fingerprint	implements reference check fingerprint	runtime library caller	pure/helper or effect determined by caller	RT-010,DB-002	DEFINITION_INDEXED	function mjl_reference_check_fingerprint($kind, $row, $submitted)
SYM-0644	custom/mjlfinancement/lib/mjl_reference.lib.php:103	FUNCTION	mjl_reference_list	implements reference list	runtime library caller	read/projection/decision	RT-010,DB-002	DEFINITION_INDEXED	function mjl_reference_list($kind)
SYM-0645	custom/mjlfinancement/lib/mjl_reference.lib.php:108	SQL_SITE	SELECT@108	executes or assembles SELECT SQL	enclosing function/method or top-level handler	read/projection/decision	RT-010,DB-002	DEFINITION_INDEXED	$sql = 'SELECT rowid, nom AS label, status AS active FROM '.$db->prefix().'societe WHERE entity = '.((int) $conf->entity).($includeInactive ? '' : ' AND status = 1').' ORDER BY nom, rowid';
SYM-0646	custom/mjlfinancement/lib/mjl_reference.lib.php:110	SQL_SITE	SELECT@110	executes or assembles SELECT SQL	enclosing function/method or top-level handler	read/projection/decision	RT-010,DB-002	DEFINITION_INDEXED	$sql = 'SELECT p.rowid, p.title AS label, CASE WHEN p.fk_statut = '.Project::STATUS_VALIDATED.' THEN 1 ELSE 0 END AS active, s.nom AS parent_label FROM '.$db->prefix().'projet p INNER JOIN '.$db->prefix().'societe s O...
SYM-0647	custom/mjlfinancement/lib/mjl_reference.lib.php:112	SQL_SITE	SELECT@112	executes or assembles SELECT SQL	enclosing function/method or top-level handler	read/projection/decision	RT-010,DB-002	DEFINITION_INDEXED	$sql = 'SELECT rowid, label, is_active AS active FROM '.$db->prefix().'mjlfinancement_operation_type WHERE entity = '.((int) $conf->entity).($includeInactive ? '' : ' AND is_active = 1').' ORDER BY label, rowid';
SYM-0648	custom/mjlfinancement/lib/mjl_reference.lib.php:121	FUNCTION	mjl_reference_active_partners	implements reference active partners	runtime library caller	pure/helper or effect determined by caller	RT-010,DB-002	DEFINITION_INDEXED	function mjl_reference_active_partners()
SYM-0649	custom/mjlfinancement/lib/mjl_reference.lib.php:124	SQL_SITE	SELECT@124	executes or assembles SELECT SQL	enclosing function/method or top-level handler	read/projection/decision	RT-010,DB-002	DEFINITION_INDEXED	$result = $db->query('SELECT rowid, nom FROM '.$db->prefix().'societe WHERE entity = '.((int) $conf->entity).' AND status = 1 ORDER BY nom, rowid');
SYM-0650	custom/mjlfinancement/lib/mjl_reference.lib.php:130	FUNCTION	mjl_reference_audit	implements reference audit	runtime library caller	read/projection/decision	RT-010,DB-002	DEFINITION_INDEXED	function mjl_reference_audit($kind, $id, $status, User $actor, $action, $changes)
SYM-0651	custom/mjlfinancement/lib/mjl_reference.lib.php:136	FUNCTION	mjl_reference_label_from_request	implements reference label from request	runtime library caller	pure/helper or effect determined by caller	RT-010,DB-002	DEFINITION_INDEXED	function mjl_reference_label_from_request()
SYM-0652	custom/mjlfinancement/lib/mjl_reference.lib.php:141	FUNCTION	mjl_reference_project_ref	implements reference project ref	runtime library caller	pure/helper or effect determined by caller	RT-010,DB-002	DEFINITION_INDEXED	function mjl_reference_project_ref()
SYM-0653	custom/mjlfinancement/lib/mjl_reference.lib.php:146	FUNCTION	mjl_reference_project_ref_exists	implements reference project ref exists	runtime library caller	pure/helper or effect determined by caller	RT-010,DB-002	DEFINITION_INDEXED	function mjl_reference_project_ref_exists($ref, $entity)
SYM-0654	custom/mjlfinancement/lib/mjl_reference.lib.php:149	SQL_SITE	SELECT@149	executes or assembles SELECT SQL	enclosing function/method or top-level handler	read/projection/decision	RT-010,DB-002	DEFINITION_INDEXED	"$result = $db->query('SELECT rowid FROM '.$db->prefix().""projet WHERE ref = '"".$db->escape($ref).""' AND entity = "".((int) $entity).' LIMIT 1');"
SYM-0655	custom/mjlfinancement/lib/mjl_reference.lib.php:153	FUNCTION	mjl_reference_create	implements reference create	runtime library caller	pure/helper or effect determined by caller	RT-010,DB-002	BEHAVIOR_MAPPED	function mjl_reference_create($kind, $label, $partnerId = 0)
SYM-0656	custom/mjlfinancement/lib/mjl_reference.lib.php:202	FUNCTION	mjl_reference_project_update_label	implements reference project update label	runtime library caller	pure/helper or effect determined by caller	RT-010,DB-002	DEFINITION_INDEXED	function mjl_reference_project_update_label($row, $label)
SYM-0657	custom/mjlfinancement/lib/mjl_reference.lib.php:211	FUNCTION	mjl_reference_project_lock_parent_then_project	implements reference project lock parent then project	runtime library caller	pure/helper or effect determined by caller	RT-010,DB-002	DEFINITION_INDEXED	function mjl_reference_project_lock_parent_then_project($id)
SYM-0658	custom/mjlfinancement/lib/mjl_reference.lib.php:222	FUNCTION	mjl_reference_update_label	implements reference update label	runtime library caller	pure/helper or effect determined by caller	RT-010,DB-002	BEHAVIOR_MAPPED	function mjl_reference_update_label($kind, $id, $label, $fingerprint)
SYM-0659	custom/mjlfinancement/lib/mjl_reference.lib.php:271	FUNCTION	mjl_reference_set_active	implements reference set active	runtime library caller	pure/helper or effect determined by caller	RT-010,DB-002	BEHAVIOR_MAPPED	function mjl_reference_set_active($kind, $id, $active, $fingerprint)
SYM-0660	custom/mjlfinancement/lib/mjl_reference.lib.php:300	SQL_SITE	SELECT@300	executes or assembles SELECT SQL	enclosing function/method or top-level handler	state/database/session mutation or transaction control	RT-010,DB-002	DEFINITION_INDEXED	$projectResult = $db->query('SELECT rowid FROM '.$db->prefix().'projet WHERE entity = '.((int) $conf->entity).' AND fk_soc = '.((int) $id).' AND fk_statut = '.Project::STATUS_VALIDATED.' ORDER BY rowid FOR UPDATE');
SYM-0661	custom/mjlfinancement/lib/mjl_reference_route.lib.php:9	FUNCTION	mjl_reference_route	implements reference route	thin HTTP adapter or rendered form	HTTP/output/presentation	RT-010,DB-002	BEHAVIOR_MAPPED	function mjl_reference_route($kind)
SYM-0662	custom/mjlfinancement/lib/mjl_reference_route.lib.php:45	FUNCTION	mjl_reference_context	implements reference context	thin HTTP adapter or rendered form	pure/helper or effect determined by caller	RT-010,DB-002	DEFINITION_INDEXED	function mjl_reference_context($config, $action, $id)
SYM-0663	custom/mjlfinancement/lib/mjl_reference_route.lib.php:51	FUNCTION	mjl_reference_route_post	implements reference route post	thin HTTP adapter or rendered form	HTTP/output/presentation	RT-010,DB-002	DEFINITION_INDEXED	function mjl_reference_route_post($kind, $config, $id, $action)
SYM-0664	custom/mjlfinancement/lib/mjl_reference_route.lib.php:82	FUNCTION	mjl_reference_route_recovery	implements reference route recovery	thin HTTP adapter or rendered form	HTTP/output/presentation	RT-010,DB-002	DEFINITION_INDEXED	function mjl_reference_route_recovery($config, $id, $action)
SYM-0665	custom/mjlfinancement/lib/mjl_reference_route.lib.php:90	FUNCTION	mjl_reference_redirect	implements reference redirect	thin HTTP adapter or rendered form	HTTP/output/presentation	RT-010,DB-002	DEFINITION_INDEXED	function mjl_reference_redirect($config, $id = 0, $action = '', $handle = '')
SYM-0666	custom/mjlfinancement/lib/mjl_reference_route.lib.php:100	FUNCTION	mjl_reference_render_list	implements reference render list	thin HTTP adapter or rendered form	read/projection/decision	RT-010,DB-002	DEFINITION_INDEXED	function mjl_reference_render_list($kind, $config)
SYM-0667	custom/mjlfinancement/lib/mjl_reference_route.lib.php:125	FUNCTION	mjl_reference_render_detail	implements reference render detail	thin HTTP adapter or rendered form	HTTP/output/presentation	RT-010,DB-002	DEFINITION_INDEXED	function mjl_reference_render_detail($kind, $config, $row)
SYM-0668	custom/mjlfinancement/lib/mjl_reference_route.lib.php:145	FUNCTION	mjl_reference_render_form	implements reference render form	thin HTTP adapter or rendered form	HTTP/output/presentation	RT-010,DB-002	DEFINITION_INDEXED	function mjl_reference_render_form($kind, $config, $row, $action, $recovery)
SYM-0669	custom/mjlfinancement/lib/mjl_reference_route.lib.php:184	FUNCTION	mjl_reference_hidden_fields	implements reference hidden fields	thin HTTP adapter or rendered form	pure/helper or effect determined by caller	RT-010,DB-002	DEFINITION_INDEXED	function mjl_reference_hidden_fields($config, $action, $id, $fingerprint)
SYM-0670	custom/mjlfinancement/lib/mjl_reference_ui.lib.php:13	FUNCTION	mjl_reference_ui_list	implements reference ui list	route renderer/presentation helper	read/projection/decision	RT-010,DB-002	DEFINITION_INDEXED	function mjl_reference_ui_list($kind, $config, $rows, $canManage)
SYM-0671	custom/mjlfinancement/lib/mjl_reference_ui.lib.php:49	FUNCTION	mjl_reference_ui_page_dialog	implements reference ui page dialog	route renderer/presentation helper	HTTP/output/presentation	RT-010,DB-002	DEFINITION_INDEXED	function mjl_reference_ui_page_dialog($kind, $title, $description, $body, $cancelHref)
SYM-0672	custom/mjlfinancement/lib/mjl_reference_ui.lib.php:55	FUNCTION	mjl_reference_ui_lifecycle	implements reference ui lifecycle	route renderer/presentation helper	HTTP/output/presentation	RT-010,DB-002	DEFINITION_INDEXED	function mjl_reference_ui_lifecycle($kind, $config, $row, $form)
SYM-0673	custom/mjlfinancement/lib/mjl_report_data.lib.php:6	FUNCTION	mjl_report_titles	implements report titles	runtime library caller	audit/export evidence or artifact	RT-012	DEFINITION_INDEXED	function mjl_report_titles()
SYM-0674	custom/mjlfinancement/lib/mjl_report_data.lib.php:12	FUNCTION	mjl_report_validate_request	implements report validate request	runtime library caller	HTTP/output/presentation	RT-012	DEFINITION_INDEXED	function mjl_report_validate_request($type, $format, array $source, $preview=false)
SYM-0675	custom/mjlfinancement/lib/mjl_report_data.lib.php:25	FUNCTION	mjl_report_portfolio	implements report portfolio	runtime library caller	audit/export evidence or artifact	RT-012	DEFINITION_INDEXED	function mjl_report_portfolio(array $activities, $grouping)
SYM-0676	custom/mjlfinancement/lib/mjl_report_data.lib.php:48	FUNCTION	mjl_report_cell	implements report cell	runtime library caller	audit/export evidence or artifact	RT-012	DEFINITION_INDEXED	function mjl_report_cell($value, $type='text')
SYM-0677	custom/mjlfinancement/lib/mjl_report_data.lib.php:55	FUNCTION	mjl_report_table	implements report table	runtime library caller	audit/export evidence or artifact	RT-012	DEFINITION_INDEXED	function mjl_report_table(array $columns, array $records)
SYM-0678	custom/mjlfinancement/lib/mjl_report_data.lib.php:72	FUNCTION	mjl_report_activity_columns	implements report activity columns	runtime library caller	audit/export evidence or artifact	RT-012	DEFINITION_INDEXED	function mjl_report_activity_columns()
SYM-0679	custom/mjlfinancement/lib/mjl_report_data.lib.php:82	FUNCTION	mjl_report_status_labels	implements report status labels	runtime library caller	read/projection/decision	RT-012	DEFINITION_INDEXED	function mjl_report_status_labels()
SYM-0680	custom/mjlfinancement/lib/mjl_report_data.lib.php:87	FUNCTION	mjl_report_activity_records	implements report activity records	runtime library caller	audit/export evidence or artifact	RT-012	DEFINITION_INDEXED	function mjl_report_activity_records(array $activities)
SYM-0681	custom/mjlfinancement/lib/mjl_report_data.lib.php:105	FUNCTION	mjl_report_activities_document	implements report activities document	runtime library caller	audit/export evidence or artifact	RT-012	DEFINITION_INDEXED	function mjl_report_activities_document(array $activities)
SYM-0682	custom/mjlfinancement/lib/mjl_report_data.lib.php:117	FUNCTION	mjl_report_build_activities	implements report build activities	runtime library caller	read/projection/decision	RT-012	DEFINITION_INDEXED	function mjl_report_build_activities($reader,array $filters)
SYM-0683	custom/mjlfinancement/lib/mjl_report_data.lib.php:122	FUNCTION	mjl_report_operation_columns	implements report operation columns	runtime library caller	audit/export evidence or artifact	RT-012	DEFINITION_INDEXED	function mjl_report_operation_columns()
SYM-0684	custom/mjlfinancement/lib/mjl_report_data.lib.php:135	FUNCTION	mjl_report_operation_records	implements report operation records	runtime library caller	audit/export evidence or artifact	RT-012	DEFINITION_INDEXED	function mjl_report_operation_records(array $operations)
SYM-0685	custom/mjlfinancement/lib/mjl_report_data.lib.php:149	FUNCTION	mjl_report_operations_document	implements report operations document	runtime library caller	audit/export evidence or artifact	RT-012	DEFINITION_INDEXED	function mjl_report_operations_document(array $operations)
SYM-0686	custom/mjlfinancement/lib/mjl_report_data.lib.php:164	FUNCTION	mjl_report_build_operations	implements report build operations	runtime library caller	read/projection/decision	RT-012	DEFINITION_INDEXED	function mjl_report_build_operations($reader,array $filters)
SYM-0687	custom/mjlfinancement/lib/mjl_report_data.lib.php:171	FUNCTION	mjl_report_activity_detail_document	implements report activity detail document	runtime library caller	audit/export evidence or artifact	RT-012	DEFINITION_INDEXED	function mjl_report_activity_detail_document(array $activities,array $operations)
SYM-0688	custom/mjlfinancement/lib/mjl_report_data.lib.php:193	FUNCTION	mjl_report_build_activity_detail	implements report build activity detail	runtime library caller	read/projection/decision	RT-012	DEFINITION_INDEXED	function mjl_report_build_activity_detail($reader,array $filters)
SYM-0689	custom/mjlfinancement/lib/mjl_report_data.lib.php:200	FUNCTION	mjl_report_portfolio_columns	implements report portfolio columns	runtime library caller	audit/export evidence or artifact	RT-012	DEFINITION_INDEXED	function mjl_report_portfolio_columns($grouping)
SYM-0690	custom/mjlfinancement/lib/mjl_report_data.lib.php:213	FUNCTION	mjl_report_portfolio_document	implements report portfolio document	runtime library caller	audit/export evidence or artifact	RT-012	DEFINITION_INDEXED	function mjl_report_portfolio_document(array $activities,$grouping)
SYM-0691	custom/mjlfinancement/lib/mjl_report_data.lib.php:222	FUNCTION	mjl_report_build_portfolio	implements report build portfolio	runtime library caller	read/projection/decision	RT-012	DEFINITION_INDEXED	function mjl_report_build_portfolio($reader,array $filters)
SYM-0692	custom/mjlfinancement/lib/mjl_report_data.lib.php:229	FUNCTION	mjl_report_build_audit	implements report build audit	runtime library caller	read/projection/decision	RT-012	DEFINITION_INDEXED	function mjl_report_build_audit($reader,array $filters)
SYM-0693	custom/mjlfinancement/lib/mjl_report_format.lib.php:4	FUNCTION	mjl_report_xlsx_cell	implements report xlsx cell	runtime library caller	audit/export evidence or artifact	RT-012	DEFINITION_INDEXED	function mjl_report_xlsx_cell(array $cell)
SYM-0694	custom/mjlfinancement/lib/mjl_report_format.lib.php:31	FUNCTION	mjl_report_csv_cell	implements report csv cell	runtime library caller	audit/export evidence or artifact	RT-012	DEFINITION_INDEXED	function mjl_report_csv_cell(array $cell)
SYM-0695	custom/mjlfinancement/lib/mjl_report_format.lib.php:44	FUNCTION	mjl_report_format_notice	implements report format notice	runtime library caller	HTTP/output/presentation	RT-012	DEFINITION_INDEXED	function mjl_report_format_notice()
SYM-0696	custom/mjlfinancement/lib/mjl_report_format.lib.php:49	FUNCTION	mjl_report_memory_headroom	implements report memory headroom	runtime library caller	audit/export evidence or artifact	RT-012	DEFINITION_INDEXED	function mjl_report_memory_headroom($required)
SYM-0697	custom/mjlfinancement/lib/mjl_report_render.lib.php:7	FUNCTION	mjl_report_checkpoint	implements report checkpoint	runtime library caller	audit/export evidence or artifact	RT-012	DEFINITION_INDEXED	function mjl_report_checkpoint($deadline)
SYM-0698	custom/mjlfinancement/lib/mjl_report_render.lib.php:12	FUNCTION	mjl_report_bounded_text	implements report bounded text	runtime library caller	audit/export evidence or artifact	RT-012	DEFINITION_INDEXED	function mjl_report_bounded_text($value)
SYM-0699	custom/mjlfinancement/lib/mjl_report_render.lib.php:20	FUNCTION	mjl_report_preflight	implements report preflight	runtime library caller	HTTP/output/presentation	RT-012	DEFINITION_INDEXED	function mjl_report_preflight(array $document,$format)
SYM-0700	custom/mjlfinancement/lib/mjl_report_render.lib.php:60	FUNCTION	mjl_report_render	implements report render	runtime library caller	HTTP/output/presentation	RT-012	DEFINITION_INDEXED	function mjl_report_render($path,$format,array $document,$deadline)
SYM-0701	custom/mjlfinancement/lib/mjl_report_render.lib.php:77	FUNCTION	mjl_report_render_csv	implements report render csv	runtime library caller	HTTP/output/presentation	RT-012	DEFINITION_INDEXED	function mjl_report_render_csv($path,array $document,$deadline)
SYM-0702	custom/mjlfinancement/lib/mjl_report_render.lib.php:105	FUNCTION	mjl_report_render_xlsx	implements report render xlsx	runtime library caller	HTTP/output/presentation	RT-012	DEFINITION_INDEXED	function mjl_report_render_xlsx($path,array $document,$deadline)
SYM-0703	custom/mjlfinancement/lib/mjl_report_render.lib.php:140	FUNCTION	mjl_report_render_pdf	implements report render pdf	runtime library caller	HTTP/output/presentation	RT-012	DEFINITION_INDEXED	function mjl_report_render_pdf($path,array $document,$deadline)
SYM-0704	custom/mjlfinancement/lib/mjl_report_render.lib.php:145	PUBLIC_METHOD	Header	implements Header	runtime library caller	HTTP/output/presentation	RT-012	DEFINITION_INDEXED	public function Header() {
SYM-0705	custom/mjlfinancement/lib/mjl_report_render.lib.php:149	PUBLIC_METHOD	Footer	implements Footer	runtime library caller	pure/helper or effect determined by caller	RT-012	DEFINITION_INDEXED	public function Footer() {
SYM-0706	custom/mjlfinancement/lib/mjl_report_route.lib.php:9	FUNCTION	mjl_report_http_error	implements report http error	thin HTTP adapter or rendered form	read/projection/decision	RT-012	DEFINITION_INDEXED	function mjl_report_http_error($status,$message)
SYM-0707	custom/mjlfinancement/lib/mjl_report_route.lib.php:20	FUNCTION	mjl_report_require_actor	implements report require actor	thin HTTP adapter or rendered form	audit/export evidence or artifact	RT-012	DEFINITION_INDEXED	function mjl_report_require_actor($type)
SYM-0708	custom/mjlfinancement/lib/mjl_report_route.lib.php:28	FUNCTION	mjl_report_route_type	implements report route type	thin HTTP adapter or rendered form	HTTP/output/presentation	RT-012	DEFINITION_INDEXED	function mjl_report_route_type(array &$source)
SYM-0709	custom/mjlfinancement/lib/mjl_report_route.lib.php:36	FUNCTION	mjl_report_export_http	implements report export http	thin HTTP adapter or rendered form	audit/export evidence or artifact	RT-012	BEHAVIOR_MAPPED	function mjl_report_export_http()
SYM-0710	custom/mjlfinancement/lib/mjl_report_route.lib.php:85	FUNCTION	mjl_report_reference_choices	implements report reference choices	thin HTTP adapter or rendered form	read/projection/decision	RT-012	DEFINITION_INDEXED	function mjl_report_reference_choices($reader,$includeTypes=false)
SYM-0711	custom/mjlfinancement/lib/mjl_report_route.lib.php:107	FUNCTION	mjl_report_page	implements report page	thin HTTP adapter or rendered form	HTTP/output/presentation	RT-012	BEHAVIOR_MAPPED	function mjl_report_page()
SYM-0712	custom/mjlfinancement/lib/mjl_report_route.lib.php:196	FUNCTION	mjl_report_operation_preview_row	implements report operation preview row	thin HTTP adapter or rendered form	audit/export evidence or artifact	RT-012	DEFINITION_INDEXED	function mjl_report_operation_preview_row(array $row)
SYM-0713	custom/mjlfinancement/lib/mjl_report_route.lib.php:205	FUNCTION	mjl_report_download_form	implements report download form	thin HTTP adapter or rendered form	read/projection/decision	RT-012	DEFINITION_INDEXED	function mjl_report_download_form($type,array $filters,$captured)
SYM-0714	custom/mjlfinancement/lib/mjl_report_route.lib.php:213	FUNCTION	mjl_report_detail_preview	implements report detail preview	thin HTTP adapter or rendered form	read/projection/decision	RT-012	DEFINITION_INDEXED	function mjl_report_detail_preview(array $document,array $filters,$captured)
SYM-0715	custom/mjlfinancement/lib/mjl_report_route.lib.php:238	FUNCTION	mjl_report_portfolio_preview_row	implements report portfolio preview row	thin HTTP adapter or rendered form	audit/export evidence or artifact	RT-012	DEFINITION_INDEXED	function mjl_report_portfolio_preview_row(array $row,$grouping)
SYM-0716	custom/mjlfinancement/lib/mjl_report_ui.lib.php:6	FUNCTION	mjl_report_ui_tabs	implements report ui tabs	route renderer/presentation helper	HTTP/output/presentation	RT-012	DEFINITION_INDEXED	function mjl_report_ui_tabs($active,$showAudit,$showBusiness=true)
SYM-0717	custom/mjlfinancement/lib/mjl_report_ui.lib.php:16	FUNCTION	mjl_report_ui_choice_label	implements report ui choice label	route renderer/presentation helper	HTTP/output/presentation	RT-012	DEFINITION_INDEXED	function mjl_report_ui_choice_label($value,array $choices)
SYM-0718	custom/mjlfinancement/lib/mjl_report_ui.lib.php:23	FUNCTION	mjl_report_ui_active_filter_items	implements report ui active filter items	route renderer/presentation helper	read/projection/decision	RT-012	DEFINITION_INDEXED	function mjl_report_ui_active_filter_items($type,array $filters,array $choices=array())
SYM-0719	custom/mjlfinancement/lib/mjl_report_ui.lib.php:48	FUNCTION	mjl_report_ui_active_filters	implements report ui active filters	route renderer/presentation helper	read/projection/decision	RT-012	DEFINITION_INDEXED	function mjl_report_ui_active_filters($type,array $filters,array $choices=array())
SYM-0720	custom/mjlfinancement/lib/mjl_report_ui.lib.php:61	FUNCTION	mjl_report_ui_section_heading	implements report ui section heading	route renderer/presentation helper	HTTP/output/presentation	RT-012	DEFINITION_INDEXED	function mjl_report_ui_section_heading($id,$eyebrow,$title,$summary='')
SYM-0721	custom/mjlfinancement/lib/mjl_report_ui.lib.php:68	FUNCTION	mjl_report_ui_filter_actions	implements report ui filter actions	route renderer/presentation helper	HTTP/output/presentation	RT-012	DEFINITION_INDEXED	function mjl_report_ui_filter_actions($resetUrl)
SYM-0722	custom/mjlfinancement/lib/mjl_scope.lib.php:3	FUNCTION	mjl_scope_role_codes	implements scope role codes	runtime library caller	pure/helper or effect determined by caller	SEC-AUTHZ-001,SEC-AUTHZ-002,SEC-AUTHZ-003,SEC-AUTHZ-004	DEFINITION_INDEXED	function mjl_scope_role_codes()
SYM-0723	custom/mjlfinancement/lib/mjl_scope.lib.php:13	FUNCTION	mjl_scope_role_labels	implements scope role labels	runtime library caller	pure/helper or effect determined by caller	SEC-AUTHZ-001,SEC-AUTHZ-002,SEC-AUTHZ-003,SEC-AUTHZ-004	DEFINITION_INDEXED	function mjl_scope_role_labels()
SYM-0724	custom/mjlfinancement/lib/mjl_scope.lib.php:23	FUNCTION	mjl_scope_role_label	implements scope role label	runtime library caller	pure/helper or effect determined by caller	SEC-AUTHZ-001,SEC-AUTHZ-002,SEC-AUTHZ-003,SEC-AUTHZ-004	DEFINITION_INDEXED	function mjl_scope_role_label($roleCode)
SYM-0725	custom/mjlfinancement/lib/mjl_scope.lib.php:29	FUNCTION	mjl_scope_is_valid_role_code	implements scope is valid role code	runtime library caller	read/projection/decision	SEC-AUTHZ-001,SEC-AUTHZ-002,SEC-AUTHZ-003,SEC-AUTHZ-004	DEFINITION_INDEXED	function mjl_scope_is_valid_role_code($roleCode)
SYM-0726	custom/mjlfinancement/lib/mjl_scope.lib.php:34	FUNCTION	mjl_scope_is_valid_business_role_code	implements scope is valid business role code	runtime library caller	read/projection/decision	SEC-AUTHZ-001,SEC-AUTHZ-002,SEC-AUTHZ-003,SEC-AUTHZ-004	DEFINITION_INDEXED	function mjl_scope_is_valid_business_role_code($roleCode)
SYM-0727	custom/mjlfinancement/lib/mjl_scope.lib.php:39	FUNCTION	mjl_scope_active_role_row	implements scope active role row	runtime library caller	pure/helper or effect determined by caller	SEC-AUTHZ-001,SEC-AUTHZ-002,SEC-AUTHZ-003,SEC-AUTHZ-004	DEFINITION_INDEXED	function mjl_scope_active_role_row($userId, $entity = null)
SYM-0728	custom/mjlfinancement/lib/mjl_scope.lib.php:49	SQL_SITE	SELECT@49	executes or assembles SELECT SQL	enclosing function/method or top-level handler	read/projection/decision	SEC-AUTHZ-001,SEC-AUTHZ-002,SEC-AUTHZ-003,SEC-AUTHZ-004	DEFINITION_INDEXED	$sql = 'SELECT rowid, entity, fk_user, role_code, is_active, date_start, date_end, source, note';
SYM-0729	custom/mjlfinancement/lib/mjl_scope.lib.php:68	FUNCTION	mjl_scope_active_role_code	implements scope active role code	runtime library caller	pure/helper or effect determined by caller	SEC-AUTHZ-001,SEC-AUTHZ-002,SEC-AUTHZ-003,SEC-AUTHZ-004	DEFINITION_INDEXED	function mjl_scope_active_role_code($userId, $entity = null)
SYM-0730	custom/mjlfinancement/lib/mjl_scope.lib.php:74	FUNCTION	mjl_scope_effective_role_code	implements scope effective role code	runtime library caller	pure/helper or effect determined by caller	SEC-AUTHZ-001,SEC-AUTHZ-002,SEC-AUTHZ-003,SEC-AUTHZ-004	BEHAVIOR_MAPPED	function mjl_scope_effective_role_code(User $userObj, $entity = null)
SYM-0731	custom/mjlfinancement/lib/mjl_scope.lib.php:81	SQL_SITE	SELECT@81	executes or assembles SELECT SQL	enclosing function/method or top-level handler	read/projection/decision	SEC-AUTHZ-001,SEC-AUTHZ-002,SEC-AUTHZ-003,SEC-AUTHZ-004	DEFINITION_INDEXED	$sql = 'SELECT entity, admin, statut FROM '.$db->prefix().'user WHERE rowid = '.((int) $userObj->id).' LIMIT 1';
SYM-0732	custom/mjlfinancement/lib/mjl_scope.lib.php:93	FUNCTION	mjl_scope_user_has_role	implements scope user has role	runtime library caller	read/projection/decision	SEC-AUTHZ-001,SEC-AUTHZ-002,SEC-AUTHZ-003,SEC-AUTHZ-004	DEFINITION_INDEXED	function mjl_scope_user_has_role(User $userObj, $roleCode, $entity = null)
SYM-0733	custom/mjlfinancement/lib/mjl_scope.lib.php:98	FUNCTION	mjl_scope_user_has_active_business_role	implements scope user has active business role	runtime library caller	read/projection/decision	SEC-AUTHZ-001,SEC-AUTHZ-002,SEC-AUTHZ-003,SEC-AUTHZ-004	DEFINITION_INDEXED	function mjl_scope_user_has_active_business_role(User $userObj, $entity = null)
SYM-0734	custom/mjlfinancement/lib/mjl_scope.lib.php:104	FUNCTION	mjl_scope_is_platform_admin	implements scope is platform admin	runtime library caller	read/projection/decision	SEC-AUTHZ-001,SEC-AUTHZ-002,SEC-AUTHZ-003,SEC-AUTHZ-004	DEFINITION_INDEXED	function mjl_scope_is_platform_admin($userObj, $entity = null)
SYM-0735	custom/mjlfinancement/lib/mjl_scope.lib.php:112	FUNCTION	mjl_scope_is_input_agent	implements scope is input agent	runtime library caller	read/projection/decision	SEC-AUTHZ-001,SEC-AUTHZ-002,SEC-AUTHZ-003,SEC-AUTHZ-004	DEFINITION_INDEXED	function mjl_scope_is_input_agent($userObj, $entity = null)
SYM-0736	custom/mjlfinancement/lib/mjl_scope.lib.php:117	FUNCTION	mjl_scope_is_verifier	implements scope is verifier	runtime library caller	read/projection/decision	SEC-AUTHZ-001,SEC-AUTHZ-002,SEC-AUTHZ-003,SEC-AUTHZ-004	DEFINITION_INDEXED	function mjl_scope_is_verifier($userObj, $entity = null)
SYM-0737	custom/mjlfinancement/lib/mjl_scope.lib.php:122	FUNCTION	mjl_scope_is_final_validator	implements scope is final validator	runtime library caller	read/projection/decision	SEC-AUTHZ-001,SEC-AUTHZ-002,SEC-AUTHZ-003,SEC-AUTHZ-004	DEFINITION_INDEXED	function mjl_scope_is_final_validator($userObj, $entity = null)
SYM-0738	custom/mjlfinancement/lib/mjl_scope.lib.php:127	FUNCTION	mjl_scope_can_apply_business_validation	implements scope can apply business validation	runtime library caller	read/projection/decision	SEC-AUTHZ-001,SEC-AUTHZ-002,SEC-AUTHZ-003,SEC-AUTHZ-004	DEFINITION_INDEXED	function mjl_scope_can_apply_business_validation($userObj, $entity = null)
SYM-0739	custom/mjlfinancement/lib/mjl_scope.lib.php:132	FUNCTION	mjl_scope_business_role_can_write	implements scope business role can write	runtime library caller	read/projection/decision	SEC-AUTHZ-001,SEC-AUTHZ-002,SEC-AUTHZ-003,SEC-AUTHZ-004	DEFINITION_INDEXED	function mjl_scope_business_role_can_write($userObj, $entity = null)
SYM-0740	custom/mjlfinancement/lib/mjl_scope.lib.php:137	FUNCTION	mjl_scope_assign_access_profile	implements scope assign access profile	runtime library caller	pure/helper or effect determined by caller	SEC-AUTHZ-001,SEC-AUTHZ-002,SEC-AUTHZ-003,SEC-AUTHZ-004	BEHAVIOR_MAPPED	function mjl_scope_assign_access_profile($userId, $roleCode, User $actor, $entity = null, $source = 'manual', $note = '')
SYM-0741	custom/mjlfinancement/lib/mjl_scope.lib.php:190	SQL_SITE	UPDATE@190	executes or assembles UPDATE SQL	enclosing function/method or top-level handler	state/database/session mutation or transaction control	SEC-AUTHZ-001,SEC-AUTHZ-002,SEC-AUTHZ-003,SEC-AUTHZ-004	DEFINITION_INDEXED	"$sql = 'UPDATE '.$db->prefix().""mjlfinancement_invitation SET status='revoked', token_hash=NULL, date_revoked=NOW(), fk_user_revoked="".((int) $actor->id).' WHERE entity='.$entity.' AND fk_user='.$userId."" AND status I..."
SYM-0742	custom/mjlfinancement/lib/mjl_scope.lib.php:195	SQL_SITE	UPDATE@195	executes or assembles UPDATE SQL	enclosing function/method or top-level handler	state/database/session mutation or transaction control	SEC-AUTHZ-001,SEC-AUTHZ-002,SEC-AUTHZ-003,SEC-AUTHZ-004	DEFINITION_INDEXED	"$sql = 'UPDATE '.$db->prefix().""mjlfinancement_password_reset SET status='revoked', token_hash=NULL, date_consumed=NOW(), fk_user_modif="".((int) $actor->id).' WHERE entity='.$entity.' AND fk_user='.$userId."" AND statu..."
SYM-0743	custom/mjlfinancement/lib/mjl_scope.lib.php:206	FUNCTION	mjl_scope_deactivate_access	implements scope deactivate access	runtime library caller	pure/helper or effect determined by caller	SEC-AUTHZ-001,SEC-AUTHZ-002,SEC-AUTHZ-003,SEC-AUTHZ-004	BEHAVIOR_MAPPED	function mjl_scope_deactivate_access($userId, User $actor, $entity = null)
SYM-0744	custom/mjlfinancement/lib/mjl_scope.lib.php:242	SQL_SITE	UPDATE@242	executes or assembles UPDATE SQL	enclosing function/method or top-level handler	state/database/session mutation or transaction control	SEC-AUTHZ-001,SEC-AUTHZ-002,SEC-AUTHZ-003,SEC-AUTHZ-004	DEFINITION_INDEXED	$sql = 'UPDATE '.$db->prefix().'user SET statut = 0 WHERE rowid = '.$userId.' AND entity = '.$entity.' AND admin = 0';
SYM-0745	custom/mjlfinancement/lib/mjl_scope.lib.php:247	SQL_SITE	UPDATE@247	executes or assembles UPDATE SQL	enclosing function/method or top-level handler	state/database/session mutation or transaction control	SEC-AUTHZ-001,SEC-AUTHZ-002,SEC-AUTHZ-003,SEC-AUTHZ-004	DEFINITION_INDEXED	$sql = 'UPDATE '.$db->prefix().'mjlfinancement_user_role SET is_active = 0, date_end = COALESCE(date_end, NOW()), fk_user_modif = '.((int) $actor->id);
SYM-0746	custom/mjlfinancement/lib/mjl_scope.lib.php:253	SQL_SITE	UPDATE@253	executes or assembles UPDATE SQL	enclosing function/method or top-level handler	state/database/session mutation or transaction control	SEC-AUTHZ-001,SEC-AUTHZ-002,SEC-AUTHZ-003,SEC-AUTHZ-004	DEFINITION_INDEXED	"if (!$db->query('UPDATE '.$db->prefix().""mjlfinancement_invitation SET status='revoked', token_hash=NULL, date_revoked=NOW(), fk_user_revoked="".((int) $actor->id).' WHERE entity='.$entity.' AND fk_user='.$userId."" AND..."
SYM-0747	custom/mjlfinancement/lib/mjl_scope.lib.php:254	SQL_SITE	UPDATE@254	executes or assembles UPDATE SQL	enclosing function/method or top-level handler	state/database/session mutation or transaction control	SEC-AUTHZ-001,SEC-AUTHZ-002,SEC-AUTHZ-003,SEC-AUTHZ-004	DEFINITION_INDEXED	"|| !$db->query('UPDATE '.$db->prefix().""mjlfinancement_password_reset SET status='revoked', token_hash=NULL, date_consumed=NOW(), fk_user_modif="".((int) $actor->id).' WHERE entity='.$entity.' AND fk_user='.$userId."" A..."
SYM-0748	custom/mjlfinancement/lib/mjl_scope.lib.php:272	FUNCTION	mjl_scope_assign_active_role	implements scope assign active role	runtime library caller	pure/helper or effect determined by caller	SEC-AUTHZ-001,SEC-AUTHZ-002,SEC-AUTHZ-003,SEC-AUTHZ-004	DEFINITION_INDEXED	function mjl_scope_assign_active_role($userId, $roleCode, $actorId = null, $entity = null, $source = 'manual', $note = '', $importKey = null)
SYM-0749	custom/mjlfinancement/lib/mjl_scope.lib.php:296	SQL_SITE	UPDATE@296	executes or assembles UPDATE SQL	enclosing function/method or top-level handler	state/database/session mutation or transaction control	SEC-AUTHZ-001,SEC-AUTHZ-002,SEC-AUTHZ-003,SEC-AUTHZ-004	DEFINITION_INDEXED	$sql = 'UPDATE '.$db->prefix().'mjlfinancement_user_role';
SYM-0750	custom/mjlfinancement/lib/mjl_scope.lib.php:305	SQL_SITE	INSERT INTO@305	executes or assembles INSERT INTO SQL	enclosing function/method or top-level handler	state/database/session mutation or transaction control	SEC-AUTHZ-001,SEC-AUTHZ-002,SEC-AUTHZ-003,SEC-AUTHZ-004	DEFINITION_INDEXED	$sql = 'INSERT INTO '.$db->prefix().'mjlfinancement_user_role';
SYM-0751	custom/mjlfinancement/lib/mjl_scope.lib.php:324	FUNCTION	mjl_scope_sanitized_sql_identifier	implements scope sanitized sql identifier	runtime library caller	pure/helper or effect determined by caller	SEC-AUTHZ-001,SEC-AUTHZ-002,SEC-AUTHZ-003,SEC-AUTHZ-004	DEFINITION_INDEXED	function mjl_scope_sanitized_sql_identifier($identifier)
SYM-0752	custom/mjlfinancement/lib/mjl_scope.lib.php:333	FUNCTION	mjl_scope_sql_string	implements scope sql string	runtime library caller	pure/helper or effect determined by caller	SEC-AUTHZ-001,SEC-AUTHZ-002,SEC-AUTHZ-003,SEC-AUTHZ-004	DEFINITION_INDEXED	function mjl_scope_sql_string($value)
SYM-0753	custom/mjlfinancement/lib/mjl_scope.lib.php:343	FUNCTION	mjl_scope_scalar_int	implements scope scalar int	runtime library caller	pure/helper or effect determined by caller	SEC-AUTHZ-001,SEC-AUTHZ-002,SEC-AUTHZ-003,SEC-AUTHZ-004	DEFINITION_INDEXED	function mjl_scope_scalar_int($sql)
SYM-0754	custom/mjlfinancement/lib/mjl_scope.lib.php:361	FUNCTION	mjl_scope_role_assignment_target	implements scope role assignment target	runtime library caller	pure/helper or effect determined by caller	SEC-AUTHZ-001,SEC-AUTHZ-002,SEC-AUTHZ-003,SEC-AUTHZ-004	DEFINITION_INDEXED	function mjl_scope_role_assignment_target($userId, $roleCode, $entity)
SYM-0755	custom/mjlfinancement/lib/mjl_scope.lib.php:375	FUNCTION	mjl_scope_object_pointer	implements scope object pointer	runtime library caller	pure/helper or effect determined by caller	SEC-AUTHZ-001,SEC-AUTHZ-002,SEC-AUTHZ-003,SEC-AUTHZ-004	DEFINITION_INDEXED	function mjl_scope_object_pointer($table, $objectId, $entity)
SYM-0756	custom/mjlfinancement/lib/mjl_scope.lib.php:379	SQL_SITE	SELECT@379	executes or assembles SELECT SQL	enclosing function/method or top-level handler	read/projection/decision	SEC-AUTHZ-001,SEC-AUTHZ-002,SEC-AUTHZ-003,SEC-AUTHZ-004	DEFINITION_INDEXED	$sql = 'SELECT object_type, object_id FROM '.$db->prefix().$table.' WHERE entity = '.((int) $entity).' AND rowid = '.((int) $objectId);
SYM-0757	custom/mjlfinancement/lib/mjl_scope.lib.php:388	FUNCTION	mjl_scope_document_pointer	implements scope document pointer	runtime library caller	pure/helper or effect determined by caller	SEC-AUTHZ-001,SEC-AUTHZ-002,SEC-AUTHZ-003,SEC-AUTHZ-004	DEFINITION_INDEXED	function mjl_scope_document_pointer($fileId, $entity)
SYM-0758	custom/mjlfinancement/lib/mjl_scope.lib.php:392	SQL_SITE	SELECT@392	executes or assembles SELECT SQL	enclosing function/method or top-level handler	read/projection/decision	SEC-AUTHZ-001,SEC-AUTHZ-002,SEC-AUTHZ-003,SEC-AUTHZ-004	DEFINITION_INDEXED	$sql = 'SELECT src_object_type, src_object_id FROM '.$db->prefix().'ecm_files WHERE entity = '.((int) $entity).' AND rowid = '.((int) $fileId);
SYM-0759	custom/mjlfinancement/lib/mjl_scope.lib.php:401	FUNCTION	mjl_scope_replace_role_rows	implements scope replace role rows	runtime library caller	read/projection/decision	SEC-AUTHZ-001,SEC-AUTHZ-002,SEC-AUTHZ-003,SEC-AUTHZ-004	DEFINITION_INDEXED	function mjl_scope_replace_role_rows($userId, $roleCode, $actorId, $entity, $source, $note)
SYM-0760	custom/mjlfinancement/lib/mjl_scope.lib.php:405	SQL_SITE	UPDATE@405	executes or assembles UPDATE SQL	enclosing function/method or top-level handler	state/database/session mutation or transaction control	SEC-AUTHZ-001,SEC-AUTHZ-002,SEC-AUTHZ-003,SEC-AUTHZ-004	DEFINITION_INDEXED	$sql = 'UPDATE '.$db->prefix().'mjlfinancement_user_role';
SYM-0761	custom/mjlfinancement/lib/mjl_scope.lib.php:411	SQL_SITE	INSERT INTO@411	executes or assembles INSERT INTO SQL	enclosing function/method or top-level handler	state/database/session mutation or transaction control	SEC-AUTHZ-001,SEC-AUTHZ-002,SEC-AUTHZ-003,SEC-AUTHZ-004	DEFINITION_INDEXED	$sql = 'INSERT INTO '.$db->prefix().'mjlfinancement_user_role';
SYM-0762	custom/mjlfinancement/lib/mjl_scope.lib.php:417	FUNCTION	mjl_scope_lock_user_and_active_role	implements scope lock user and active role	runtime library caller	pure/helper or effect determined by caller	SEC-AUTHZ-001,SEC-AUTHZ-002,SEC-AUTHZ-003,SEC-AUTHZ-004	DEFINITION_INDEXED	function mjl_scope_lock_user_and_active_role($userId, $entity)
SYM-0763	custom/mjlfinancement/lib/mjl_scope.lib.php:422	SQL_SITE	SELECT@422	executes or assembles SELECT SQL	enclosing function/method or top-level handler	state/database/session mutation or transaction control	SEC-AUTHZ-001,SEC-AUTHZ-002,SEC-AUTHZ-003,SEC-AUTHZ-004	DEFINITION_INDEXED	$sql = 'SELECT rowid,entity,admin,statut FROM '.$db->prefix().'user WHERE rowid='.$userId.' ORDER BY rowid FOR UPDATE';
SYM-0764	custom/mjlfinancement/lib/mjl_scope.lib.php:426	SQL_SITE	SELECT@426	executes or assembles SELECT SQL	enclosing function/method or top-level handler	state/database/session mutation or transaction control	SEC-AUTHZ-001,SEC-AUTHZ-002,SEC-AUTHZ-003,SEC-AUTHZ-004	DEFINITION_INDEXED	$sql = 'SELECT rowid,role_code FROM '.$db->prefix().'mjlfinancement_user_role WHERE entity='.$entity.' AND fk_user='.$userId.' AND is_active=1 ORDER BY rowid FOR UPDATE';
SYM-0765	custom/mjlfinancement/lib/mjl_scope.lib.php:435	FUNCTION	mjl_scope_has_current_activity_assignment	implements scope has current activity assignment	runtime library caller	read/projection/decision	SEC-AUTHZ-001,SEC-AUTHZ-002,SEC-AUTHZ-003,SEC-AUTHZ-004	DEFINITION_INDEXED	function mjl_scope_has_current_activity_assignment($userId, $entity)
SYM-0766	custom/mjlfinancement/lib/mjl_scope.lib.php:439	SQL_SITE	SELECT@439	executes or assembles SELECT SQL	enclosing function/method or top-level handler	read/projection/decision	SEC-AUTHZ-001,SEC-AUTHZ-002,SEC-AUTHZ-003,SEC-AUTHZ-004	DEFINITION_INDEXED	"$sql = ""SELECT COUNT(*) AS nb FROM information_schema.TABLES WHERE TABLE_SCHEMA=DATABASE() AND TABLE_NAME='"".$db->escape($table).""'"";"
SYM-0767	custom/mjlfinancement/lib/mjl_scope.lib.php:446	SQL_SITE	SELECT@446	executes or assembles SELECT SQL	enclosing function/method or top-level handler	read/projection/decision	SEC-AUTHZ-001,SEC-AUTHZ-002,SEC-AUTHZ-003,SEC-AUTHZ-004	DEFINITION_INDEXED	$sql = 'SELECT COUNT(*) AS nb FROM '.$table.' WHERE entity='.(int) $entity.' AND fk_user='.(int) $userId.' AND date_end IS NULL';
SYM-0768	custom/mjlfinancement/lib/mjl_scope.lib.php:454	FUNCTION	mjl_scope_rights_for_role	implements scope rights for role	runtime library caller	pure/helper or effect determined by caller	SEC-AUTHZ-001,SEC-AUTHZ-002,SEC-AUTHZ-003,SEC-AUTHZ-004	DEFINITION_INDEXED	function mjl_scope_rights_for_role($roleCode)
SYM-0769	custom/mjlfinancement/lib/mjl_scope.lib.php:475	FUNCTION	mjl_scope_replace_role_rights	implements scope replace role rights	runtime library caller	pure/helper or effect determined by caller	SEC-AUTHZ-001,SEC-AUTHZ-002,SEC-AUTHZ-003,SEC-AUTHZ-004	DEFINITION_INDEXED	function mjl_scope_replace_role_rights($userId, $roleCode, $entity)
SYM-0770	custom/mjlfinancement/lib/mjl_scope.lib.php:486	SQL_SITE	SELECT@486	executes or assembles SELECT SQL	enclosing function/method or top-level handler	read/projection/decision	SEC-AUTHZ-001,SEC-AUTHZ-002,SEC-AUTHZ-003,SEC-AUTHZ-004	DEFINITION_INDEXED	$sql = 'SELECT id FROM '.$db->prefix().'rights_def';
SYM-0771	custom/mjlfinancement/lib/mjl_scope.lib.php:495	SQL_SITE	INSERT INTO@495	executes or assembles INSERT INTO SQL	enclosing function/method or top-level handler	state/database/session mutation or transaction control	SEC-AUTHZ-001,SEC-AUTHZ-002,SEC-AUTHZ-003,SEC-AUTHZ-004	DEFINITION_INDEXED	$sql = 'INSERT INTO '.$db->prefix().'user_rights (entity, fk_user, fk_id)';
SYM-0772	custom/mjlfinancement/lib/mjl_scope.lib.php:504	FUNCTION	mjl_scope_active_platform_admin_count	implements scope active platform admin count	runtime library caller	pure/helper or effect determined by caller	SEC-AUTHZ-001,SEC-AUTHZ-002,SEC-AUTHZ-003,SEC-AUTHZ-004	DEFINITION_INDEXED	function mjl_scope_active_platform_admin_count($entity = null, $excludeUserId = 0)
SYM-0773	custom/mjlfinancement/lib/mjl_scope.lib.php:513	SQL_SITE	SELECT@513	executes or assembles SELECT SQL	enclosing function/method or top-level handler	read/projection/decision	SEC-AUTHZ-001,SEC-AUTHZ-002,SEC-AUTHZ-003,SEC-AUTHZ-004	DEFINITION_INDEXED	$sql = 'SELECT COUNT(DISTINCT u.rowid) AS nb FROM '.$db->prefix().'user u';
SYM-0774	custom/mjlfinancement/lib/mjl_table.lib.php:5	FUNCTION	mjl_table_normalize_request	implements table normalize request	runtime library caller	read/projection/decision	-	DEFINITION_INDEXED	function mjl_table_normalize_request($raw, $allowedStatuses, $accessibleProjectIds, $total = null, $pageSize = 50, $accessiblePartnerIds = array())
SYM-0775	custom/mjlfinancement/lib/mjl_table.lib.php:81	FUNCTION	mjl_table_escape	implements table escape	runtime library caller	pure/helper or effect determined by caller	-	DEFINITION_INDEXED	function mjl_table_escape($value)
SYM-0776	custom/mjlfinancement/lib/mjl_table.lib.php:86	FUNCTION	mjl_table_normalize_generic	implements table normalize generic	runtime library caller	HTTP/output/presentation	-	DEFINITION_INDEXED	function mjl_table_normalize_generic($raw, $schema, $pageSize = 50, $total = null)
SYM-0777	custom/mjlfinancement/lib/mjl_table.lib.php:130	FUNCTION	mjl_table_retained_query	implements table retained query	runtime library caller	pure/helper or effect determined by caller	-	DEFINITION_INDEXED	function mjl_table_retained_query($normalized, $overrides = array())
SYM-0778	custom/mjlfinancement/lib/mjl_table.lib.php:144	FUNCTION	mjl_table_count_or_null	implements table count or null	runtime library caller	pure/helper or effect determined by caller	-	DEFINITION_INDEXED	function mjl_table_count_or_null($database, $sql)
SYM-0779	custom/mjlfinancement/lib/mjl_table.lib.php:151	FUNCTION	mjl_table_render_filter_bar	implements table render filter bar	runtime library caller	HTTP/output/presentation	-	DEFINITION_INDEXED	function mjl_table_render_filter_bar($baseUrl, $resourceKey, $resourceLabel, $fields)
SYM-0780	custom/mjlfinancement/lib/mjl_table.lib.php:187	FUNCTION	mjl_table_render_pagination	implements table render pagination	runtime library caller	HTTP/output/presentation	-	DEFINITION_INDEXED	function mjl_table_render_pagination($baseUrl, $normalized, $total, $hasPrevious, $hasNext, $resourceLabel)
SYM-0781	custom/mjlfinancement/lib/mjl_table.lib.php:219	FUNCTION	mjl_table_render_action_menu	implements table render action menu	runtime library caller	HTTP/output/presentation	-	DEFINITION_INDEXED	function mjl_table_render_action_menu($recordLabel, $actions)
SYM-0782	custom/mjlfinancement/lib/mjl_timeline.lib.php:7	FUNCTION	mjl_activity_timeline	implements activity timeline	runtime library caller	pure/helper or effect determined by caller	-	DEFINITION_INDEXED	function mjl_activity_timeline($activityId, $cursor = '')
SYM-0783	custom/mjlfinancement/lib/mjl_timeline.lib.php:20	SQL_SITE	SELECT@20	executes or assembles SELECT SQL	enclosing function/method or top-level handler	state/database/session mutation or transaction control	-	DEFINITION_INDEXED	$res=$db->query('SET STATEMENT max_statement_time=5 FOR SELECT event_date,rowid FROM '.$table.' WHERE '.$where.' AND rowid='.$cursor.' LIMIT 1');
SYM-0784	custom/mjlfinancement/lib/mjl_timeline.lib.php:27	SQL_SITE	SELECT@27	executes or assembles SELECT SQL	enclosing function/method or top-level handler	state/database/session mutation or transaction control	-	DEFINITION_INDEXED	$sql='SET STATEMENT max_statement_time=5 FOR SELECT rowid,event_date,action,operation_id,actor_name_snapshot,actor_role_snapshot,state_before,state_after,('.$size.'>65536) AS details_unavailable';
SYM-0785	custom/mjlfinancement/lib/mjl_timeline.lib.php:38	FUNCTION	mjl_activity_render_timeline	implements activity render timeline	runtime library caller	HTTP/output/presentation	-	DEFINITION_INDEXED	function mjl_activity_render_timeline($activityId)
SYM-0786	custom/mjlfinancement/lib/mjl_timeline_presentation.lib.php:8	FUNCTION	mjl_timeline_state_label	implements timeline state label	route renderer/presentation helper	pure/helper or effect determined by caller	-	DEFINITION_INDEXED	function mjl_timeline_state_label($state)
SYM-0787	custom/mjlfinancement/lib/mjl_timeline_presentation.lib.php:17	FUNCTION	mjl_timeline_present_event	implements timeline present event	route renderer/presentation helper	pure/helper or effect determined by caller	-	DEFINITION_INDEXED	function mjl_timeline_present_event(array $row)
SYM-0788	custom/mjlfinancement/lib/mjl_timeline_result.lib.php:6	FUNCTION	mjl_timeline_aggregate_sources	implements timeline aggregate sources	runtime library caller	pure/helper or effect determined by caller	-	DEFINITION_INDEXED	function mjl_timeline_aggregate_sources($sources, $ascending = true)
SYM-0789	custom/mjlfinancement/lib/mjl_ui.lib.php:13	FUNCTION	mjl_ui_activity_status	implements ui activity status	route renderer/presentation helper	read/projection/decision	-	DEFINITION_INDEXED	function mjl_ui_activity_status($status)
SYM-0790	custom/mjlfinancement/lib/mjl_ui.lib.php:31	FUNCTION	mjl_ui_execution_status	implements ui execution status	route renderer/presentation helper	read/projection/decision	-	DEFINITION_INDEXED	function mjl_ui_execution_status($status)
SYM-0791	custom/mjlfinancement/lib/mjl_ui.lib.php:44	FUNCTION	mjl_ui_completeness_status	implements ui completeness status	route renderer/presentation helper	read/projection/decision	-	DEFINITION_INDEXED	function mjl_ui_completeness_status($status)
SYM-0792	custom/mjlfinancement/lib/mjl_ui.lib.php:54	FUNCTION	mjl_ui_operation_status	implements ui operation status	route renderer/presentation helper	read/projection/decision	-	DEFINITION_INDEXED	function mjl_ui_operation_status($status)
SYM-0793	custom/mjlfinancement/lib/mjl_ui.lib.php:65	FUNCTION	mjl_ui_request_status	implements ui request status	route renderer/presentation helper	read/projection/decision	-	DEFINITION_INDEXED	function mjl_ui_request_status($status)
SYM-0794	custom/mjlfinancement/lib/mjl_ui.lib.php:76	FUNCTION	mjl_ui_escape	implements ui escape	route renderer/presentation helper	HTTP/output/presentation	-	DEFINITION_INDEXED	function mjl_ui_escape($value)
SYM-0795	custom/mjlfinancement/lib/mjl_ui.lib.php:81	FUNCTION	mjl_ui_status_badge	implements ui status badge	route renderer/presentation helper	read/projection/decision	-	DEFINITION_INDEXED	function mjl_ui_status_badge($status)
SYM-0796	custom/mjlfinancement/lib/mjl_ui.lib.php:88	FUNCTION	mjl_ui_system_state	implements ui system state	route renderer/presentation helper	HTTP/output/presentation	-	DEFINITION_INDEXED	function mjl_ui_system_state($type, $title, $message, $options = array())
SYM-0797	custom/mjlfinancement/lib/mjl_ui.lib.php:111	FUNCTION	mjl_ui_safe_error_message	implements ui safe error message	route renderer/presentation helper	HTTP/output/presentation	-	DEFINITION_INDEXED	function mjl_ui_safe_error_message($category = 'unknown')
SYM-0798	custom/mjlfinancement/lib/mjl_ui.lib.php:123	FUNCTION	mjl_ui_log_error	implements ui log error	route renderer/presentation helper	HTTP/output/presentation	-	DEFINITION_INDEXED	function mjl_ui_log_error($category, $context = array(), $driverMessage = '')
SYM-0799	custom/mjlfinancement/lib/mjl_workflow_audit.lib.php:5	FUNCTION	mjl_workflow_audit_insert	implements workflow audit insert	runtime library caller	read/projection/decision	DB-002	DEFINITION_INDEXED	function mjl_workflow_audit_insert($objectType, $objectId, $entity, $statusLabel, User $user, $actorRole, $action, $comment, $changes = array(), $refPrefix = 'WFA-DOC', $importKey = null)
SYM-0800	custom/mjlfinancement/lib/mjl_workflow_audit.lib.php:32	FUNCTION	mjl_workflow_audit_actor_role_code	implements workflow audit actor role code	runtime library caller	audit/export evidence or artifact	DB-002	DEFINITION_INDEXED	function mjl_workflow_audit_actor_role_code($actorRole)
SYM-0801	custom/mjlfinancement/lib/mjl_xlsx_export.lib.php:3	FUNCTION	mjl_xlsx_export_generate_file	implements xlsx export generate file	runtime library caller	read/projection/decision	RT-012	DEFINITION_INDEXED	function mjl_xlsx_export_generate_file($file, $headers, $rows, $moneyFields = array())
SYM-0802	custom/mjlfinancement/lib/mjl_xlsx_export.lib.php:85	FUNCTION	mjl_xlsx_export_output	implements xlsx export output	runtime library caller	read/projection/decision	RT-012	DEFINITION_INDEXED	function mjl_xlsx_export_output($filename, $headers, $rows, $moneyFields = array())
SYM-0803	custom/mjlfinancement/nativeforbidden.php:1	TOP_LEVEL_HANDLER	<top-level>	dispatches nativeforbidden.php top-level runtime behavior	HTTP or dynamic-asset request	HTTP/output/presentation	SEC-DOC-002	BEHAVIOR_MAPPED	<?php http_response_code(403); header('Content-Type: text/plain; charset=UTF-8'); header('Cache-Control: no-store'); header('X-Content-Type-Options: nosniff'); header('Referrer-Policy: same-origin'); echo 'Accès non autorisé. Cette adresse ne fait pas partie de l’espace MJL autorisé.'; exit;
SYM-0804	custom/mjlfinancement/operationrequests.php:1	TOP_LEVEL_HANDLER	<top-level>	dispatches operationrequests.php top-level runtime behavior	HTTP or dynamic-asset request	HTTP/output/presentation	-	BEHAVIOR_MAPPED	<?php define('NOREDIRECTBYMAINTOLOGIN', 1); require '../../main.inc.php'; require_once DOL_DOCUMENT_ROOT.'/custom/mjlfinancement/lib/mjl_operation_request_route.lib.php'; mjl_operation_request_route(); $db->close();
SYM-0805	custom/mjlfinancement/operationrequests.php:3	CONSTANT	NOREDIRECTBYMAINTOLOGIN	declares runtime vocabulary/configuration constant	runtime library caller	HTTP/output/presentation	-	DEFINITION_INDEXED	define('NOREDIRECTBYMAINTOLOGIN', 1);
SYM-0806	custom/mjlfinancement/operations.php:1	TOP_LEVEL_HANDLER	<top-level>	dispatches operations.php top-level runtime behavior	HTTP or dynamic-asset request	HTTP/output/presentation	-	BEHAVIOR_MAPPED	<?php define('NOREDIRECTBYMAINTOLOGIN', 1); require '../../main.inc.php'; require_once DOL_DOCUMENT_ROOT.'/custom/mjlfinancement/lib/mjl_operation_route.lib.php'; mjl_operation_route(); $db->close();
SYM-0807	custom/mjlfinancement/operations.php:3	CONSTANT	NOREDIRECTBYMAINTOLOGIN	declares runtime vocabulary/configuration constant	runtime library caller	HTTP/output/presentation	-	DEFINITION_INDEXED	define('NOREDIRECTBYMAINTOLOGIN', 1);
SYM-0808	custom/mjlfinancement/operationtypes.php:1	TOP_LEVEL_HANDLER	<top-level>	dispatches operationtypes.php top-level runtime behavior	HTTP or dynamic-asset request	read/projection/decision	RT-010,DB-002	BEHAVIOR_MAPPED	<?php require '../../main.inc.php'; require_once DOL_DOCUMENT_ROOT.'/custom/mjlfinancement/lib/mjl_reference_route.lib.php'; mjl_reference_require_read($user); mjl_reference_route('operation_type'); $db->close();
SYM-0809	custom/mjlfinancement/partners.php:1	TOP_LEVEL_HANDLER	<top-level>	dispatches partners.php top-level runtime behavior	HTTP or dynamic-asset request	read/projection/decision	RT-010,DB-002	BEHAVIOR_MAPPED	<?php require '../../main.inc.php'; require_once DOL_DOCUMENT_ROOT.'/custom/mjlfinancement/lib/mjl_reference_route.lib.php'; mjl_reference_require_read($user); mjl_reference_route('partner'); $db->close();
SYM-0810	custom/mjlfinancement/projects.php:1	TOP_LEVEL_HANDLER	<top-level>	dispatches projects.php top-level runtime behavior	HTTP or dynamic-asset request	read/projection/decision	RT-010,DB-002	BEHAVIOR_MAPPED	<?php require '../../main.inc.php'; require_once DOL_DOCUMENT_ROOT.'/custom/mjlfinancement/lib/mjl_reference_route.lib.php'; mjl_reference_require_read($user); mjl_reference_route('project'); $db->close();
SYM-0811	custom/mjlfinancement/reportexport.php:1	TOP_LEVEL_HANDLER	<top-level>	dispatches reportexport.php top-level runtime behavior	HTTP or dynamic-asset request	HTTP/output/presentation	RT-012	BEHAVIOR_MAPPED	<?php // Keep bootstrap and renderer diagnostics outside the audited artifact. ini_set('zlib.output_compression','0'); ob_start(); require '../../main.inc.php'; require_once __DIR__.'/lib/mjl_report_route.lib.php'; mjl_report_export_http();
SYM-0812	custom/mjlfinancement/reports.php:1	TOP_LEVEL_HANDLER	<top-level>	dispatches reports.php top-level runtime behavior	HTTP or dynamic-asset request	HTTP/output/presentation	-	BEHAVIOR_MAPPED	<?php require '../../main.inc.php'; require_once __DIR__.'/lib/mjl_report_route.lib.php'; mjl_report_page();
SYM-0813	custom/mjlfinancement/scripts/bootstrap_poc.php:1	TOP_LEVEL_HANDLER	<top-level>	dispatches bootstrap_poc.php top-level runtime behavior	CLI/bootstrap invocation	HTTP/output/presentation	DB-004,LIFE-001,LIFE-003,LIFE-004	BEHAVIOR_MAPPED	<?php require_once __DIR__.'/cli_guard.php'; define('NOLOGIN', 1); require '/var/www/html/main.inc.php'; require_once DOL_DOCUMENT_ROOT.'/core/lib/admin.lib.php'; require_once DOL_DOCUMENT_ROOT.'/custom/mjlfinancement/lib/mjl_native_modules.lib.php'; require_once __DIR__.'/preserved_admin.lib.php'; global $db, $user;
SYM-0814	custom/mjlfinancement/scripts/bootstrap_poc.php:5	CONSTANT	NOLOGIN	declares runtime vocabulary/configuration constant	runtime library caller	pure/helper or effect determined by caller	DB-004,LIFE-001,LIFE-003,LIFE-004	DEFINITION_INDEXED	define('NOLOGIN', 1);
SYM-0815	custom/mjlfinancement/scripts/bootstrap_poc.php:14	FUNCTION	mjl_bootstrap_fail	implements bootstrap fail	runtime library caller	pure/helper or effect determined by caller	DB-004,LIFE-001,LIFE-003,LIFE-004	DEFINITION_INDEXED	function mjl_bootstrap_fail($message)
SYM-0816	custom/mjlfinancement/scripts/bootstrap_poc.php:20	FUNCTION	mjl_bootstrap_out	implements bootstrap out	runtime library caller	pure/helper or effect determined by caller	DB-004,LIFE-001,LIFE-003,LIFE-004	DEFINITION_INDEXED	function mjl_bootstrap_out($message)
SYM-0817	custom/mjlfinancement/scripts/disable_native_workspace_modules.php:1	TOP_LEVEL_HANDLER	<top-level>	dispatches disable_native_workspace_modules.php top-level runtime behavior	CLI/bootstrap invocation	HTTP/output/presentation	-	BEHAVIOR_MAPPED	<?php require_once __DIR__.'/cli_guard.php'; define('NOLOGIN', 1); require '/var/www/html/main.inc.php'; require_once DOL_DOCUMENT_ROOT.'/custom/mjlfinancement/lib/mjl_native_modules.lib.php'; require_once __DIR__.'/preserved_admin.lib.php'; global $db, $user;
SYM-0818	custom/mjlfinancement/scripts/disable_native_workspace_modules.php:5	CONSTANT	NOLOGIN	declares runtime vocabulary/configuration constant	runtime library caller	pure/helper or effect determined by caller	-	DEFINITION_INDEXED	define('NOLOGIN', 1);
SYM-0819	custom/mjlfinancement/scripts/disable_native_workspace_modules.php:27	FUNCTION	mjl_disable_modules_out	implements disable modules out	runtime library caller	pure/helper or effect determined by caller	-	DEFINITION_INDEXED	function mjl_disable_modules_out($message)
SYM-0820	custom/mjlfinancement/scripts/disable_native_workspace_modules.php:32	FUNCTION	mjl_disable_modules_fail	implements disable modules fail	runtime library caller	pure/helper or effect determined by caller	-	DEFINITION_INDEXED	function mjl_disable_modules_fail($message)
SYM-0821	custom/mjlfinancement/workflowactions.php:1	TOP_LEVEL_HANDLER	<top-level>	dispatches workflowactions.php top-level runtime behavior	HTTP or dynamic-asset request	read/projection/decision	DB-002	BEHAVIOR_MAPPED	<?php require '../../main.inc.php'; require_once DOL_DOCUMENT_ROOT.'/custom/mjlfinancement/lib/mjl_navigation.lib.php'; require_once DOL_DOCUMENT_ROOT.'/custom/mjlfinancement/lib/mjl_page_header.lib.php'; require_once DOL_DOCUMENT_ROOT.'/custom/mjlfinancement/lib/mjl_ui.lib.php'; if (!mjl_navigation_policy_allows($user, 'audit_read')) { http_response_code(403); accessforbidden(); } require_once __DIR__.'/lib/mjl_report_route.lib.php'; if (mjl_rst002b_table_exists($db,$db->prefix().'mjlfinancement_export_record')) { $_GET['report']='audit'; mjl_report_page(); exit; }
SYM-0822	custom/mjlfinancement/workflowactions.php:28	SQL_SITE	SELECT@28	executes or assembles SELECT SQL	enclosing function/method or top-level handler	read/projection/decision	DB-002	DEFINITION_INDEXED	$sql = 'SELECT rowid, object_type, object_id, object_ref, action, state_before, state_after, actor_name_snapshot, actor_role_snapshot, event_date, reason, result';
SYM-0823	custom/mjlfinancement/class/mjlactivitycommand.class.php:615	SQL_SITE	SELECT@615	executes or assembles SELECT SQL	enclosing function/method or top-level handler	read or mutation determined by SQL verb	RT-005,RT-006,RT-007,RT-008,RT-009,DB-002	DEFINITION_INDEXED	 private function isAssigned($activity,$user){return (int)mjl_rst005_scalar($this->db,'SELECT COUNT(*) FROM '.$this->table('activity_assignment').' WHERE entity='.$this->entity.' AND fk_activity='.(int)$activity.' AND fk
SYM-0824	custom/mjlfinancement/class/mjlactivitycommand.class.php:616	SQL_SITE	SELECT@616	executes or assembles SELECT SQL	enclosing function/method or top-level handler	read or mutation determined by SQL verb	RT-005,RT-006,RT-007,RT-008,RT-009,DB-002	DEFINITION_INDEXED	 private function currentAssignmentCount($activity){return (int)mjl_rst005_scalar($this->db,'SELECT COUNT(*) FROM '.$this->table('activity_assignment').' WHERE entity='.$this->entity.' AND fk_activity='.(int)$activity.' 
SYM-0825	custom/mjlfinancement/class/mjlactivitycommand.class.php:617	SQL_SITE	SELECT@617	executes or assembles SELECT SQL	enclosing function/method or top-level handler	read or mutation determined by SQL verb	RT-005,RT-006,RT-007,RT-008,RT-009,DB-002	DEFINITION_INDEXED	" private function eligibleAgent($id){return (int)mjl_rst005_scalar($this->db,'SELECT COUNT(*) FROM '.$this->db->prefix().'user u INNER JOIN '.$this->table('user_role')."" r ON r.entity=u.entity AND r.fk_user=u.rowid AND r"
SYM-0826	custom/mjlfinancement/class/mjlactivitycommand.class.php:620	SQL_SITE	SELECT@620	executes or assembles SELECT SQL	enclosing function/method or top-level handler	read or mutation determined by SQL verb	RT-005,RT-006,RT-007,RT-008,RT-009,DB-002	DEFINITION_INDEXED	 private function nextRevisionNumber($activity){return 1+(int)mjl_rst005_scalar($this->db,'SELECT COALESCE(MAX(revision_number),0) FROM '.$this->table('activity_revision').' WHERE entity='.$this->entity.' AND fk_activity
SYM-0827	custom/mjlfinancement/class/mjlactivitycommand.class.php:623	SQL_SITE	SELECT@623	executes or assembles SELECT SQL	enclosing function/method or top-level handler	read or mutation determined by SQL verb	RT-005,RT-006,RT-007,RT-008,RT-009,DB-002	DEFINITION_INDEXED	 private function isContributor($revision,$user){return (int)mjl_rst005_scalar($this->db,'SELECT COUNT(*) FROM '.$this->table('revision_contributor').' WHERE entity='.$this->entity.' AND fk_revision='.(int)$revision.' AN
SYM-0828	custom/mjlfinancement/class/mjlactivitycommand.class.php:633	SQL_SITE	SELECT@633	executes or assembles SELECT SQL	enclosing function/method or top-level handler	read or mutation determined by SQL verb	RT-005,RT-006,RT-007,RT-008,RT-009,DB-002	DEFINITION_INDEXED	" private function hasPendingCancellation($targetType,$targetId){return(int)mjl_rst005_scalar($this->db,'SELECT COUNT(*) FROM '.$this->table('cancellation_request')."" WHERE entity="".$this->entity."" AND target_type='"".$thi"
SYM-0829	custom/mjlfinancement/class/mjlactivitycommand.class.php:634	SQL_SITE	SELECT@634	executes or assembles SELECT SQL	enclosing function/method or top-level handler	read or mutation determined by SQL verb	RT-005,RT-006,RT-007,RT-008,RT-009,DB-002	DEFINITION_INDEXED	" private function hasPendingOperationException($operationId){$cancel=(int)mjl_rst005_scalar($this->db,'SELECT COUNT(*) FROM '.$this->table('cancellation_request')."" WHERE entity="".$this->entity."" AND target_type='OPERATI"
SYM-0830	custom/mjlfinancement/class/mjlexport.class.php:37	SQL_SITE	SELECT@37	executes or assembles SELECT SQL	enclosing function/method or top-level handler	read or mutation determined by SQL verb	RT-012	DEFINITION_INDEXED	 $users=$this->rows('SELECT rowid,entity,login,firstname,lastname,statut,admin FROM '.$p.'user WHERE rowid='.(int)$this->actor->id.$suffix); 
SYM-0831	custom/mjlfinancement/class/mjlexport.class.php:40	SQL_SITE	SELECT@40	executes or assembles SELECT SQL	enclosing function/method or top-level handler	read or mutation determined by SQL verb	RT-012	DEFINITION_INDEXED	 $roles=$this->rows('SELECT role_code FROM '.$p.'mjlfinancement_user_role WHERE entity='.$this->entity.' AND fk_user='.(int)$user['rowid'].' AND is_active=1 ORDER BY rowid'.$suffix); 
SYM-0832	custom/mjlfinancement/class/mjlexport.class.php:62	SQL_SITE	UPDATE@62	executes or assembles UPDATE SQL	enclosing function/method or top-level handler	read or mutation determined by SQL verb	RT-012	DEFINITION_INDEXED	 $rows=$this->rows('SELECT rowid FROM '.$p.'mjlfinancement_activity WHERE entity='.$this->entity.' AND rowid='.$id.' FOR UPDATE'); 
SYM-0833	custom/mjlfinancement/class/mjlexport.class.php:67	SQL_SITE	UPDATE@67	executes or assembles UPDATE SQL	enclosing function/method or top-level handler	read or mutation determined by SQL verb	RT-012	DEFINITION_INDEXED	 $rows=$this->rows('SELECT fk_user FROM '.$p.'mjlfinancement_activity_assignment WHERE entity='.$this->entity.' AND fk_activity='.$id.' AND date_end IS NULL ORDER BY rowid FOR UPDATE'); 
SYM-0834	custom/mjlfinancement/class/mjlexport.class.php:89	SQL_SITE	SELECT@89	executes or assembles SELECT SQL	enclosing function/method or top-level handler	read or mutation determined by SQL verb	RT-012	DEFINITION_INDEXED	 $budgets=$this->rows('SELECT @@session.max_statement_time AS statement_time,@@session.innodb_lock_wait_timeout AS row_wait,@@session.lock_wait_timeout AS metadata_wait')[0]; 
SYM-0835	custom/mjlfinancement/class/mjlexport.class.php:96	SQL_SITE	SELECT@96	executes or assembles SELECT SQL	enclosing function/method or top-level handler	read or mutation determined by SQL verb	RT-012	DEFINITION_INDEXED	 $snapshotTime=$this->rows('SELECT UTC_TIMESTAMP() AS snapshot_time')[0]['snapshot_time']; 
SYM-0836	custom/mjlfinancement/class/mjlmonitoring.class.php:119	SQL_SITE	SELECT@119	executes or assembles SELECT SQL	enclosing function/method or top-level handler	read or mutation determined by SQL verb	RT-010	DEFINITION_INDEXED	 $stats=$this->rows('SELECT COUNT(*) AS n,COALESCE(SUM(OCTET_LENGTH(r.reason)+OCTET_LENGTH(r.requester_name_snapshot)+512),0) AS bytes'.$from)[0]; 
SYM-0837	custom/mjlfinancement/class/mjlmonitoring.class.php:123	SQL_SITE	SELECT@123	executes or assembles SELECT SQL	enclosing function/method or top-level handler	read or mutation determined by SQL verb	RT-010	DEFINITION_INDEXED	 foreach ($this->rows('SELECT '.$columns.$from.' ORDER BY r.date_request DESC,r.rowid DESC') as $request) { 
SYM-0838	custom/mjlfinancement/class/mjlmonitoring.class.php:161	SQL_SITE	SELECT@161	executes or assembles SELECT SQL	enclosing function/method or top-level handler	read or mutation determined by SQL verb	RT-010	DEFINITION_INDEXED	 $selection='SELECT *'.$from.' ORDER BY rowid '.$direction.($export?'':' LIMIT 51'); 
SYM-0839	custom/mjlfinancement/class/mjlmonitoring.class.php:162	SQL_SITE	SELECT@162	executes or assembles SELECT SQL	enclosing function/method or top-level handler	read or mutation determined by SQL verb	RT-010	DEFINITION_INDEXED	 $stats=$this->rows('SELECT COUNT(*) AS n,COALESCE(SUM(COALESCE(OCTET_LENGTH(previous_values_json),0)+COALESCE(OCTET_LENGTH(new_values_json),0)+COALESCE(OCTET_LENGTH(context_json),0)+COALESCE(OCTET_LENGTH(reason),0)+OCTE
SYM-0840	custom/mjlfinancement/class/mjlmonitoring.class.php:42	SQL_SITE	SELECT@42	executes or assembles SELECT SQL	enclosing function/method or top-level handler	read or mutation determined by SQL verb	RT-010	DEFINITION_INDEXED	 if ($this->role==='AGENT_SAISIE') $where[]='EXISTS (SELECT 1 FROM '.$this->table('activity_assignment').' aa WHERE aa.entity=a.entity AND aa.fk_activity=a.rowid AND aa.fk_user='.(int)$this->actor->id.' AND aa.date_end I
SYM-0841	custom/mjlfinancement/class/mjlmonitoring.class.php:58	SQL_SITE	SELECT@58	executes or assembles SELECT SQL	enclosing function/method or top-level handler	read or mutation determined by SQL verb	RT-010	DEFINITION_INDEXED	 $a=$this->rows('SELECT COUNT(*) AS n,COALESCE(SUM(OCTET_LENGTH(a.name)+OCTET_LENGTH(a.description)+OCTET_LENGTH(s.nom)+OCTET_LENGTH(p.title)+512),0) AS bytes'.$referenceFrom.' WHERE '.$where)[0]; 
SYM-0842	custom/mjlfinancement/class/mjlmonitoring.class.php:59	SQL_SITE	SELECT@59	executes or assembles SELECT SQL	enclosing function/method or top-level handler	read or mutation determined by SQL verb	RT-010	DEFINITION_INDEXED	 $o=$this->rows('SELECT COUNT(*) AS n,COALESCE(SUM(OCTET_LENGTH(o.name)+COALESCE(OCTET_LENGTH(o.observation),0)+OCTET_LENGTH(t.label)+256),0) AS bytes'.$operationFrom.' JOIN '.$this->table('operation_type').' t ON t.enti
SYM-0843	custom/mjlfinancement/class/mjlmonitoring.class.php:61	SQL_SITE	SELECT@61	executes or assembles SELECT SQL	enclosing function/method or top-level handler	read or mutation determined by SQL verb	RT-010	DEFINITION_INDEXED	 $assignedStats=$this->rows('SELECT COUNT(*) AS n,COALESCE(SUM(COALESCE(OCTET_LENGTH(u.firstname),0)+COALESCE(OCTET_LENGTH(u.lastname),0)+COALESCE(OCTET_LENGTH(u.login),0)+128),0) AS bytes'.$assignmentFrom)[0]; 
SYM-0844	custom/mjlfinancement/class/mjlmonitoring.class.php:63	SQL_SITE	SELECT@63	executes or assembles SELECT SQL	enclosing function/method or top-level handler	read or mutation determined by SQL verb	RT-010	DEFINITION_INDEXED	 $activities=$this->rows('SELECT a.*,s.nom AS partner_name,p.title AS project_name,r.revision_number'.$from.' JOIN '.$this->db->prefix().'societe s ON s.entity=a.entity AND s.rowid=a.fk_partner JOIN '.$this->db->prefix()
SYM-0845	custom/mjlfinancement/class/mjlmonitoring.class.php:64	SQL_SITE	SELECT@64	executes or assembles SELECT SQL	enclosing function/method or top-level handler	read or mutation determined by SQL verb	RT-010	DEFINITION_INDEXED	 $operations=$this->rows('SELECT o.*,t.label AS type_label'.$operationFrom.' JOIN '.$this->table('operation_type').' t ON t.entity=o.entity AND t.rowid=o.fk_operation_type WHERE '.$where.' AND o.date_removed IS NULL ORDE
SYM-0846	custom/mjlfinancement/class/mjlmonitoring.class.php:66	SQL_SITE	SELECT@66	executes or assembles SELECT SQL	enclosing function/method or top-level handler	read or mutation determined by SQL verb	RT-010	DEFINITION_INDEXED	 $assignments=$this->rows('SELECT aa.fk_activity,aa.fk_user,aa.is_primary,u.firstname,u.lastname,u.login FROM '.$this->table('activity_assignment').' aa JOIN '.$this->table('activity').' a ON a.entity=aa.entity AND a.row
SYM-0847	custom/mjlfinancement/class/mjlmonitoring.class.php:95	SQL_SITE	SELECT@95	executes or assembles SELECT SQL	enclosing function/method or top-level handler	read or mutation determined by SQL verb	RT-010	DEFINITION_INDEXED	 $revisions='SELECT a.fk_current_revision'.$from; 
SYM-0848	custom/mjlfinancement/class/mjlmonitoring.class.php:96	SQL_SITE	SELECT@96	executes or assembles SELECT SQL	enclosing function/method or top-level handler	read or mutation determined by SQL verb	RT-010	DEFINITION_INDEXED	 $contributors=$this->rows('SELECT fk_revision,fk_user FROM '.$this->table('revision_contributor').' WHERE entity='.$this->entity.' AND fk_revision IN ('.$revisions.') ORDER BY fk_revision,fk_user LIMIT 100001'); 
SYM-0849	custom/mjlfinancement/class/mjlmonitoring.class.php:98	SQL_SITE	SELECT@98	executes or assembles SELECT SQL	enclosing function/method or top-level handler	read or mutation determined by SQL verb	RT-010	DEFINITION_INDEXED	" $decisions=$this->rows('SELECT fk_revision,fk_actor FROM '.$this->table('review_decision')."" WHERE entity="".$this->entity."" AND stage='SUPERVISOR' AND decision_type='PREVALIDATED' AND fk_revision IN ("".$revisions.') ORD"
SYM-0850	custom/mjlfinancement/core/modules/modMjlFinancement.class.php:112	SQL_SITE	SELECT@112	executes or assembles SELECT SQL	enclosing function/method or top-level handler	read or mutation determined by SQL verb	DB-004,LIFE-003	DEFINITION_INDEXED	 $lockName = 'mjl:rst002b:'.substr(hash('sha256', (string) mjl_rst005_scalar($this->db, 'SELECT DATABASE()').':'.$prefix), 0, 46); 
SYM-0851	custom/mjlfinancement/core/modules/modMjlFinancement.class.php:117	SQL_SITE	SELECT@117	executes or assembles SELECT SQL	enclosing function/method or top-level handler	read or mutation determined by SQL verb	DB-004,LIFE-003	DEFINITION_INDEXED	" if ((int) mjl_rst005_scalar($this->db, ""SELECT GET_LOCK('"".$this->db->escape($lockName).""',0)"") !== 1) return -1; "
SYM-0852	custom/mjlfinancement/core/modules/modMjlFinancement.class.php:119	SQL_SITE	SELECT@119	executes or assembles SELECT SQL	enclosing function/method or top-level handler	read or mutation determined by SQL verb	DB-004,LIFE-003	DEFINITION_INDEXED	" $tableCount = (int) mjl_rst005_scalar($this->db, ""SELECT COUNT(*) FROM information_schema.TABLES WHERE TABLE_SCHEMA=DATABASE() AND TABLE_NAME='"".$this->db->escape($activity).""'""); "
SYM-0853	custom/mjlfinancement/core/modules/modMjlFinancement.class.php:122	SQL_SITE	SELECT@122	executes or assembles SELECT SQL	enclosing function/method or top-level handler	read or mutation determined by SQL verb	DB-004,LIFE-003	DEFINITION_INDEXED	" $customCount = (int) mjl_rst005_scalar($this->db, ""SELECT COUNT(*) FROM information_schema.TABLES WHERE TABLE_SCHEMA=DATABASE() AND TABLE_NAME LIKE '"".$this->db->escape($prefix).""mjlfinancement\\_%'""); "
SYM-0854	custom/mjlfinancement/core/modules/modMjlFinancement.class.php:227	SQL_SITE	CREATE TABLE@227	executes or assembles CREATE TABLE SQL	enclosing function/method or top-level handler	read or mutation determined by SQL verb	DB-004,LIFE-003	DEFINITION_INDEXED	 $create = 'CREATE TABLE '.$table.' (' 
SYM-0855	custom/mjlfinancement/core/modules/modMjlFinancement.class.php:232	SQL_SITE	UPDATE@232	executes or assembles UPDATE SQL	enclosing function/method or top-level handler	read or mutation determined by SQL verb	DB-004,LIFE-003	DEFINITION_INDEXED	" .""tms TIMESTAMP NULL DEFAULT CURRENT_TIMESTAMP ON UPDATE CURRENT_TIMESTAMP, CONSTRAINT chk_mjl_login_otp_status CHECK (status IN ('pending','verified','cancelled','delivery_failed','locked')), "" "
SYM-0856	custom/mjlfinancement/core/modules/modMjlFinancement.class.php:246	SQL_SITE	CREATE OR REPLACE TRIGGER@246	executes or assembles CREATE OR REPLACE TRIGGER SQL	enclosing function/method or top-level handler	read or mutation determined by SQL verb	DB-004,LIFE-003	DEFINITION_INDEXED	 'CREATE OR REPLACE TRIGGER '.$this->db->prefix().'mjlfinancement_invitation_bi BEFORE INSERT ON '.$invitation.' FOR EACH ROW BEGIN DECLARE target_admin INTEGER DEFAULT 1; DECLARE target_entity INTEGER DEFAULT -1; SELECT
SYM-0857	custom/mjlfinancement/core/modules/modMjlFinancement.class.php:247	SQL_SITE	UPDATE@247	executes or assembles UPDATE SQL	enclosing function/method or top-level handler	read or mutation determined by SQL verb	DB-004,LIFE-003	DEFINITION_INDEXED	 'CREATE OR REPLACE TRIGGER '.$this->db->prefix().'mjlfinancement_invitation_bu BEFORE UPDATE ON '.$invitation.' FOR EACH ROW BEGIN DECLARE target_admin INTEGER DEFAULT 1; DECLARE target_entity INTEGER DEFAULT -1; SELECT
SYM-0858	custom/mjlfinancement/core/modules/modMjlFinancement.class.php:248	SQL_SITE	SELECT@248	executes or assembles SELECT SQL	enclosing function/method or top-level handler	read or mutation determined by SQL verb	DB-004,LIFE-003	DEFINITION_INDEXED	 'CREATE OR REPLACE TRIGGER '.$this->db->prefix().'mjlfinancement_reset_bi BEFORE INSERT ON '.$reset.' FOR EACH ROW BEGIN DECLARE target_entity INTEGER DEFAULT -1; SELECT entity INTO target_entity FROM '.$userTable.' WHE
SYM-0859	custom/mjlfinancement/core/modules/modMjlFinancement.class.php:249	SQL_SITE	SELECT@249	executes or assembles SELECT SQL	enclosing function/method or top-level handler	read or mutation determined by SQL verb	DB-004,LIFE-003	DEFINITION_INDEXED	 'CREATE OR REPLACE TRIGGER '.$this->db->prefix().'mjlfinancement_reset_bu BEFORE UPDATE ON '.$reset.' FOR EACH ROW BEGIN DECLARE target_entity INTEGER DEFAULT -1; SELECT entity INTO target_entity FROM '.$userTable.' WHE
SYM-0860	custom/mjlfinancement/core/modules/modMjlFinancement.class.php:250	SQL_SITE	SELECT@250	executes or assembles SELECT SQL	enclosing function/method or top-level handler	read or mutation determined by SQL verb	DB-004,LIFE-003	DEFINITION_INDEXED	 'CREATE OR REPLACE TRIGGER '.$this->db->prefix().'mjlfinancement_login_otp_bi BEFORE INSERT ON '.$otp.' FOR EACH ROW BEGIN DECLARE target_entity INTEGER DEFAULT -1; DECLARE target_admin INTEGER DEFAULT 0; SELECT entity,
SYM-0861	custom/mjlfinancement/core/modules/modMjlFinancement.class.php:251	SQL_SITE	UPDATE@251	executes or assembles UPDATE SQL	enclosing function/method or top-level handler	read or mutation determined by SQL verb	DB-004,LIFE-003	DEFINITION_INDEXED	 'CREATE OR REPLACE TRIGGER '.$this->db->prefix().'mjlfinancement_login_otp_bu BEFORE UPDATE ON '.$otp.' FOR EACH ROW BEGIN IF NEW.entity<>OLD.entity OR NEW.fk_user<>OLD.fk_user OR NEW.credential_hash<>OLD.credential_has
SYM-0862	custom/mjlfinancement/lib/mjl_activity_route.lib.php:300	SQL_SITE	SELECT@300	executes or assembles SELECT SQL	enclosing function/method or top-level handler	read or mutation determined by SQL verb	RT-005,RT-010	DEFINITION_INDEXED	 $budget=$reader->rows('SELECT @@session.max_statement_time AS statement_time')[0]; 
SYM-0863	custom/mjlfinancement/lib/mjl_activity_route.lib.php:330	SQL_SITE	SELECT@330	executes or assembles SELECT SQL	enclosing function/method or top-level handler	read or mutation determined by SQL verb	RT-005,RT-010	DEFINITION_INDEXED	 $contributor=(int)mjl_rst005_scalar($db,'SELECT COUNT(*) FROM '.$db->prefix().'mjlfinancement_revision_contributor WHERE entity='.(int)$conf->entity.' AND fk_revision='.$revision.' AND fk_user='.(int)$user->id); 
SYM-0864	custom/mjlfinancement/lib/mjl_activity_route.lib.php:333	SQL_SITE	SELECT@333	executes or assembles SELECT SQL	enclosing function/method or top-level handler	read or mutation determined by SQL verb	RT-005,RT-010	DEFINITION_INDEXED	" $prevalidator=(int)mjl_rst005_scalar($db,""SELECT COALESCE(MAX(fk_actor),0) FROM "".$db->prefix().""mjlfinancement_review_decision WHERE entity="".(int)$conf->entity."" AND fk_revision=$revision AND decision_type='PREVALIDAT"
SYM-0865	custom/mjlfinancement/lib/mjl_audit_report_route.lib.php:34	SQL_SITE	SELECT@34	executes or assembles SELECT SQL	enclosing function/method or top-level handler	read or mutation determined by SQL verb	RT-012	DEFINITION_INDEXED	 $budgets=$reader->rows('SELECT @@session.max_statement_time AS statement_time,@@session.innodb_lock_wait_timeout AS row_wait,@@session.lock_wait_timeout AS metadata_wait')[0]; 
SYM-0866	custom/mjlfinancement/lib/mjl_monitoring_route.lib.php:208	SQL_SITE	SELECT@208	executes or assembles SELECT SQL	enclosing function/method or top-level handler	read or mutation determined by SQL verb	RT-010	DEFINITION_INDEXED	 $budgets=$reader->rows('SELECT @@session.max_statement_time AS statement_time,@@session.innodb_lock_wait_timeout AS row_wait,@@session.lock_wait_timeout AS metadata_wait')[0]; 
SYM-0867	custom/mjlfinancement/lib/mjl_operation_request_route.lib.php:26	SQL_SITE	SELECT@26	executes or assembles SELECT SQL	enclosing function/method or top-level handler	read or mutation determined by SQL verb	RT-008	DEFINITION_INDEXED	" if($type===''||$type==='CANCELLATION')$queries[]=""SELECT 'CANCELLATION' AS request_type,r.rowid,r.target_version,CASE WHEN r.target_type='ACTIVITY' THEN a.version ELSE o.version END AS current_target_version,r.fk_reques"
SYM-0868	custom/mjlfinancement/lib/mjl_operation_request_route.lib.php:27	SQL_SITE	SELECT@27	executes or assembles SELECT SQL	enclosing function/method or top-level handler	read or mutation determined by SQL verb	RT-008	DEFINITION_INDEXED	" if($type===''||$type==='REOPENING')$queries[]=""SELECT 'REOPENING' AS request_type,r.rowid,r.target_version,o.version AS current_target_version,r.fk_requester,r.requester_name_snapshot,r.reason,r.status,r.version,r.date_"
SYM-0869	custom/mjlfinancement/lib/mjl_report_route.lib.php:100	SQL_SITE	SELECT@100	executes or assembles SELECT SQL	enclosing function/method or top-level handler	read or mutation determined by SQL verb	RT-012	DEFINITION_INDEXED	 $stats=$reader->rows('SELECT COUNT(*) AS n,COALESCE(SUM(OCTET_LENGTH(label)+64),0) AS bytes FROM ('.$selection.') selected')[0]; 
SYM-0870	custom/mjlfinancement/lib/mjl_report_route.lib.php:122	SQL_SITE	SELECT@122	executes or assembles SELECT SQL	enclosing function/method or top-level handler	read or mutation determined by SQL verb	RT-012	DEFINITION_INDEXED	 $budgets=$reader->rows('SELECT @@session.max_statement_time AS statement_time,@@session.innodb_lock_wait_timeout AS row_wait,@@session.lock_wait_timeout AS metadata_wait')[0]; 
SYM-0871	custom/mjlfinancement/lib/mjl_report_route.lib.php:93	SQL_SITE	SELECT@93	executes or assembles SELECT SQL	enclosing function/method or top-level handler	read or mutation determined by SQL verb	RT-012	DEFINITION_INDEXED	 $selection='SELECT DISTINCT a.'.$fk.' AS id,'.$alias.'.'.$label.' AS label'.$from.' JOIN '.$db->prefix().$table.' '.$alias.' ON '.$alias.'.entity=a.entity AND '.$alias.'.rowid=a.'.$fk.' WHERE '.$where; 
SYM-0872	custom/mjlfinancement/lib/mjl_report_route.lib.php:94	SQL_SITE	SELECT@94	executes or assembles SELECT SQL	enclosing function/method or top-level handler	read or mutation determined by SQL verb	RT-012	DEFINITION_INDEXED	 $stats=$reader->rows('SELECT COUNT(*) AS n,COALESCE(SUM(OCTET_LENGTH(label)+64),0) AS bytes FROM ('.$selection.') selected')[0]; 
SYM-0873	custom/mjlfinancement/lib/mjl_report_route.lib.php:99	SQL_SITE	SELECT@99	executes or assembles SELECT SQL	enclosing function/method or top-level handler	read or mutation determined by SQL verb	RT-012	DEFINITION_INDEXED	 $selection='SELECT DISTINCT t.rowid AS id,t.label'.$from.' JOIN '.$db->prefix().'mjlfinancement_operation o ON o.entity=a.entity AND o.fk_activity=a.rowid AND o.date_removed IS NULL JOIN '.$db->prefix().'mjlfinancement_
SYM-0874	custom/mjlfinancement/lib/mjl_timeline.lib.php:17	SQL_SITE	SELECT@17	executes or assembles SELECT SQL	enclosing function/method or top-level handler	read or mutation determined by SQL verb	DB-002	DEFINITION_INDEXED	 if (mjl_scope_is_input_agent($user,(int)$conf->entity)) $where.=' AND EXISTS (SELECT 1 FROM '.$db->prefix().'mjlfinancement_activity_assignment aa WHERE aa.entity='.(int)$conf->entity.' AND aa.fk_activity='.(int)$activi
