record_id	file_line	kind	symbol	responsibility	invocation_category	main_effects	preservation_ids	mapping_status	evidence_snippet
SUP-0001	custom/mjlfinancement/core/tpl/login.tpl.php:1	TOP_LEVEL_TEMPLATE	<file>	renders the invitation-only MJL login form and OTP-aware authentication UI	Dolibarr login template override	authentication HTML, CSRF fields, credential/OTP submission controls	SEC-AUTH-005,SEC-AUTH-004,SEC-AUTH-001	DEFINITION_INDEXED	<?php
SUP-0002	custom/mjlfinancement/core/tpl/login.tpl.php:24	TEMPLATE_CONTROL	form	renders a security-relevant form or input control	Dolibarr login template override	authentication HTML, CSRF fields, credential/OTP submission controls	SEC-AUTH-005,SEC-AUTH-004,SEC-AUTH-001	DEFINITION_INDEXED	"<form id=""login"" name=""login"" method=""post"" action=""<?php print $php_self; ?>"" data-mjl-auth-form>"
SUP-0003	custom/mjlfinancement/core/tpl/login.tpl.php:25	TEMPLATE_CONTROL	token	renders a security-relevant form or input control	Dolibarr login template override	authentication HTML, CSRF fields, credential/OTP submission controls	SEC-AUTH-005,SEC-AUTH-004,SEC-AUTH-001	DEFINITION_INDEXED	"<input type=""hidden"" name=""token"" value=""<?php print newToken(); ?>"">"
SUP-0004	custom/mjlfinancement/core/tpl/login.tpl.php:27	TEMPLATE_CONTROL	action	renders a security-relevant form or input control	Dolibarr login template override	authentication HTML, CSRF fields, credential/OTP submission controls	SEC-AUTH-005,SEC-AUTH-004,SEC-AUTH-001	DEFINITION_INDEXED	"<input type=""hidden"" name=""action"" value=""login"">"
SUP-0005	custom/mjlfinancement/core/tpl/login.tpl.php:30	TEMPLATE_CONTROL	actionlogin	renders a security-relevant form or input control	Dolibarr login template override	authentication HTML, CSRF fields, credential/OTP submission controls	SEC-AUTH-005,SEC-AUTH-004,SEC-AUTH-001	DEFINITION_INDEXED	"<input type=""hidden"" name=""actionlogin"" value=""login""><input type=""hidden"" name=""loginfunction"" value=""loginfunction"">"
SUP-0006	custom/mjlfinancement/core/tpl/login.tpl.php:38	TEMPLATE_CONTROL	password	renders a security-relevant form or input control	Dolibarr login template override	authentication HTML, CSRF fields, credential/OTP submission controls	SEC-AUTH-005,SEC-AUTH-004,SEC-AUTH-001	DEFINITION_INDEXED	"<div class=""mjl-auth-password""><input type=""password"" id=""password"" name=""password"" autocomplete=""current-password"" required><button type=""button"" data-mjl-password-toggle aria-label=""Afficher le mot de passe"" aria-pressed=""false""><span aria-hidden=""true"">◉</span></button></div>"
SUP-0007	custom/mjlfinancement/core/tpl/passwordforgotten.tpl.php:1	TOP_LEVEL_TEMPLATE	<file>	renders the MJL password-reset request form without exposing account existence	Dolibarr forgotten-password template override	password reset request HTML and CSRF submission controls	SEC-AUTH-003,SEC-AUTH-001	DEFINITION_INDEXED	<?php
SUP-0008	custom/mjlfinancement/core/tpl/passwordforgotten.tpl.php:6	TEMPLATE_HELPER_CALL	mjl_auth_ui_start	delegates security-relevant reset form or unusable-link rendering to the shared auth UI helper	Dolibarr forgotten-password template override	password reset request HTML and CSRF submission controls	SEC-AUTH-003,SEC-AUTH-001	DEFINITION_INDEXED	mjl_auth_ui_start('Mot de passe oublié · MJL', $requested ? 'Consultez votre email' : 'Mot de passe oublié', $requested ? 'Si un compte correspond à cette adresse, vous recevrez un lien de réinitialisation.' : 'Recevez un lien pour réinitialiser votre mot de passe.', 'mjl-forgot-title');
SUP-0009	custom/mjlfinancement/core/tpl/passwordforgotten.tpl.php:10	TEMPLATE_CONTROL	form	renders a security-relevant form or input control	Dolibarr forgotten-password template override	password reset request HTML and CSRF submission controls	SEC-AUTH-003,SEC-AUTH-001	DEFINITION_INDEXED	"print '<form id=""mjl-password-request"" method=""post"" action=""'.DOL_URL_ROOT.'/user/passwordforgotten.php"" data-mjl-auth-form>';"
SUP-0010	custom/mjlfinancement/core/tpl/passwordforgotten.tpl.php:11	TEMPLATE_CONTROL	token	renders a security-relevant form or input control	Dolibarr forgotten-password template override	password reset request HTML and CSRF submission controls	SEC-AUTH-003,SEC-AUTH-001	DEFINITION_INDEXED	"print '<input type=""hidden"" name=""token"" value=""'.newToken().'""><input type=""hidden"" name=""action"" value=""mjl_build_password_reset"">';"
SUP-0011	custom/mjlfinancement/core/tpl/passwordforgotten.tpl.php:12	TEMPLATE_CONTROL	email	renders a security-relevant form or input control	Dolibarr forgotten-password template override	password reset request HTML and CSRF submission controls	SEC-AUTH-003,SEC-AUTH-001	DEFINITION_INDEXED	"print '<div class=""mjl-auth-field""><label for=""email"">Adresse email</label><input type=""email"" id=""email"" name=""email"" autocomplete=""email"" required autofocus></div>';"
SUP-0012	custom/mjlfinancement/core/tpl/passwordforgotten.tpl.php:15	TEMPLATE_HELPER_CALL	mjl_auth_ui_end	delegates security-relevant reset form or unusable-link rendering to the shared auth UI helper	Dolibarr forgotten-password template override	password reset request HTML and CSRF submission controls	SEC-AUTH-003,SEC-AUTH-001	DEFINITION_INDEXED	mjl_auth_ui_end();
SUP-0013	custom/mjlfinancement/core/tpl/passwordreset.tpl.php:1	TOP_LEVEL_TEMPLATE	<file>	renders the MJL password replacement form for a validated reset token	Dolibarr password-reset template override	new-password HTML and CSRF submission controls	SEC-AUTH-003,SEC-AUTH-001	DEFINITION_INDEXED	<?php
SUP-0014	custom/mjlfinancement/core/tpl/passwordreset.tpl.php:16	TEMPLATE_HELPER_CALL	mjl_auth_ui_start	delegates security-relevant reset form or unusable-link rendering to the shared auth UI helper	Dolibarr password-reset template override	new-password HTML and CSRF submission controls	SEC-AUTH-003,SEC-AUTH-001	DEFINITION_INDEXED	mjl_auth_ui_start('Nouveau mot de passe · MJL', $usable ? 'Réinitialiser mon mot de passe' : 'Lien indisponible', $usable ? 'Choisissez un nouveau mot de passe.' : '', 'mjl-reset-title');
SUP-0015	custom/mjlfinancement/core/tpl/passwordreset.tpl.php:18	TEMPLATE_HELPER_CALL	mjl_auth_ui_unusable_link	delegates security-relevant reset form or unusable-link rendering to the shared auth UI helper	Dolibarr password-reset template override	new-password HTML and CSRF submission controls	SEC-AUTH-003,SEC-AUTH-001	DEFINITION_INDEXED	mjl_auth_ui_unusable_link();
SUP-0016	custom/mjlfinancement/core/tpl/passwordreset.tpl.php:21	TEMPLATE_HELPER_CALL	mjl_auth_ui_password_form	delegates security-relevant reset form or unusable-link rendering to the shared auth UI helper	Dolibarr password-reset template override	new-password HTML and CSRF submission controls	SEC-AUTH-003,SEC-AUTH-001	DEFINITION_INDEXED	mjl_auth_ui_password_form('mjl-password-reset', DOL_URL_ROOT.'/user/passwordforgotten.php', array('action' => 'mjl_validate_password_reset', 'mjlselector' => $selector), $email, 'Réinitialiser le mot de passe');
SUP-0017	custom/mjlfinancement/core/tpl/passwordreset.tpl.php:23	TEMPLATE_HELPER_CALL	mjl_auth_ui_end	delegates security-relevant reset form or unusable-link rendering to the shared auth UI helper	Dolibarr password-reset template override	new-password HTML and CSRF submission controls	SEC-AUTH-003,SEC-AUTH-001	DEFINITION_INDEXED	mjl_auth_ui_end();
SUP-0018	custom/mjlfinancement/deployment/apache-native-guard.conf:1	CONFIG_FILE	<file>	enforces the reduced native-Dolibarr and custom-script HTTP surface	Apache virtual-host include	HTTP 403 routing, security response headers, native route denial	SEC-AUTHZ-002,SEC-DOC-002,LIFE-003	DEFINITION_INDEXED	ErrorDocument 403 /custom/mjlfinancement/nativeforbidden.php
SUP-0019	custom/mjlfinancement/deployment/apache-native-guard.conf:1	APACHE_RULE	ErrorDocument 403	routes Apache denials to the MJL forbidden response	Apache virtual-host include	HTTP 403 routing, security response headers, native route denial	SEC-AUTHZ-002,SEC-DOC-002,LIFE-003	DEFINITION_INDEXED	ErrorDocument 403 /custom/mjlfinancement/nativeforbidden.php
SUP-0020	custom/mjlfinancement/deployment/apache-native-guard.conf:3	APACHE_RULE	Referrer-Policy	sets a security response header on Apache-served responses	Apache virtual-host include	HTTP 403 routing, security response headers, native route denial	SEC-AUTHZ-002,SEC-DOC-002,LIFE-003	DEFINITION_INDEXED	"Header always set Referrer-Policy ""same-origin"""
SUP-0021	custom/mjlfinancement/deployment/apache-native-guard.conf:6	APACHE_SCOPE	"<LocationMatch ""^/custom/mjlfinancement/scripts(/|$)"">"	selects an HTTP path family for native-route enforcement	Apache virtual-host include	HTTP 403 routing, security response headers, native route denial	SEC-AUTHZ-002,SEC-DOC-002,LIFE-003	DEFINITION_INDEXED	"<LocationMatch ""^/custom/mjlfinancement/scripts(/|$)"">"
SUP-0022	custom/mjlfinancement/deployment/apache-native-guard.conf:7	APACHE_RULE	"deny:<LocationMatch ""^/custom/mjlfinancement/scripts(/|$)"">"	denies direct HTTP access to the selected native or operational route family	Apache virtual-host include	HTTP 403 routing, security response headers, native route denial	SEC-AUTHZ-002,SEC-DOC-002,LIFE-003	DEFINITION_INDEXED	Require all denied
SUP-0023	custom/mjlfinancement/deployment/apache-native-guard.conf:10	APACHE_SCOPE	"<LocationMatch ""^/(accountancy|adherents|ai|api|asset|asterisk|banque|barcode|blockedlog|bom|bookcal|bookmarks|categories|collab|comm|commande|compta|contact|contrat|cron|datapolicy|dav|delivery|don|ecm|emailcollector|eventorganization|expedition|expensereport|exports|fichinter|fourn|ftp|holiday|hrm|imports|install|intracommreport|knowledgemanagement|loan|mailmanspip|margin|modulebuilder|mrp|multicurrency|opensurvey|"	selects an HTTP path family for native-route enforcement	Apache virtual-host include	HTTP 403 routing, security response headers, native route denial	SEC-AUTHZ-002,SEC-DOC-002,LIFE-003	DEFINITION_INDEXED	"<LocationMatch ""^/(accountancy|adherents|ai|api|asset|asterisk|banque|barcode|blockedlog|bom|bookcal|bookmarks|categories|collab|comm|commande|compta|contact|contrat|cron|datapolicy|dav|delivery|don|ecm|emailcollector|eventorganization|expedition|expensereport|exports|fichinter|fourn|ftp|holiday|hrm|imports|install|intracommreport|knowledgemanagement|loan|mailmanspip|margin|modulebuilder|mrp|multicurrency|opensurvey|"
SUP-0024	custom/mjlfinancement/deployment/apache-native-guard.conf:11	APACHE_RULE	"deny:<LocationMatch ""^/(accountancy|adherents|ai|api|asset|asterisk|banque|barcode|blockedlog|bom|bookcal|bookmarks|categories|collab|comm|commande|compta|contact|contrat|cron|datapolicy|dav|delivery|don|ecm|emailcollector|eventorganization|expedition|expensereport|exports|fichinter|fourn|ftp|holiday|hrm|imports|install|intracommreport|knowledgemanagement|loan|mailmanspip|margin|modulebuilder|mrp|multicurrency|opensu"	denies direct HTTP access to the selected native or operational route family	Apache virtual-host include	HTTP 403 routing, security response headers, native route denial	SEC-AUTHZ-002,SEC-DOC-002,LIFE-003	DEFINITION_INDEXED	Require all denied
SUP-0025	custom/mjlfinancement/deployment/apache-native-guard.conf:14	APACHE_SCOPE	"<LocationMatch ""^/(document|viewimage)\.php(?:/|$)"">"	selects an HTTP path family for native-route enforcement	Apache virtual-host include	HTTP 403 routing, security response headers, native route denial	SEC-AUTHZ-002,SEC-DOC-002,LIFE-003	DEFINITION_INDEXED	"<LocationMatch ""^/(document|viewimage)\.php(?:/|$)"">"
SUP-0026	custom/mjlfinancement/deployment/apache-native-guard.conf:15	APACHE_RULE	"deny:<LocationMatch ""^/(document|viewimage)\.php(?:/|$)"">"	denies direct HTTP access to the selected native or operational route family	Apache virtual-host include	HTTP 403 routing, security response headers, native route denial	SEC-AUTHZ-002,SEC-DOC-002,LIFE-003	DEFINITION_INDEXED	Require all denied
SUP-0027	custom/mjlfinancement/deployment/apache-native-guard.conf:18	APACHE_SCOPE	"<Location ""/core/tools.php"">"	selects an HTTP path family for native-route enforcement	Apache virtual-host include	HTTP 403 routing, security response headers, native route denial	SEC-AUTHZ-002,SEC-DOC-002,LIFE-003	DEFINITION_INDEXED	"<Location ""/core/tools.php"">"
SUP-0028	custom/mjlfinancement/deployment/apache-native-guard.conf:19	APACHE_RULE	"deny:<Location ""/core/tools.php"">"	denies direct HTTP access to the selected native or operational route family	Apache virtual-host include	HTTP 403 routing, security response headers, native route denial	SEC-AUTHZ-002,SEC-DOC-002,LIFE-003	DEFINITION_INDEXED	Require all denied
SUP-0029	custom/mjlfinancement/deployment/apache-native-guard.conf:22	APACHE_SCOPE	"<LocationMatch ""^/admin/(?!modules\.php$)"">"	selects an HTTP path family for native-route enforcement	Apache virtual-host include	HTTP 403 routing, security response headers, native route denial	SEC-AUTHZ-002,SEC-DOC-002,LIFE-003	DEFINITION_INDEXED	"<LocationMatch ""^/admin/(?!modules\.php$)"">"
SUP-0030	custom/mjlfinancement/deployment/apache-native-guard.conf:23	APACHE_RULE	"deny:<LocationMatch ""^/admin/(?!modules\.php$)"">"	denies direct HTTP access to the selected native or operational route family	Apache virtual-host include	HTTP 403 routing, security response headers, native route denial	SEC-AUTHZ-002,SEC-DOC-002,LIFE-003	DEFINITION_INDEXED	Require all denied
SUP-0031	custom/mjlfinancement/deployment/apache-native-guard.conf:26	APACHE_SCOPE	"<LocationMatch ""^/user/(?!logout\.php$|passwordforgotten\.php(?:$|\?))"">"	selects an HTTP path family for native-route enforcement	Apache virtual-host include	HTTP 403 routing, security response headers, native route denial	SEC-AUTHZ-002,SEC-DOC-002,LIFE-003	DEFINITION_INDEXED	"<LocationMatch ""^/user/(?!logout\.php$|passwordforgotten\.php(?:$|\?))"">"
SUP-0032	custom/mjlfinancement/deployment/apache-native-guard.conf:27	APACHE_RULE	"deny:<LocationMatch ""^/user/(?!logout\.php$|passwordforgotten\.php(?:$|\?))"">"	denies direct HTTP access to the selected native or operational route family	Apache virtual-host include	HTTP 403 routing, security response headers, native route denial	SEC-AUTHZ-002,SEC-DOC-002,LIFE-003	DEFINITION_INDEXED	Require all denied
SUP-0033	custom/mjlfinancement/js/activities.js:1	TOP_LEVEL_SCRIPT	<file>	manages activity operation rows, project filtering, totals, dates, and submit-time validation	browser asset loaded by MJL pages	DOM state, validation, accessibility, and presentation	-	DEFINITION_INDEXED	(function () {
SUP-0034	custom/mjlfinancement/js/activities.js:17	JS_FUNCTION	syncProjects	defines a significant browser or operator-side routine/value	browser asset loaded by MJL pages	DOM state, validation, accessibility, and presentation	-	DEFINITION_INDEXED	function syncProjects() {
SUP-0035	custom/mjlfinancement/js/activities.js:28	JS_EVENT_HANDLER	change@28	binds an interaction that changes client-visible state or submission behavior	browser asset loaded by MJL pages	DOM state, validation, accessibility, and presentation	-	DEFINITION_INDEXED	if (window.jQuery) window.jQuery(partner).on('change', syncProjects);
SUP-0036	custom/mjlfinancement/js/activities.js:29	JS_EVENT_HANDLER	change@29	binds an interaction that changes client-visible state or submission behavior	browser asset loaded by MJL pages	DOM state, validation, accessibility, and presentation	-	DEFINITION_INDEXED	else partner.addEventListener('change', syncProjects);
SUP-0037	custom/mjlfinancement/js/activities.js:32	JS_FUNCTION	refresh	defines a significant browser or operator-side routine/value	browser asset loaded by MJL pages	DOM state, validation, accessibility, and presentation	-	DEFINITION_INDEXED	function refresh() {
SUP-0038	custom/mjlfinancement/js/activities.js:58	JS_EVENT_HANDLER	click@58	binds an interaction that changes client-visible state or submission behavior	browser asset loaded by MJL pages	DOM state, validation, accessibility, and presentation	-	DEFINITION_INDEXED	list.addEventListener('click', function (event) {
SUP-0039	custom/mjlfinancement/js/activities.js:72	JS_EVENT_HANDLER	input@72	binds an interaction that changes client-visible state or submission behavior	browser asset loaded by MJL pages	DOM state, validation, accessibility, and presentation	-	DEFINITION_INDEXED	list.addEventListener('input', refresh);
SUP-0040	custom/mjlfinancement/js/activities.js:73	JS_EVENT_HANDLER	change@73	binds an interaction that changes client-visible state or submission behavior	browser asset loaded by MJL pages	DOM state, validation, accessibility, and presentation	-	DEFINITION_INDEXED	list.addEventListener('change', refresh);
SUP-0041	custom/mjlfinancement/js/activities.js:74	JS_EVENT_HANDLER	input@74	binds an interaction that changes client-visible state or submission behavior	browser asset loaded by MJL pages	DOM state, validation, accessibility, and presentation	-	DEFINITION_INDEXED	amount.addEventListener('input', refresh);
SUP-0042	custom/mjlfinancement/js/activities.js:75	JS_EVENT_HANDLER	change@75	binds an interaction that changes client-visible state or submission behavior	browser asset loaded by MJL pages	DOM state, validation, accessibility, and presentation	-	DEFINITION_INDEXED	start.addEventListener('change', refresh);
SUP-0043	custom/mjlfinancement/js/activities.js:76	JS_EVENT_HANDLER	change@76	binds an interaction that changes client-visible state or submission behavior	browser asset loaded by MJL pages	DOM state, validation, accessibility, and presentation	-	DEFINITION_INDEXED	end.addEventListener('change', refresh);
SUP-0044	custom/mjlfinancement/js/activities.js:77	JS_EVENT_HANDLER	click@77	binds an interaction that changes client-visible state or submission behavior	browser asset loaded by MJL pages	DOM state, validation, accessibility, and presentation	-	DEFINITION_INDEXED	add.addEventListener('click', function () {
SUP-0045	custom/mjlfinancement/js/activities.js:91	JS_EVENT_HANDLER	input@91	binds an interaction that changes client-visible state or submission behavior	browser asset loaded by MJL pages	DOM state, validation, accessibility, and presentation	-	DEFINITION_INDEXED	form.addEventListener('input', function () {
SUP-0046	custom/mjlfinancement/js/activities.js:94	JS_EVENT_HANDLER	submit@94	binds an interaction that changes client-visible state or submission behavior	browser asset loaded by MJL pages	DOM state, validation, accessibility, and presentation	-	DEFINITION_INDEXED	form.addEventListener('submit', function (event) {
SUP-0047	custom/mjlfinancement/js/auth_fragment.js:1	TOP_LEVEL_SCRIPT	<file>	controls authentication-fragment interactions and progressive enhancement	browser asset loaded by MJL pages	DOM state, validation, accessibility, and presentation	SEC-AUTH-005	DEFINITION_INDEXED	(function () {
SUP-0048	custom/mjlfinancement/js/mjl_auth.js:1	TOP_LEVEL_SCRIPT	<file>	controls MJL login, OTP, and password-flow client interactions	browser asset loaded by MJL pages	DOM state, validation, accessibility, and presentation	SEC-AUTH-005	DEFINITION_INDEXED	(function () {
SUP-0049	custom/mjlfinancement/js/mjl_auth.js:3	JS_FUNCTION	init	defines a significant browser or operator-side routine/value	browser asset loaded by MJL pages	DOM state, validation, accessibility, and presentation	SEC-AUTH-005	DEFINITION_INDEXED	function init() {
SUP-0050	custom/mjlfinancement/js/mjl_auth.js:6	JS_EVENT_HANDLER	click@6	binds an interaction that changes client-visible state or submission behavior	browser asset loaded by MJL pages	DOM state, validation, accessibility, and presentation	SEC-AUTH-005	DEFINITION_INDEXED	button.addEventListener('click', function () {
SUP-0051	custom/mjlfinancement/js/mjl_auth.js:19	JS_FUNCTION	sync	defines a significant browser or operator-side routine/value	browser asset loaded by MJL pages	DOM state, validation, accessibility, and presentation	SEC-AUTH-005	DEFINITION_INDEXED	var sync = function () {
SUP-0052	custom/mjlfinancement/js/mjl_auth.js:23	JS_EVENT_HANDLER	input@23	binds an interaction that changes client-visible state or submission behavior	browser asset loaded by MJL pages	DOM state, validation, accessibility, and presentation	SEC-AUTH-005	DEFINITION_INDEXED	input.addEventListener('input', sync);
SUP-0053	custom/mjlfinancement/js/mjl_auth.js:24	JS_EVENT_HANDLER	paste@24	binds an interaction that changes client-visible state or submission behavior	browser asset loaded by MJL pages	DOM state, validation, accessibility, and presentation	SEC-AUTH-005	DEFINITION_INDEXED	input.addEventListener('paste', function (event) {
SUP-0054	custom/mjlfinancement/js/mjl_auth.js:37	JS_FUNCTION	validate	defines a significant browser or operator-side routine/value	browser asset loaded by MJL pages	DOM state, validation, accessibility, and presentation	SEC-AUTH-005	DEFINITION_INDEXED	var validate = function () {
SUP-0055	custom/mjlfinancement/js/mjl_auth.js:50	JS_EVENT_HANDLER	input@50	binds an interaction that changes client-visible state or submission behavior	browser asset loaded by MJL pages	DOM state, validation, accessibility, and presentation	SEC-AUTH-005	DEFINITION_INDEXED	password.addEventListener('input', validate);
SUP-0056	custom/mjlfinancement/js/mjl_auth.js:51	JS_EVENT_HANDLER	input@51	binds an interaction that changes client-visible state or submission behavior	browser asset loaded by MJL pages	DOM state, validation, accessibility, and presentation	SEC-AUTH-005	DEFINITION_INDEXED	confirmation.addEventListener('input', validate);
SUP-0057	custom/mjlfinancement/js/mjl_auth.js:56	JS_EVENT_HANDLER	submit@56	binds an interaction that changes client-visible state or submission behavior	browser asset loaded by MJL pages	DOM state, validation, accessibility, and presentation	SEC-AUTH-005	DEFINITION_INDEXED	form.addEventListener('submit', function () {
SUP-0058	custom/mjlfinancement/js/mjl_auth.js:65	JS_EVENT_HANDLER	DOMContentLoaded@65	binds an interaction that changes client-visible state or submission behavior	browser asset loaded by MJL pages	DOM state, validation, accessibility, and presentation	SEC-AUTH-005	DEFINITION_INDEXED	if (document.readyState === 'loading') document.addEventListener('DOMContentLoaded', init);
SUP-0059	custom/mjlfinancement/js/mjl_components.js:1	TOP_LEVEL_SCRIPT	<file>	provides shared MJL UI component initialization and teardown	browser asset loaded by MJL pages	DOM state, validation, accessibility, and presentation	-	DEFINITION_INDEXED	(function () {
SUP-0060	custom/mjlfinancement/js/mjl_components.js:4	JS_FUNCTION	initNavigationDrawer	defines a significant browser or operator-side routine/value	browser asset loaded by MJL pages	DOM state, validation, accessibility, and presentation	-	DEFINITION_INDEXED	function initNavigationDrawer(shell) {
SUP-0061	custom/mjlfinancement/js/mjl_components.js:18	JS_EVENT_HANDLER	focusin@18	binds an interaction that changes client-visible state or submission behavior	browser asset loaded by MJL pages	DOM state, validation, accessibility, and presentation	-	DEFINITION_INDEXED	document.addEventListener('focusin', function (event) {
SUP-0062	custom/mjlfinancement/js/mjl_components.js:26	JS_FUNCTION	focusableElements	defines a significant browser or operator-side routine/value	browser asset loaded by MJL pages	DOM state, validation, accessibility, and presentation	-	DEFINITION_INDEXED	function focusableElements() {
SUP-0063	custom/mjlfinancement/js/mjl_components.js:35	JS_FUNCTION	focusDrawer	defines a significant browser or operator-side routine/value	browser asset loaded by MJL pages	DOM state, validation, accessibility, and presentation	-	DEFINITION_INDEXED	function focusDrawer() {
SUP-0064	custom/mjlfinancement/js/mjl_components.js:41	JS_FUNCTION	ownInert	defines a significant browser or operator-side routine/value	browser asset loaded by MJL pages	DOM state, validation, accessibility, and presentation	-	DEFINITION_INDEXED	function ownInert(element) {
SUP-0065	custom/mjlfinancement/js/mjl_components.js:52	JS_FUNCTION	isolateOutsideBranches	defines a significant browser or operator-side routine/value	browser asset loaded by MJL pages	DOM state, validation, accessibility, and presentation	-	DEFINITION_INDEXED	function isolateOutsideBranches(root) {
SUP-0066	custom/mjlfinancement/js/mjl_components.js:63	JS_FUNCTION	isolateBackground	defines a significant browser or operator-side routine/value	browser asset loaded by MJL pages	DOM state, validation, accessibility, and presentation	-	DEFINITION_INDEXED	function isolateBackground() {
SUP-0067	custom/mjlfinancement/js/mjl_components.js:71	JS_FUNCTION	restoreBackground	defines a significant browser or operator-side routine/value	browser asset loaded by MJL pages	DOM state, validation, accessibility, and presentation	-	DEFINITION_INDEXED	function restoreBackground() {
SUP-0068	custom/mjlfinancement/js/mjl_components.js:84	JS_FUNCTION	closeDrawer	defines a significant browser or operator-side routine/value	browser asset loaded by MJL pages	DOM state, validation, accessibility, and presentation	-	DEFINITION_INDEXED	function closeDrawer(restoreFocus) {
SUP-0069	custom/mjlfinancement/js/mjl_components.js:95	JS_FUNCTION	openDrawer	defines a significant browser or operator-side routine/value	browser asset loaded by MJL pages	DOM state, validation, accessibility, and presentation	-	DEFINITION_INDEXED	function openDrawer() {
SUP-0070	custom/mjlfinancement/js/mjl_components.js:109	JS_FUNCTION	syncViewport	defines a significant browser or operator-side routine/value	browser asset loaded by MJL pages	DOM state, validation, accessibility, and presentation	-	DEFINITION_INDEXED	function syncViewport() {
SUP-0071	custom/mjlfinancement/js/mjl_components.js:121	JS_EVENT_HANDLER	click@121	binds an interaction that changes client-visible state or submission behavior	browser asset loaded by MJL pages	DOM state, validation, accessibility, and presentation	-	DEFINITION_INDEXED	trigger.addEventListener('click', openDrawer);
SUP-0072	custom/mjlfinancement/js/mjl_components.js:122	JS_EVENT_HANDLER	click@122	binds an interaction that changes client-visible state or submission behavior	browser asset loaded by MJL pages	DOM state, validation, accessibility, and presentation	-	DEFINITION_INDEXED	closeButton.addEventListener('click', function () {
SUP-0073	custom/mjlfinancement/js/mjl_components.js:125	JS_EVENT_HANDLER	click@125	binds an interaction that changes client-visible state or submission behavior	browser asset loaded by MJL pages	DOM state, validation, accessibility, and presentation	-	DEFINITION_INDEXED	backdrop.addEventListener('click', function () {
SUP-0074	custom/mjlfinancement/js/mjl_components.js:128	JS_EVENT_HANDLER	click@128	binds an interaction that changes client-visible state or submission behavior	browser asset loaded by MJL pages	DOM state, validation, accessibility, and presentation	-	DEFINITION_INDEXED	sidebar.addEventListener('click', function (event) {
SUP-0075	custom/mjlfinancement/js/mjl_components.js:132	JS_EVENT_HANDLER	keydown@132	binds an interaction that changes client-visible state or submission behavior	browser asset loaded by MJL pages	DOM state, validation, accessibility, and presentation	-	DEFINITION_INDEXED	sidebar.addEventListener('keydown', function (event) {
SUP-0076	custom/mjlfinancement/js/mjl_components.js:146	JS_EVENT_HANDLER	keydown@146	binds an interaction that changes client-visible state or submission behavior	browser asset loaded by MJL pages	DOM state, validation, accessibility, and presentation	-	DEFINITION_INDEXED	document.addEventListener('keydown', function (event) {
SUP-0077	custom/mjlfinancement/js/mjl_components.js:149	JS_EVENT_HANDLER	change@149	binds an interaction that changes client-visible state or submission behavior	browser asset loaded by MJL pages	DOM state, validation, accessibility, and presentation	-	DEFINITION_INDEXED	if (media.addEventListener) media.addEventListener('change', syncViewport);
SUP-0078	custom/mjlfinancement/js/mjl_components.js:151	JS_EVENT_HANDLER	pagehide@151	binds an interaction that changes client-visible state or submission behavior	browser asset loaded by MJL pages	DOM state, validation, accessibility, and presentation	-	DEFINITION_INDEXED	window.addEventListener('pagehide', function () {
SUP-0079	custom/mjlfinancement/js/mjl_components.js:157	JS_FUNCTION	fieldMessage	defines a significant browser or operator-side routine/value	browser asset loaded by MJL pages	DOM state, validation, accessibility, and presentation	-	DEFINITION_INDEXED	function fieldMessage(field) {
SUP-0080	custom/mjlfinancement/js/mjl_components.js:170	JS_FUNCTION	clearErrors	defines a significant browser or operator-side routine/value	browser asset loaded by MJL pages	DOM state, validation, accessibility, and presentation	-	DEFINITION_INDEXED	function clearErrors(form) {
SUP-0081	custom/mjlfinancement/js/mjl_components.js:186	JS_FUNCTION	validateForm	defines a significant browser or operator-side routine/value	browser asset loaded by MJL pages	DOM state, validation, accessibility, and presentation	-	DEFINITION_INDEXED	function validateForm(form) {
SUP-0082	custom/mjlfinancement/js/mjl_components.js:233	JS_FUNCTION	initValidatedForm	defines a significant browser or operator-side routine/value	browser asset loaded by MJL pages	DOM state, validation, accessibility, and presentation	-	DEFINITION_INDEXED	function initValidatedForm(form) {
SUP-0083	custom/mjlfinancement/js/mjl_components.js:234	JS_EVENT_HANDLER	submit@234	binds an interaction that changes client-visible state or submission behavior	browser asset loaded by MJL pages	DOM state, validation, accessibility, and presentation	-	DEFINITION_INDEXED	form.addEventListener('submit', function (event) {
SUP-0084	custom/mjlfinancement/js/mjl_components.js:240	JS_FUNCTION	substantiveFormSnapshot	defines a significant browser or operator-side routine/value	browser asset loaded by MJL pages	DOM state, validation, accessibility, and presentation	-	DEFINITION_INDEXED	function substantiveFormSnapshot(form) {
SUP-0085	custom/mjlfinancement/js/mjl_components.js:254	JS_FUNCTION	createUnsavedDialog	defines a significant browser or operator-side routine/value	browser asset loaded by MJL pages	DOM state, validation, accessibility, and presentation	-	DEFINITION_INDEXED	function createUnsavedDialog() {
SUP-0086	custom/mjlfinancement/js/mjl_components.js:263	JS_FUNCTION	trapDialogTab	defines a significant browser or operator-side routine/value	browser asset loaded by MJL pages	DOM state, validation, accessibility, and presentation	-	DEFINITION_INDEXED	function trapDialogTab(dialog, event) {
SUP-0087	custom/mjlfinancement/js/mjl_components.js:278	JS_FUNCTION	initSubstantiveForms	defines a significant browser or operator-side routine/value	browser asset loaded by MJL pages	DOM state, validation, accessibility, and presentation	-	DEFINITION_INDEXED	function initSubstantiveForms(forms) {
SUP-0088	custom/mjlfinancement/js/mjl_components.js:283	JS_EVENT_HANDLER	keydown@283	binds an interaction that changes client-visible state or submission behavior	browser asset loaded by MJL pages	DOM state, validation, accessibility, and presentation	-	DEFINITION_INDEXED	dialog.addEventListener('keydown', function (event) {
SUP-0089	custom/mjlfinancement/js/mjl_components.js:286	JS_EVENT_HANDLER	cancel@286	binds an interaction that changes client-visible state or submission behavior	browser asset loaded by MJL pages	DOM state, validation, accessibility, and presentation	-	DEFINITION_INDEXED	dialog.addEventListener('cancel', function (event) {
SUP-0090	custom/mjlfinancement/js/mjl_components.js:290	JS_EVENT_HANDLER	close@290	binds an interaction that changes client-visible state or submission behavior	browser asset loaded by MJL pages	DOM state, validation, accessibility, and presentation	-	DEFINITION_INDEXED	dialog.addEventListener('close', function () {
SUP-0091	custom/mjlfinancement/js/mjl_components.js:296	JS_EVENT_HANDLER	click@296	binds an interaction that changes client-visible state or submission behavior	browser asset loaded by MJL pages	DOM state, validation, accessibility, and presentation	-	DEFINITION_INDEXED	dialog.querySelector('[data-mjl-unsaved-stay]').addEventListener('click', function () {
SUP-0092	custom/mjlfinancement/js/mjl_components.js:299	JS_EVENT_HANDLER	click@299	binds an interaction that changes client-visible state or submission behavior	browser asset loaded by MJL pages	DOM state, validation, accessibility, and presentation	-	DEFINITION_INDEXED	dialog.querySelector('[data-mjl-unsaved-leave]').addEventListener('click', function () {
SUP-0093	custom/mjlfinancement/js/mjl_components.js:326	JS_FUNCTION	beforeUnload	defines a significant browser or operator-side routine/value	browser asset loaded by MJL pages	DOM state, validation, accessibility, and presentation	-	DEFINITION_INDEXED	function beforeUnload(event) {
SUP-0094	custom/mjlfinancement/js/mjl_components.js:332	JS_FUNCTION	attachBeforeUnload	defines a significant browser or operator-side routine/value	browser asset loaded by MJL pages	DOM state, validation, accessibility, and presentation	-	DEFINITION_INDEXED	function attachBeforeUnload() {
SUP-0095	custom/mjlfinancement/js/mjl_components.js:334	JS_EVENT_HANDLER	beforeunload@334	binds an interaction that changes client-visible state or submission behavior	browser asset loaded by MJL pages	DOM state, validation, accessibility, and presentation	-	DEFINITION_INDEXED	window.addEventListener('beforeunload', beforeUnload);
SUP-0096	custom/mjlfinancement/js/mjl_components.js:338	JS_FUNCTION	detachBeforeUnload	defines a significant browser or operator-side routine/value	browser asset loaded by MJL pages	DOM state, validation, accessibility, and presentation	-	DEFINITION_INDEXED	function detachBeforeUnload() {
SUP-0097	custom/mjlfinancement/js/mjl_components.js:344	JS_FUNCTION	syncDirtyState	defines a significant browser or operator-side routine/value	browser asset loaded by MJL pages	DOM state, validation, accessibility, and presentation	-	DEFINITION_INDEXED	function syncDirtyState() {
SUP-0098	custom/mjlfinancement/js/mjl_components.js:350	JS_FUNCTION	eligibleNavigation	defines a significant browser or operator-side routine/value	browser asset loaded by MJL pages	DOM state, validation, accessibility, and presentation	-	DEFINITION_INDEXED	function eligibleNavigation(event, link) {
SUP-0099	custom/mjlfinancement/js/mjl_components.js:362	JS_FUNCTION	promptToLeave	defines a significant browser or operator-side routine/value	browser asset loaded by MJL pages	DOM state, validation, accessibility, and presentation	-	DEFINITION_INDEXED	function promptToLeave(href, restoreTarget, leave) {
SUP-0100	custom/mjlfinancement/js/mjl_components.js:371	JS_EVENT_HANDLER	mjl:request-leave@371	binds an interaction that changes client-visible state or submission behavior	browser asset loaded by MJL pages	DOM state, validation, accessibility, and presentation	-	DEFINITION_INDEXED	form.addEventListener('mjl:request-leave', function (event) {
SUP-0101	custom/mjlfinancement/js/mjl_components.js:382	JS_EVENT_HANDLER	input@382	binds an interaction that changes client-visible state or submission behavior	browser asset loaded by MJL pages	DOM state, validation, accessibility, and presentation	-	DEFINITION_INDEXED	form.addEventListener('input', syncDirtyState);
SUP-0102	custom/mjlfinancement/js/mjl_components.js:383	JS_EVENT_HANDLER	change@383	binds an interaction that changes client-visible state or submission behavior	browser asset loaded by MJL pages	DOM state, validation, accessibility, and presentation	-	DEFINITION_INDEXED	form.addEventListener('change', syncDirtyState);
SUP-0103	custom/mjlfinancement/js/mjl_components.js:384	JS_EVENT_HANDLER	submit@384	binds an interaction that changes client-visible state or submission behavior	browser asset loaded by MJL pages	DOM state, validation, accessibility, and presentation	-	DEFINITION_INDEXED	form.addEventListener('submit', function (event) {
SUP-0104	custom/mjlfinancement/js/mjl_components.js:398	JS_EVENT_HANDLER	click@398	binds an interaction that changes client-visible state or submission behavior	browser asset loaded by MJL pages	DOM state, validation, accessibility, and presentation	-	DEFINITION_INDEXED	document.addEventListener('click', function (event) {
SUP-0105	custom/mjlfinancement/js/mjl_components.js:408	JS_FUNCTION	initTableActionMenus	defines a significant browser or operator-side routine/value	browser asset loaded by MJL pages	DOM state, validation, accessibility, and presentation	-	DEFINITION_INDEXED	function initTableActionMenus(menus) {
SUP-0106	custom/mjlfinancement/js/mjl_components.js:411	JS_FUNCTION	items	defines a significant browser or operator-side routine/value	browser asset loaded by MJL pages	DOM state, validation, accessibility, and presentation	-	DEFINITION_INDEXED	function items(menu) {
SUP-0107	custom/mjlfinancement/js/mjl_components.js:417	JS_FUNCTION	close	defines a significant browser or operator-side routine/value	browser asset loaded by MJL pages	DOM state, validation, accessibility, and presentation	-	DEFINITION_INDEXED	function close(menu, restoreFocus) {
SUP-0108	custom/mjlfinancement/js/mjl_components.js:425	JS_FUNCTION	contain	defines a significant browser or operator-side routine/value	browser asset loaded by MJL pages	DOM state, validation, accessibility, and presentation	-	DEFINITION_INDEXED	function contain(menu) {
SUP-0109	custom/mjlfinancement/js/mjl_components.js:434	JS_FUNCTION	open	defines a significant browser or operator-side routine/value	browser asset loaded by MJL pages	DOM state, validation, accessibility, and presentation	-	DEFINITION_INDEXED	function open(menu, focusIndex) {
SUP-0110	custom/mjlfinancement/js/mjl_components.js:457	JS_EVENT_HANDLER	toggle@457	binds an interaction that changes client-visible state or submission behavior	browser asset loaded by MJL pages	DOM state, validation, accessibility, and presentation	-	DEFINITION_INDEXED	menu.addEventListener('toggle', function () {
SUP-0111	custom/mjlfinancement/js/mjl_components.js:461	JS_EVENT_HANDLER	keydown@461	binds an interaction that changes client-visible state or submission behavior	browser asset loaded by MJL pages	DOM state, validation, accessibility, and presentation	-	DEFINITION_INDEXED	menu.addEventListener('keydown', function (event) {
SUP-0112	custom/mjlfinancement/js/mjl_components.js:484	JS_EVENT_HANDLER	click@484	binds an interaction that changes client-visible state or submission behavior	browser asset loaded by MJL pages	DOM state, validation, accessibility, and presentation	-	DEFINITION_INDEXED	document.addEventListener('click', function (event) {
SUP-0113	custom/mjlfinancement/js/mjl_components.js:489	JS_EVENT_HANDLER	resize@489	binds an interaction that changes client-visible state or submission behavior	browser asset loaded by MJL pages	DOM state, validation, accessibility, and presentation	-	DEFINITION_INDEXED	window.addEventListener('resize', function () {
SUP-0114	custom/mjlfinancement/js/mjl_components.js:495	JS_FUNCTION	initTabs	defines a significant browser or operator-side routine/value	browser asset loaded by MJL pages	DOM state, validation, accessibility, and presentation	-	DEFINITION_INDEXED	function initTabs(tablist) {
SUP-0115	custom/mjlfinancement/js/mjl_components.js:509	JS_FUNCTION	select	defines a significant browser or operator-side routine/value	browser asset loaded by MJL pages	DOM state, validation, accessibility, and presentation	-	DEFINITION_INDEXED	function select(tab, moveFocus) {
SUP-0116	custom/mjlfinancement/js/mjl_components.js:520	JS_EVENT_HANDLER	click@520	binds an interaction that changes client-visible state or submission behavior	browser asset loaded by MJL pages	DOM state, validation, accessibility, and presentation	-	DEFINITION_INDEXED	tab.addEventListener('click', function (event) {
SUP-0117	custom/mjlfinancement/js/mjl_components.js:525	JS_EVENT_HANDLER	keydown@525	binds an interaction that changes client-visible state or submission behavior	browser asset loaded by MJL pages	DOM state, validation, accessibility, and presentation	-	DEFINITION_INDEXED	tab.addEventListener('keydown', function (event) {
SUP-0118	custom/mjlfinancement/js/mjl_components.js:536	JS_FUNCTION	initAssignmentDialog	defines a significant browser or operator-side routine/value	browser asset loaded by MJL pages	DOM state, validation, accessibility, and presentation	-	DEFINITION_INDEXED	function initAssignmentDialog(dialog) {
SUP-0119	custom/mjlfinancement/js/mjl_components.js:542	JS_FUNCTION	syncTargets	defines a significant browser or operator-side routine/value	browser asset loaded by MJL pages	DOM state, validation, accessibility, and presentation	-	DEFINITION_INDEXED	function syncTargets() {
SUP-0120	custom/mjlfinancement/js/mjl_components.js:560	JS_EVENT_HANDLER	change@560	binds an interaction that changes client-visible state or submission behavior	browser asset loaded by MJL pages	DOM state, validation, accessibility, and presentation	-	DEFINITION_INDEXED	operation.addEventListener('change', syncTargets);
SUP-0121	custom/mjlfinancement/js/mjl_components.js:564	JS_FUNCTION	initNativeDialog	defines a significant browser or operator-side routine/value	browser asset loaded by MJL pages	DOM state, validation, accessibility, and presentation	-	DEFINITION_INDEXED	function initNativeDialog(dialog, options) {
SUP-0122	custom/mjlfinancement/js/mjl_components.js:568	JS_EVENT_HANDLER	click@568	binds an interaction that changes client-visible state or submission behavior	browser asset loaded by MJL pages	DOM state, validation, accessibility, and presentation	-	DEFINITION_INDEXED	trigger.addEventListener('click', function (event) {
SUP-0123	custom/mjlfinancement/js/mjl_components.js:578	JS_EVENT_HANDLER	click@578	binds an interaction that changes client-visible state or submission behavior	browser asset loaded by MJL pages	DOM state, validation, accessibility, and presentation	-	DEFINITION_INDEXED	button.addEventListener('click', function () { dialog.close(); });
SUP-0124	custom/mjlfinancement/js/mjl_components.js:580	JS_EVENT_HANDLER	click@580	binds an interaction that changes client-visible state or submission behavior	browser asset loaded by MJL pages	DOM state, validation, accessibility, and presentation	-	DEFINITION_INDEXED	dialog.addEventListener('click', function (event) {
SUP-0125	custom/mjlfinancement/js/mjl_components.js:583	JS_EVENT_HANDLER	close@583	binds an interaction that changes client-visible state or submission behavior	browser asset loaded by MJL pages	DOM state, validation, accessibility, and presentation	-	DEFINITION_INDEXED	dialog.addEventListener('close', function () {
SUP-0126	custom/mjlfinancement/js/mjl_components.js:590	JS_FUNCTION	initDialog	defines a significant browser or operator-side routine/value	browser asset loaded by MJL pages	DOM state, validation, accessibility, and presentation	-	DEFINITION_INDEXED	function initDialog(dialog) {
SUP-0127	custom/mjlfinancement/js/mjl_components.js:600	JS_FUNCTION	initExceptionDialog	defines a significant browser or operator-side routine/value	browser asset loaded by MJL pages	DOM state, validation, accessibility, and presentation	-	DEFINITION_INDEXED	function initExceptionDialog(dialog) {
SUP-0128	custom/mjlfinancement/js/mjl_components.js:641	JS_FUNCTION	initOperationDrawer	defines a significant browser or operator-side routine/value	browser asset loaded by MJL pages	DOM state, validation, accessibility, and presentation	-	DEFINITION_INDEXED	function initOperationDrawer(dialog) {
SUP-0129	custom/mjlfinancement/js/mjl_components.js:659	JS_FUNCTION	assign	defines a significant browser or operator-side routine/value	browser asset loaded by MJL pages	DOM state, validation, accessibility, and presentation	-	DEFINITION_INDEXED	function assign(selector, value) {
SUP-0130	custom/mjlfinancement/js/mjl_components.js:683	JS_FUNCTION	initReferencePageDialog	defines a significant browser or operator-side routine/value	browser asset loaded by MJL pages	DOM state, validation, accessibility, and presentation	-	DEFINITION_INDEXED	function initReferencePageDialog(dialog) {
SUP-0131	custom/mjlfinancement/js/mjl_components.js:687	JS_FUNCTION	requestLeave	defines a significant browser or operator-side routine/value	browser asset loaded by MJL pages	DOM state, validation, accessibility, and presentation	-	DEFINITION_INDEXED	function requestLeave(restoreTarget) {
SUP-0132	custom/mjlfinancement/js/mjl_components.js:708	JS_EVENT_HANDLER	click@708	binds an interaction that changes client-visible state or submission behavior	browser asset loaded by MJL pages	DOM state, validation, accessibility, and presentation	-	DEFINITION_INDEXED	control.addEventListener('click', function (event) {
SUP-0133	custom/mjlfinancement/js/mjl_components.js:713	JS_EVENT_HANDLER	click@713	binds an interaction that changes client-visible state or submission behavior	browser asset loaded by MJL pages	DOM state, validation, accessibility, and presentation	-	DEFINITION_INDEXED	dialog.addEventListener('click', function (event) {
SUP-0134	custom/mjlfinancement/js/mjl_components.js:716	JS_EVENT_HANDLER	cancel@716	binds an interaction that changes client-visible state or submission behavior	browser asset loaded by MJL pages	DOM state, validation, accessibility, and presentation	-	DEFINITION_INDEXED	dialog.addEventListener('cancel', function (event) {
SUP-0135	custom/mjlfinancement/js/mjl_components.js:725	JS_FUNCTION	initMovedFormDialog	defines a significant browser or operator-side routine/value	browser asset loaded by MJL pages	DOM state, validation, accessibility, and presentation	-	DEFINITION_INDEXED	function initMovedFormDialog(dialog, options) {
SUP-0136	custom/mjlfinancement/js/mjl_components.js:745	JS_EVENT_HANDLER	click@745	binds an interaction that changes client-visible state or submission behavior	browser asset loaded by MJL pages	DOM state, validation, accessibility, and presentation	-	DEFINITION_INDEXED	trigger.addEventListener('click', function (event) {
SUP-0137	custom/mjlfinancement/js/mjl_components.js:767	JS_FUNCTION	finishClose	defines a significant browser or operator-side routine/value	browser asset loaded by MJL pages	DOM state, validation, accessibility, and presentation	-	DEFINITION_INDEXED	function finishClose() {
SUP-0138	custom/mjlfinancement/js/mjl_components.js:771	JS_FUNCTION	closeRequested	defines a significant browser or operator-side routine/value	browser asset loaded by MJL pages	DOM state, validation, accessibility, and presentation	-	DEFINITION_INDEXED	function closeRequested(restoreTarget) {
SUP-0139	custom/mjlfinancement/js/mjl_components.js:776	JS_EVENT_HANDLER	click@776	binds an interaction that changes client-visible state or submission behavior	browser asset loaded by MJL pages	DOM state, validation, accessibility, and presentation	-	DEFINITION_INDEXED	control.addEventListener('click', function () { closeRequested(control); });
SUP-0140	custom/mjlfinancement/js/mjl_components.js:778	JS_EVENT_HANDLER	click@778	binds an interaction that changes client-visible state or submission behavior	browser asset loaded by MJL pages	DOM state, validation, accessibility, and presentation	-	DEFINITION_INDEXED	dialog.addEventListener('click', function (event) {
SUP-0141	custom/mjlfinancement/js/mjl_components.js:781	JS_EVENT_HANDLER	cancel@781	binds an interaction that changes client-visible state or submission behavior	browser asset loaded by MJL pages	DOM state, validation, accessibility, and presentation	-	DEFINITION_INDEXED	dialog.addEventListener('cancel', function (event) {
SUP-0142	custom/mjlfinancement/js/mjl_components.js:785	JS_EVENT_HANDLER	close@785	binds an interaction that changes client-visible state or submission behavior	browser asset loaded by MJL pages	DOM state, validation, accessibility, and presentation	-	DEFINITION_INDEXED	dialog.addEventListener('close', function () {
SUP-0143	custom/mjlfinancement/js/mjl_components.js:797	JS_FUNCTION	initReferenceLifecycleDialog	defines a significant browser or operator-side routine/value	browser asset loaded by MJL pages	DOM state, validation, accessibility, and presentation	-	DEFINITION_INDEXED	function initReferenceLifecycleDialog(dialog) {
SUP-0144	custom/mjlfinancement/js/mjl_components.js:820	JS_FUNCTION	requestDialogFormLeave	defines a significant browser or operator-side routine/value	browser asset loaded by MJL pages	DOM state, validation, accessibility, and presentation	-	DEFINITION_INDEXED	function requestDialogFormLeave(form, restoreTarget, leave) {
SUP-0145	custom/mjlfinancement/js/mjl_components.js:833	JS_FUNCTION	initAccessInviteDialog	defines a significant browser or operator-side routine/value	browser asset loaded by MJL pages	DOM state, validation, accessibility, and presentation	-	DEFINITION_INDEXED	function initAccessInviteDialog(dialog) {
SUP-0146	custom/mjlfinancement/js/mjl_components.js:843	JS_FUNCTION	closeRequested	defines a significant browser or operator-side routine/value	browser asset loaded by MJL pages	DOM state, validation, accessibility, and presentation	-	DEFINITION_INDEXED	function closeRequested(restoreTarget) {
SUP-0147	custom/mjlfinancement/js/mjl_components.js:847	JS_EVENT_HANDLER	click@847	binds an interaction that changes client-visible state or submission behavior	browser asset loaded by MJL pages	DOM state, validation, accessibility, and presentation	-	DEFINITION_INDEXED	trigger.addEventListener('click', function (event) {
SUP-0148	custom/mjlfinancement/js/mjl_components.js:856	JS_EVENT_HANDLER	click@856	binds an interaction that changes client-visible state or submission behavior	browser asset loaded by MJL pages	DOM state, validation, accessibility, and presentation	-	DEFINITION_INDEXED	control.addEventListener('click', function () { closeRequested(control); });
SUP-0149	custom/mjlfinancement/js/mjl_components.js:858	JS_EVENT_HANDLER	click@858	binds an interaction that changes client-visible state or submission behavior	browser asset loaded by MJL pages	DOM state, validation, accessibility, and presentation	-	DEFINITION_INDEXED	dialog.addEventListener('click', function (event) {
SUP-0150	custom/mjlfinancement/js/mjl_components.js:861	JS_EVENT_HANDLER	cancel@861	binds an interaction that changes client-visible state or submission behavior	browser asset loaded by MJL pages	DOM state, validation, accessibility, and presentation	-	DEFINITION_INDEXED	dialog.addEventListener('cancel', function (event) {
SUP-0151	custom/mjlfinancement/js/mjl_components.js:865	JS_EVENT_HANDLER	close@865	binds an interaction that changes client-visible state or submission behavior	browser asset loaded by MJL pages	DOM state, validation, accessibility, and presentation	-	DEFINITION_INDEXED	dialog.addEventListener('close', function () {
SUP-0152	custom/mjlfinancement/js/mjl_components.js:876	JS_FUNCTION	initAccessActionDialog	defines a significant browser or operator-side routine/value	browser asset loaded by MJL pages	DOM state, validation, accessibility, and presentation	-	DEFINITION_INDEXED	function initAccessActionDialog(dialog) {
SUP-0153	custom/mjlfinancement/js/mjl_components.js:899	JS_EVENT_HANDLER	DOMContentLoaded@899	binds an interaction that changes client-visible state or submission behavior	browser asset loaded by MJL pages	DOM state, validation, accessibility, and presentation	-	DEFINITION_INDEXED	document.addEventListener('DOMContentLoaded', function () {
SUP-0154	custom/mjlfinancement/js/mjl_financial_preview.js:1	TOP_LEVEL_SCRIPT	<file>	formats and previews integer FCFA financial values	browser asset loaded by MJL pages	DOM state, validation, accessibility, and presentation	-	DEFINITION_INDEXED	(function (root) {
SUP-0155	custom/mjlfinancement/js/mjl_financial_preview.js:4	JS_FUNCTION	parse	defines a significant browser or operator-side routine/value	browser asset loaded by MJL pages	DOM state, validation, accessibility, and presentation	-	DEFINITION_INDEXED	function parse(value) {
SUP-0156	custom/mjlfinancement/js/mjl_financial_preview.js:11	JS_FUNCTION	display	defines a significant browser or operator-side routine/value	browser asset loaded by MJL pages	DOM state, validation, accessibility, and presentation	-	DEFINITION_INDEXED	function display(value) {
SUP-0157	custom/mjlfinancement/js/mjl_financial_preview.js:19	JS_FUNCTION	summary	defines a significant browser or operator-side routine/value	browser asset loaded by MJL pages	DOM state, validation, accessibility, and presentation	-	DEFINITION_INDEXED	function summary(activityValue, operationValues) {
SUP-0158	custom/mjlfinancement/js/mjl_form_controls.js:1	TOP_LEVEL_SCRIPT	<file>	enhances shared form controls and validation feedback	browser asset loaded by MJL pages	DOM state, validation, accessibility, and presentation	-	DEFINITION_INDEXED	(function (root) {
SUP-0159	custom/mjlfinancement/js/mjl_form_controls.js:3	JS_FUNCTION	elements	defines a significant browser or operator-side routine/value	browser asset loaded by MJL pages	DOM state, validation, accessibility, and presentation	-	DEFINITION_INDEXED	function elements(scope, selector) {
SUP-0160	custom/mjlfinancement/js/mjl_form_controls.js:8	JS_FUNCTION	dateFromIso	defines a significant browser or operator-side routine/value	browser asset loaded by MJL pages	DOM state, validation, accessibility, and presentation	-	DEFINITION_INDEXED	function dateFromIso(value) {
SUP-0161	custom/mjlfinancement/js/mjl_form_controls.js:14	JS_FUNCTION	isoFromDate	defines a significant browser or operator-side routine/value	browser asset loaded by MJL pages	DOM state, validation, accessibility, and presentation	-	DEFINITION_INDEXED	function isoFromDate(date) {
SUP-0162	custom/mjlfinancement/js/mjl_form_controls.js:17	JS_FUNCTION	frenchFromIso	defines a significant browser or operator-side routine/value	browser asset loaded by MJL pages	DOM state, validation, accessibility, and presentation	-	DEFINITION_INDEXED	function frenchFromIso(value) {
SUP-0163	custom/mjlfinancement/js/mjl_form_controls.js:21	JS_FUNCTION	isoFromFrench	defines a significant browser or operator-side routine/value	browser asset loaded by MJL pages	DOM state, validation, accessibility, and presentation	-	DEFINITION_INDEXED	function isoFromFrench(value) {
SUP-0164	custom/mjlfinancement/js/mjl_form_controls.js:27	JS_FUNCTION	initDate	defines a significant browser or operator-side routine/value	browser asset loaded by MJL pages	DOM state, validation, accessibility, and presentation	-	DEFINITION_INDEXED	function initDate(input) {
SUP-0165	custom/mjlfinancement/js/mjl_form_controls.js:73	JS_FUNCTION	close	defines a significant browser or operator-side routine/value	browser asset loaded by MJL pages	DOM state, validation, accessibility, and presentation	-	DEFINITION_INDEXED	function close(restoreFocus) {
SUP-0166	custom/mjlfinancement/js/mjl_form_controls.js:78	JS_FUNCTION	sync	defines a significant browser or operator-side routine/value	browser asset loaded by MJL pages	DOM state, validation, accessibility, and presentation	-	DEFINITION_INDEXED	function sync() {
SUP-0167	custom/mjlfinancement/js/mjl_form_controls.js:86	JS_EVENT_HANDLER	input@86	binds an interaction that changes client-visible state or submission behavior	browser asset loaded by MJL pages	DOM state, validation, accessibility, and presentation	-	DEFINITION_INDEXED	display.addEventListener('input', sync);
SUP-0168	custom/mjlfinancement/js/mjl_form_controls.js:87	JS_EVENT_HANDLER	change@87	binds an interaction that changes client-visible state or submission behavior	browser asset loaded by MJL pages	DOM state, validation, accessibility, and presentation	-	DEFINITION_INDEXED	display.addEventListener('change', function () { sync(); input.dispatchEvent(new Event('change', { bubbles: true })); });
SUP-0169	custom/mjlfinancement/js/mjl_form_controls.js:88	JS_EVENT_HANDLER	click@88	binds an interaction that changes client-visible state or submission behavior	browser asset loaded by MJL pages	DOM state, validation, accessibility, and presentation	-	DEFINITION_INDEXED	button.addEventListener('click', function () {
SUP-0170	custom/mjlfinancement/js/mjl_form_controls.js:96	JS_EVENT_HANDLER	keydown@96	binds an interaction that changes client-visible state or submission behavior	browser asset loaded by MJL pages	DOM state, validation, accessibility, and presentation	-	DEFINITION_INDEXED	wrapper.addEventListener('keydown', function (event) {
SUP-0171	custom/mjlfinancement/js/mjl_form_controls.js:101	JS_FUNCTION	initSelect	defines a significant browser or operator-side routine/value	browser asset loaded by MJL pages	DOM state, validation, accessibility, and presentation	-	DEFINITION_INDEXED	function initSelect(select) {
SUP-0172	custom/mjlfinancement/js/mjl_form_controls.js:107	JS_FUNCTION	init	defines a significant browser or operator-side routine/value	browser asset loaded by MJL pages	DOM state, validation, accessibility, and presentation	-	DEFINITION_INDEXED	function init(scope) {
SUP-0173	custom/mjlfinancement/js/mjl_form_controls.js:111	JS_FUNCTION	destroy	defines a significant browser or operator-side routine/value	browser asset loaded by MJL pages	DOM state, validation, accessibility, and presentation	-	DEFINITION_INDEXED	function destroy(scope) {
SUP-0174	custom/mjlfinancement/js/mjl_form_controls.js:129	JS_EVENT_HANDLER	DOMContentLoaded@129	binds an interaction that changes client-visible state or submission behavior	browser asset loaded by MJL pages	DOM state, validation, accessibility, and presentation	-	DEFINITION_INDEXED	document.addEventListener('DOMContentLoaded', function () { init(document); });
SUP-0175	custom/mjlfinancement/langs/en_US/mjlfinancement.lang:1	ASSET_FILE	<file>	defines the en_US translation catalog for the MJL module	Dolibarr language loader	localized labels, messages, permissions, and module descriptions	-	DEFINITION_INDEXED	MJLFinancement=MJL Financing
SUP-0176	custom/mjlfinancement/langs/en_US/mjlfinancement.lang:1	LANGUAGE_CATALOG	en_US:7 keys	indexes the complete module translation-key catalog	Dolibarr language loader	localized labels, messages, permissions, and module descriptions	-	DEFINITION_INDEXED	MJLFinancement, ModuleMjlFinancementName, ModuleMjlFinancementDesc, MjlActivityPlanning, MjlActivityAbandoned, MjlActivityRestore, MjlActivityRevision
SUP-0177	custom/mjlfinancement/langs/fr_FR/mjlfinancement.lang:1	ASSET_FILE	<file>	defines the fr_FR translation catalog for the MJL module	Dolibarr language loader	localized labels, messages, permissions, and module descriptions	-	DEFINITION_INDEXED	MJLFinancement=Financement MJL
SUP-0178	custom/mjlfinancement/langs/fr_FR/mjlfinancement.lang:1	LANGUAGE_CATALOG	fr_FR:7 keys	indexes the complete module translation-key catalog	Dolibarr language loader	localized labels, messages, permissions, and module descriptions	-	DEFINITION_INDEXED	MJLFinancement, ModuleMjlFinancementName, ModuleMjlFinancementDesc, MjlActivityPlanning, MjlActivityAbandoned, MjlActivityRestore, MjlActivityRevision
SUP-0179	custom/mjlfinancement/scripts/activity_schema_installer.lib.php:1	TOP_LEVEL_HANDLER	<file>	provides guarded schema or lifecycle support routines for operator scripts	included CLI lifecycle library	database DDL/DML, locks, transactions, backups, or lifecycle checks	DB-004,LIFE-001,LIFE-002,LIFE-003	DEFINITION_INDEXED	<?php
SUP-0180	custom/mjlfinancement/scripts/activity_schema_installer.lib.php:26	PHP_FUNCTION	mjl_rst005_prefix	defines a lifecycle, schema, or verification routine	included CLI lifecycle library	database DDL/DML, locks, transactions, backups, or lifecycle checks	DB-004,LIFE-001,LIFE-002,LIFE-003	DEFINITION_INDEXED	
SUP-0181	custom/mjlfinancement/scripts/activity_schema_installer.lib.php:57	PHP_FUNCTION	mjl_rst005_validate_derived_identifiers	defines a lifecycle, schema, or verification routine	included CLI lifecycle library	database DDL/DML, locks, transactions, backups, or lifecycle checks	DB-004,LIFE-001,LIFE-002,LIFE-003	DEFINITION_INDEXED	
SUP-0182	custom/mjlfinancement/scripts/activity_schema_installer.lib.php:65	PHP_FUNCTION	mjl_rst005_ident	defines a lifecycle, schema, or verification routine	included CLI lifecycle library	database DDL/DML, locks, transactions, backups, or lifecycle checks	DB-004,LIFE-001,LIFE-002,LIFE-003	DEFINITION_INDEXED	
SUP-0183	custom/mjlfinancement/scripts/activity_schema_installer.lib.php:73	PHP_FUNCTION	mjl_rst005_lock_name_from_parts	defines a lifecycle, schema, or verification routine	included CLI lifecycle library	database DDL/DML, locks, transactions, backups, or lifecycle checks	DB-004,LIFE-001,LIFE-002,LIFE-003	DEFINITION_INDEXED	
SUP-0184	custom/mjlfinancement/scripts/activity_schema_installer.lib.php:78	PHP_FUNCTION	mjl_rst005_lock_name	defines a lifecycle, schema, or verification routine	included CLI lifecycle library	database DDL/DML, locks, transactions, backups, or lifecycle checks	DB-004,LIFE-001,LIFE-002,LIFE-003	DEFINITION_INDEXED	
SUP-0185	custom/mjlfinancement/scripts/activity_schema_installer.lib.php:89	PHP_FUNCTION	mjl_rst005_require_retained_table_set	defines a lifecycle, schema, or verification routine	included CLI lifecycle library	database DDL/DML, locks, transactions, backups, or lifecycle checks	DB-004,LIFE-001,LIFE-002,LIFE-003	DEFINITION_INDEXED	
SUP-0186	custom/mjlfinancement/scripts/activity_schema_installer.lib.php:113	PHP_FUNCTION	mjl_rst005_retained_schema_digest	defines a lifecycle, schema, or verification routine	included CLI lifecycle library	database DDL/DML, locks, transactions, backups, or lifecycle checks	DB-004,LIFE-001,LIFE-002,LIFE-003	DEFINITION_INDEXED	
SUP-0187	custom/mjlfinancement/scripts/activity_schema_installer.lib.php:139	PHP_FUNCTION	mjl_rst002b_retained_schema_digest	defines a lifecycle, schema, or verification routine	included CLI lifecycle library	database DDL/DML, locks, transactions, backups, or lifecycle checks	DB-004,LIFE-001,LIFE-002,LIFE-003	DEFINITION_INDEXED	
SUP-0188	custom/mjlfinancement/scripts/activity_schema_installer.lib.php:167	PHP_FUNCTION	mjl_rst002b_require_retained_schema	defines a lifecycle, schema, or verification routine	included CLI lifecycle library	database DDL/DML, locks, transactions, backups, or lifecycle checks	DB-004,LIFE-001,LIFE-002,LIFE-003	DEFINITION_INDEXED	
SUP-0189	custom/mjlfinancement/scripts/activity_schema_installer.lib.php:174	PHP_FUNCTION	mjl_rst002b_require_prefix_retained_schema	defines a lifecycle, schema, or verification routine	included CLI lifecycle library	database DDL/DML, locks, transactions, backups, or lifecycle checks	DB-004,LIFE-001,LIFE-002,LIFE-003	DEFINITION_INDEXED	
SUP-0190	custom/mjlfinancement/scripts/activity_schema_installer.lib.php:181	PHP_FUNCTION	mjl_rst002b_require_table_set	defines a lifecycle, schema, or verification routine	included CLI lifecycle library	database DDL/DML, locks, transactions, backups, or lifecycle checks	DB-004,LIFE-001,LIFE-002,LIFE-003	DEFINITION_INDEXED	
SUP-0191	custom/mjlfinancement/scripts/activity_schema_installer.lib.php:193	PHP_FUNCTION	mjl_rst005_require_retained_schema	defines a lifecycle, schema, or verification routine	included CLI lifecycle library	database DDL/DML, locks, transactions, backups, or lifecycle checks	DB-004,LIFE-001,LIFE-002,LIFE-003	DEFINITION_INDEXED	
SUP-0192	custom/mjlfinancement/scripts/activity_schema_installer.lib.php:199	PHP_FUNCTION	mjl_rst005_assert_retained_schema_digest	defines a lifecycle, schema, or verification routine	included CLI lifecycle library	database DDL/DML, locks, transactions, backups, or lifecycle checks	DB-004,LIFE-001,LIFE-002,LIFE-003	DEFINITION_INDEXED	
SUP-0193	custom/mjlfinancement/scripts/activity_schema_installer.lib.php:205	PHP_FUNCTION	mjl_rst005_expected_columns	defines a lifecycle, schema, or verification routine	included CLI lifecycle library	database DDL/DML, locks, transactions, backups, or lifecycle checks	DB-004,LIFE-001,LIFE-002,LIFE-003	DEFINITION_INDEXED	
SUP-0194	custom/mjlfinancement/scripts/activity_schema_installer.lib.php:216	PHP_FUNCTION	mjl_rst005_normalize_definition	defines a lifecycle, schema, or verification routine	included CLI lifecycle library	database DDL/DML, locks, transactions, backups, or lifecycle checks	DB-004,LIFE-001,LIFE-002,LIFE-003	DEFINITION_INDEXED	
SUP-0195	custom/mjlfinancement/scripts/activity_schema_installer.lib.php:240	PHP_FUNCTION	mjl_rst005_outer_parentheses_wrap	defines a lifecycle, schema, or verification routine	included CLI lifecycle library	database DDL/DML, locks, transactions, backups, or lifecycle checks	DB-004,LIFE-001,LIFE-002,LIFE-003	DEFINITION_INDEXED	
SUP-0196	custom/mjlfinancement/scripts/activity_schema_installer.lib.php:258	PHP_FUNCTION	mjl_rst005_column_contract	defines a lifecycle, schema, or verification routine	included CLI lifecycle library	database DDL/DML, locks, transactions, backups, or lifecycle checks	DB-004,LIFE-001,LIFE-002,LIFE-003	DEFINITION_INDEXED	
SUP-0197	custom/mjlfinancement/scripts/activity_schema_installer.lib.php:285	PHP_FUNCTION	mjl_rst005_index_contract	defines a lifecycle, schema, or verification routine	included CLI lifecycle library	database DDL/DML, locks, transactions, backups, or lifecycle checks	DB-004,LIFE-001,LIFE-002,LIFE-003	DEFINITION_INDEXED	
SUP-0198	custom/mjlfinancement/scripts/activity_schema_installer.lib.php:304	PHP_FUNCTION	mjl_rst005_fk_contract	defines a lifecycle, schema, or verification routine	included CLI lifecycle library	database DDL/DML, locks, transactions, backups, or lifecycle checks	DB-004,LIFE-001,LIFE-002,LIFE-003	DEFINITION_INDEXED	
SUP-0199	custom/mjlfinancement/scripts/activity_schema_installer.lib.php:321	PHP_FUNCTION	mjl_rst005_check_contract	defines a lifecycle, schema, or verification routine	included CLI lifecycle library	database DDL/DML, locks, transactions, backups, or lifecycle checks	DB-004,LIFE-001,LIFE-002,LIFE-003	DEFINITION_INDEXED	
SUP-0200	custom/mjlfinancement/scripts/activity_schema_installer.lib.php:340	PHP_FUNCTION	mjl_rst005_map_equal	defines a lifecycle, schema, or verification routine	included CLI lifecycle library	database DDL/DML, locks, transactions, backups, or lifecycle checks	DB-004,LIFE-001,LIFE-002,LIFE-003	DEFINITION_INDEXED	
SUP-0201	custom/mjlfinancement/scripts/activity_schema_installer.lib.php:347	PHP_FUNCTION	mjl_rst005_map_mismatch	defines a lifecycle, schema, or verification routine	included CLI lifecycle library	database DDL/DML, locks, transactions, backups, or lifecycle checks	DB-004,LIFE-001,LIFE-002,LIFE-003	DEFINITION_INDEXED	
SUP-0202	custom/mjlfinancement/scripts/activity_schema_installer.lib.php:359	PHP_FUNCTION	mjl_rst002b_assignment_table	defines a lifecycle, schema, or verification routine	included CLI lifecycle library	database DDL/DML, locks, transactions, backups, or lifecycle checks	DB-004,LIFE-001,LIFE-002,LIFE-003	DEFINITION_INDEXED	
SUP-0203	custom/mjlfinancement/scripts/activity_schema_installer.lib.php:364	PHP_FUNCTION	mjl_rst002b_table_exists	defines a lifecycle, schema, or verification routine	included CLI lifecycle library	database DDL/DML, locks, transactions, backups, or lifecycle checks	DB-004,LIFE-001,LIFE-002,LIFE-003	DEFINITION_INDEXED	
SUP-0204	custom/mjlfinancement/scripts/activity_schema_installer.lib.php:369	PHP_FUNCTION	mjl_rst002b_column_exists	defines a lifecycle, schema, or verification routine	included CLI lifecycle library	database DDL/DML, locks, transactions, backups, or lifecycle checks	DB-004,LIFE-001,LIFE-002,LIFE-003	DEFINITION_INDEXED	
SUP-0205	custom/mjlfinancement/scripts/activity_schema_installer.lib.php:374	PHP_FUNCTION	mjl_rst002b_assignment_trigger_statements	defines a lifecycle, schema, or verification routine	included CLI lifecycle library	database DDL/DML, locks, transactions, backups, or lifecycle checks	DB-004,LIFE-001,LIFE-002,LIFE-003	DEFINITION_INDEXED	
SUP-0206	custom/mjlfinancement/scripts/activity_schema_installer.lib.php:389	PHP_FUNCTION	mjl_rst002b_install_assignment_triggers	defines a lifecycle, schema, or verification routine	included CLI lifecycle library	database DDL/DML, locks, transactions, backups, or lifecycle checks	DB-004,LIFE-001,LIFE-002,LIFE-003	DEFINITION_INDEXED	
SUP-0207	custom/mjlfinancement/scripts/activity_schema_installer.lib.php:394	PHP_FUNCTION	mjl_rst002b_activity_update_trigger_sql	defines a lifecycle, schema, or verification routine	included CLI lifecycle library	database DDL/DML, locks, transactions, backups, or lifecycle checks	DB-004,LIFE-001,LIFE-002,LIFE-003	DEFINITION_INDEXED	
SUP-0208	custom/mjlfinancement/scripts/activity_schema_installer.lib.php:404	PHP_FUNCTION	mjl_rst002b_install_activity_update_trigger	defines a lifecycle, schema, or verification routine	included CLI lifecycle library	database DDL/DML, locks, transactions, backups, or lifecycle checks	DB-004,LIFE-001,LIFE-002,LIFE-003	DEFINITION_INDEXED	
SUP-0209	custom/mjlfinancement/scripts/activity_schema_installer.lib.php:412	PHP_FUNCTION	mjl_rst002b_role_invariant_trigger_statements	defines a lifecycle, schema, or verification routine	included CLI lifecycle library	database DDL/DML, locks, transactions, backups, or lifecycle checks	DB-004,LIFE-001,LIFE-002,LIFE-003	DEFINITION_INDEXED	
SUP-0210	custom/mjlfinancement/scripts/activity_schema_installer.lib.php:437	PHP_FUNCTION	mjl_rst002b_install_role_invariant_triggers	defines a lifecycle, schema, or verification routine	included CLI lifecycle library	database DDL/DML, locks, transactions, backups, or lifecycle checks	DB-004,LIFE-001,LIFE-002,LIFE-003	DEFINITION_INDEXED	
SUP-0211	custom/mjlfinancement/scripts/activity_schema_installer.lib.php:443	PHP_FUNCTION	mjl_rst002b_detect_schema	defines a lifecycle, schema, or verification routine	included CLI lifecycle library	database DDL/DML, locks, transactions, backups, or lifecycle checks	DB-004,LIFE-001,LIFE-002,LIFE-003	DEFINITION_INDEXED	
SUP-0212	custom/mjlfinancement/scripts/activity_schema_installer.lib.php:460	PHP_FUNCTION	mjl_rst002b_expected_trigger_map	defines a lifecycle, schema, or verification routine	included CLI lifecycle library	database DDL/DML, locks, transactions, backups, or lifecycle checks	DB-004,LIFE-001,LIFE-002,LIFE-003	DEFINITION_INDEXED	
SUP-0213	custom/mjlfinancement/scripts/activity_schema_installer.lib.php:471	PHP_FUNCTION	mjl_rst002b_actual_trigger_map	defines a lifecycle, schema, or verification routine	included CLI lifecycle library	database DDL/DML, locks, transactions, backups, or lifecycle checks	DB-004,LIFE-001,LIFE-002,LIFE-003	DEFINITION_INDEXED	
SUP-0214	custom/mjlfinancement/scripts/activity_schema_installer.lib.php:482	PHP_FUNCTION	mjl_rst002b_require_assignment_contract	defines a lifecycle, schema, or verification routine	included CLI lifecycle library	database DDL/DML, locks, transactions, backups, or lifecycle checks	DB-004,LIFE-001,LIFE-002,LIFE-003	DEFINITION_INDEXED	
SUP-0215	custom/mjlfinancement/scripts/activity_schema_installer.lib.php:545	PHP_FUNCTION	mjl_rst002b_require_target_objects	defines a lifecycle, schema, or verification routine	included CLI lifecycle library	database DDL/DML, locks, transactions, backups, or lifecycle checks	DB-004,LIFE-001,LIFE-002,LIFE-003	DEFINITION_INDEXED	
SUP-0216	custom/mjlfinancement/scripts/activity_schema_installer.lib.php:606	PHP_FUNCTION	mjl_rst005_table_columns	defines a lifecycle, schema, or verification routine	included CLI lifecycle library	database DDL/DML, locks, transactions, backups, or lifecycle checks	DB-004,LIFE-001,LIFE-002,LIFE-003	DEFINITION_INDEXED	
SUP-0217	custom/mjlfinancement/scripts/activity_schema_installer.lib.php:617	PHP_FUNCTION	mjl_rst005_schema_contract	defines a lifecycle, schema, or verification routine	included CLI lifecycle library	database DDL/DML, locks, transactions, backups, or lifecycle checks	DB-004,LIFE-001,LIFE-002,LIFE-003	DEFINITION_INDEXED	
SUP-0218	custom/mjlfinancement/scripts/activity_schema_installer.lib.php:713	PHP_FUNCTION	mjl_rst005_cutover_guard_sql	defines a lifecycle, schema, or verification routine	included CLI lifecycle library	database DDL/DML, locks, transactions, backups, or lifecycle checks	DB-004,LIFE-001,LIFE-002,LIFE-003	DEFINITION_INDEXED	
SUP-0219	custom/mjlfinancement/scripts/activity_schema_installer.lib.php:718	PHP_FUNCTION	mjl_rst005_require_guarded_phase1	defines a lifecycle, schema, or verification routine	included CLI lifecycle library	database DDL/DML, locks, transactions, backups, or lifecycle checks	DB-004,LIFE-001,LIFE-002,LIFE-003	DEFINITION_INDEXED	
SUP-0220	custom/mjlfinancement/scripts/activity_schema_installer.lib.php:725	PHP_FUNCTION	mjl_rst005_detect_schema	defines a lifecycle, schema, or verification routine	included CLI lifecycle library	database DDL/DML, locks, transactions, backups, or lifecycle checks	DB-004,LIFE-001,LIFE-002,LIFE-003	DEFINITION_INDEXED	
SUP-0221	custom/mjlfinancement/scripts/activity_schema_installer.lib.php:739	PHP_FUNCTION	mjl_rst005_scalar	defines a lifecycle, schema, or verification routine	included CLI lifecycle library	database DDL/DML, locks, transactions, backups, or lifecycle checks	DB-004,LIFE-001,LIFE-002,LIFE-003	DEFINITION_INDEXED	
SUP-0222	custom/mjlfinancement/scripts/activity_schema_installer.lib.php:747	PHP_FUNCTION	mjl_rst005_assert_empty	defines a lifecycle, schema, or verification routine	included CLI lifecycle library	database DDL/DML, locks, transactions, backups, or lifecycle checks	DB-004,LIFE-001,LIFE-002,LIFE-003	DEFINITION_INDEXED	
SUP-0223	custom/mjlfinancement/scripts/activity_schema_installer.lib.php:753	PHP_FUNCTION	mjl_rst005_insert_trigger_sql	defines a lifecycle, schema, or verification routine	included CLI lifecycle library	database DDL/DML, locks, transactions, backups, or lifecycle checks	DB-004,LIFE-001,LIFE-002,LIFE-003	DEFINITION_INDEXED	
SUP-0224	custom/mjlfinancement/scripts/activity_schema_installer.lib.php:773	PHP_FUNCTION	mjl_rst005_install_insert_trigger	defines a lifecycle, schema, or verification routine	included CLI lifecycle library	database DDL/DML, locks, transactions, backups, or lifecycle checks	DB-004,LIFE-001,LIFE-002,LIFE-003	DEFINITION_INDEXED	
SUP-0225	custom/mjlfinancement/scripts/activity_schema_installer.lib.php:781	PHP_FUNCTION	mjl_rst005_require_target_objects	defines a lifecycle, schema, or verification routine	included CLI lifecycle library	database DDL/DML, locks, transactions, backups, or lifecycle checks	DB-004,LIFE-001,LIFE-002,LIFE-003	DEFINITION_INDEXED	
SUP-0226	custom/mjlfinancement/scripts/activity_schema_installer.lib.php:123	LEXICAL_DATABASE_CANDIDATE	database-operation@123	lexically indexed database-operation candidate; surrounding behavior requires manual reconciliation	included CLI lifecycle library	not established by this record	DB-004,LIFE-001,LIFE-002,LIFE-003	DEFINITION_INDEXED	$resql = $db->query('SHOW CREATE TABLE '.mjl_rst005_ident($table));
SUP-0227	custom/mjlfinancement/scripts/activity_schema_installer.lib.php:149	LEXICAL_DATABASE_CANDIDATE	database-operation@149	lexically indexed database-operation candidate; surrounding behavior requires manual reconciliation	included CLI lifecycle library	not established by this record	DB-004,LIFE-001,LIFE-002,LIFE-003	DEFINITION_INDEXED	$resql = $db->query('SHOW CREATE TABLE '.mjl_rst005_ident($table));
SUP-0228	custom/mjlfinancement/scripts/activity_schema_installer.lib.php:265	LEXICAL_DATABASE_CANDIDATE	database-operation@265	lexically indexed database-operation candidate; surrounding behavior requires manual reconciliation	included CLI lifecycle library	not established by this record	DB-004,LIFE-001,LIFE-002,LIFE-003	DEFINITION_INDEXED	'tms'=>'timestamp|YES|current_timestamp()|on update current_timestamp()|', 'fk_user_creat'=>'int(11)|NO|||', 'fk_user_modif'=>'int(11)|YES|NULL||',
SUP-0229	custom/mjlfinancement/scripts/activity_schema_installer.lib.php:275	LEXICAL_DATABASE_CANDIDATE	database-operation@275	lexically indexed database-operation candidate; surrounding behavior requires manual reconciliation	included CLI lifecycle library	not established by this record	DB-004,LIFE-001,LIFE-002,LIFE-003	DEFINITION_INDEXED	'date_creation'=>'datetime|NO|||', 'tms'=>'timestamp|NO|current_timestamp()|on update current_timestamp()|',
SUP-0230	custom/mjlfinancement/scripts/activity_schema_installer.lib.php:384	LEXICAL_DATABASE_CANDIDATE	database-operation@384	lexically indexed database-operation candidate; surrounding behavior requires manual reconciliation	included CLI lifecycle library	not established by this record	DB-004,LIFE-001,LIFE-002,LIFE-003	DEFINITION_INDEXED	'CREATE OR REPLACE TRIGGER '.$prefix.'mjl_activity_assignment_bu BEFORE UPDATE ON '.$assignment.' FOR EACH ROW BEGIN IF NEW.rowid<>OLD.rowid OR NEW.entity<>OLD.entity OR NEW.fk_activity<>OLD.fk_activity OR NEW.fk_user<>OLD.fk_user OR NEW.is_primary<>OLD.is_primary OR NEW.date_start<>OLD.date_start OR NOT (NEW.fk_user_assign<=>OLD.fk_user_assign) OR NEW.reason<>OLD.reason OR NEW.date_creation<>OLD.date_creation OR OLD
SUP-0231	custom/mjlfinancement/scripts/activity_schema_installer.lib.php:402	LEXICAL_DATABASE_CANDIDATE	database-operation@402	lexically indexed database-operation candidate; surrounding behavior requires manual reconciliation	included CLI lifecycle library	not established by this record	DB-004,LIFE-001,LIFE-002,LIFE-003	DEFINITION_INDEXED	return 'CREATE OR REPLACE TRIGGER '.$prefix.'mjl_activity_rst002b_bu BEFORE UPDATE ON '.$table.' FOR EACH ROW BEGIN IF NEW.version<>OLD.version+1 OR '.implode(' OR ', $guards).' THEN SIGNAL SQLSTATE \'45000\' SET MESSAGE_TEXT=\'Only RST-002B assignment version updates are permitted\'; END IF; END';
SUP-0232	custom/mjlfinancement/scripts/activity_schema_installer.lib.php:423	LEXICAL_DATABASE_CANDIDATE	database-operation@423	lexically indexed database-operation candidate; surrounding behavior requires manual reconciliation	included CLI lifecycle library	not established by this record	DB-004,LIFE-001,LIFE-002,LIFE-003	DEFINITION_INDEXED	'CREATE OR REPLACE TRIGGER '.$prefix.'mjlfinancement_user_role_bu BEFORE UPDATE ON '.$roleTable.' FOR EACH ROW BEGIN DECLARE target_admin INTEGER DEFAULT 0; DECLARE target_entity INTEGER DEFAULT -1; IF NEW.role_code NOT IN ('.$businessRoles.') THEN SIGNAL SQLSTATE \'45000\' SET MESSAGE_TEXT = \'Invalid MJL business role\'; END IF; SELECT admin, entity INTO target_admin, target_entity FROM '.$userTable.' WHERE rowid =
SUP-0233	custom/mjlfinancement/scripts/activity_schema_installer.lib.php:424	LEXICAL_DATABASE_CANDIDATE	database-operation@424	lexically indexed database-operation candidate; surrounding behavior requires manual reconciliation	included CLI lifecycle library	not established by this record	DB-004,LIFE-001,LIFE-002,LIFE-003	DEFINITION_INDEXED	'CREATE OR REPLACE TRIGGER '.$prefix.'mjlfinancement_user_admin_bu BEFORE UPDATE ON '.$userTable.' FOR EACH ROW BEGIN IF NEW.admin = 1 AND OLD.admin <> 1 AND EXISTS (SELECT 1 FROM '.$roleTable.' WHERE fk_user = NEW.rowid AND is_active = 1 AND role_code IN ('.$businessRoles.')) THEN SIGNAL SQLSTATE \'45000\' SET MESSAGE_TEXT = \'MJL business-role user cannot become native admin\'; END IF; END',
SUP-0234	custom/mjlfinancement/scripts/activity_schema_installer.lib.php:431	LEXICAL_DATABASE_CANDIDATE	database-operation@431	lexically indexed database-operation candidate; surrounding behavior requires manual reconciliation	included CLI lifecycle library	not established by this record	DB-004,LIFE-001,LIFE-002,LIFE-003	DEFINITION_INDEXED	'CREATE OR REPLACE TRIGGER '.$prefix.'mjlfinancement_user_role_bu BEFORE UPDATE ON '.$roleTable.' FOR EACH ROW BEGIN DECLARE target_admin INTEGER DEFAULT 0; DECLARE target_entity INTEGER DEFAULT -1;'.$roleGuard.' IF NEW.role_code NOT IN ('.$businessRoles.') THEN SIGNAL SQLSTATE \'45000\' SET MESSAGE_TEXT=\'Invalid MJL business role\'; END IF; SELECT admin,entity INTO target_admin,target_entity FROM '.$userTable.' WHE
SUP-0235	custom/mjlfinancement/scripts/activity_schema_installer.lib.php:433	LEXICAL_DATABASE_CANDIDATE	database-operation@433	lexically indexed database-operation candidate; surrounding behavior requires manual reconciliation	included CLI lifecycle library	not established by this record	DB-004,LIFE-001,LIFE-002,LIFE-003	DEFINITION_INDEXED	'CREATE OR REPLACE TRIGGER '.$prefix.'mjlfinancement_user_admin_bu BEFORE UPDATE ON '.$userTable.' FOR EACH ROW BEGIN'.$userGuard.' IF NEW.admin=1 AND OLD.admin<>1 AND EXISTS (SELECT 1 FROM '.$roleTable.' WHERE fk_user=NEW.rowid AND is_active=1 AND role_code IN ('.$businessRoles.')) THEN SIGNAL SQLSTATE \'45000\' SET MESSAGE_TEXT=\'MJL business-role user cannot become native admin\'; END IF; END',
SUP-0236	custom/mjlfinancement/scripts/activity_schema_installer.lib.php:493	LEXICAL_DATABASE_CANDIDATE	database-operation@493	lexically indexed database-operation candidate; surrounding behavior requires manual reconciliation	included CLI lifecycle library	not established by this record	DB-004,LIFE-001,LIFE-002,LIFE-003	DEFINITION_INDEXED	'reason'=>'text|NO|||', 'date_creation'=>'datetime|NO|||', 'tms'=>'timestamp|NO|current_timestamp()|on update current_timestamp()|',
SUP-0237	custom/mjlfinancement/scripts/cli_guard.php:1	TOP_LEVEL_HANDLER	<file>	executes a guarded one-off schema, reset, assignment, or bootstrap operation	operator-invoked CLI handler	database DDL/DML, transactions, locks, backup, diagnostics, and exit status	DB-004,LIFE-001,LIFE-002,LIFE-003	DEFINITION_INDEXED	<?php
SUP-0238	custom/mjlfinancement/scripts/oracles/rst005_phase1_activity.sql:1	SQL_FILE	<file>	declares or migrates MJL relational schema and database invariants	module installation or guarded schema lifecycle script	DDL, indexes, constraints, triggers, and persisted invariants	DB-001,DB-002,DB-003,LIFE-001	DEFINITION_INDEXED	CREATE TABLE `llx_mjlfinancement_activity` (
SUP-0239	custom/mjlfinancement/scripts/oracles/rst005_phase1_activity.sql:1	SQL_CREATE_TABLE	CREATE TABLE:llx_mjlfinancement_activity	creates or changes a persisted table, trigger, or schema object	module installation or guarded schema lifecycle script	DDL, indexes, constraints, triggers, and persisted invariants	DB-001,DB-002,DB-003,LIFE-001	DEFINITION_INDEXED	CREATE TABLE `llx_mjlfinancement_activity` ( `rowid` int(11) NOT NULL AUTO_INCREMENT, `entity` int(11) NOT NULL DEFAULT 1, `ref` varchar(128) NOT NULL, `label` varchar(255) NOT NULL, `fk_project` int(11) NOT NULL, `fk_task` int(11) DEFAULT NULL, `date_start` date DEFAULT NULL, `date_end` date DEFAULT NULL, `note_public` text DEFAULT NULL, `note_private` text DEFAULT NULL, `date_creation` datetime NOT NULL, `tms` time
SUP-0240	custom/mjlfinancement/scripts/oracles/rst005_phase1_activity.sql:25	SQL_CONSTRAINT_OR_INDEX	uk_mjlfinancement_activity_ref_entity	declares a database uniqueness, referential, check, or lookup invariant	module installation or guarded schema lifecycle script	DDL, indexes, constraints, triggers, and persisted invariants	DB-001,DB-002,DB-003,LIFE-001	DEFINITION_INDEXED	UNIQUE KEY `uk_mjlfinancement_activity_ref_entity` (`ref`,`entity`)
SUP-0241	custom/mjlfinancement/scripts/oracles/rst005_phase1_activity.sql:26	SQL_CONSTRAINT_OR_INDEX	idx_mjlfinancement_activity_entity	declares a database uniqueness, referential, check, or lookup invariant	module installation or guarded schema lifecycle script	DDL, indexes, constraints, triggers, and persisted invariants	DB-001,DB-002,DB-003,LIFE-001	DEFINITION_INDEXED	KEY `idx_mjlfinancement_activity_entity` (`entity`)
SUP-0242	custom/mjlfinancement/scripts/oracles/rst005_phase1_activity.sql:27	SQL_CONSTRAINT_OR_INDEX	idx_mjlfinancement_activity_fk_project	declares a database uniqueness, referential, check, or lookup invariant	module installation or guarded schema lifecycle script	DDL, indexes, constraints, triggers, and persisted invariants	DB-001,DB-002,DB-003,LIFE-001	DEFINITION_INDEXED	KEY `idx_mjlfinancement_activity_fk_project` (`fk_project`)
SUP-0243	custom/mjlfinancement/scripts/oracles/rst005_phase1_activity.sql:28	SQL_CONSTRAINT_OR_INDEX	idx_mjlfinancement_activity_fk_task	declares a database uniqueness, referential, check, or lookup invariant	module installation or guarded schema lifecycle script	DDL, indexes, constraints, triggers, and persisted invariants	DB-001,DB-002,DB-003,LIFE-001	DEFINITION_INDEXED	KEY `idx_mjlfinancement_activity_fk_task` (`fk_task`)
SUP-0244	custom/mjlfinancement/scripts/oracles/rst005_phase1_activity.sql:29	SQL_CONSTRAINT_OR_INDEX	idx_mjlfinancement_activity_fk_user_responsible	declares a database uniqueness, referential, check, or lookup invariant	module installation or guarded schema lifecycle script	DDL, indexes, constraints, triggers, and persisted invariants	DB-001,DB-002,DB-003,LIFE-001	DEFINITION_INDEXED	KEY `idx_mjlfinancement_activity_fk_user_responsible` (`fk_user_responsible`)
SUP-0245	custom/mjlfinancement/scripts/oracles/rst005_phase1_activity.sql:30	SQL_CONSTRAINT_OR_INDEX	fk_mjlfinancement_activity_project	declares a database uniqueness, referential, check, or lookup invariant	module installation or guarded schema lifecycle script	DDL, indexes, constraints, triggers, and persisted invariants	DB-001,DB-002,DB-003,LIFE-001	DEFINITION_INDEXED	CONSTRAINT `fk_mjlfinancement_activity_project` FOREIGN KEY (`fk_project`) REFERENCES `llx_projet` (`rowid`)
SUP-0246	custom/mjlfinancement/scripts/oracles/rst005_phase1_activity.sql:31	SQL_CONSTRAINT_OR_INDEX	fk_mjlfinancement_activity_responsible	declares a database uniqueness, referential, check, or lookup invariant	module installation or guarded schema lifecycle script	DDL, indexes, constraints, triggers, and persisted invariants	DB-001,DB-002,DB-003,LIFE-001	DEFINITION_INDEXED	CONSTRAINT `fk_mjlfinancement_activity_responsible` FOREIGN KEY (`fk_user_responsible`) REFERENCES `llx_user` (`rowid`)
SUP-0247	custom/mjlfinancement/scripts/oracles/rst005_phase1_activity.sql:32	SQL_CONSTRAINT_OR_INDEX	fk_mjlfinancement_activity_task	declares a database uniqueness, referential, check, or lookup invariant	module installation or guarded schema lifecycle script	DDL, indexes, constraints, triggers, and persisted invariants	DB-001,DB-002,DB-003,LIFE-001	DEFINITION_INDEXED	CONSTRAINT `fk_mjlfinancement_activity_task` FOREIGN KEY (`fk_task`) REFERENCES `llx_projet_task` (`rowid`)
SUP-0248	custom/mjlfinancement/scripts/preserved_admin.lib.php:1	TOP_LEVEL_HANDLER	<file>	provides guarded schema or lifecycle support routines for operator scripts	included CLI lifecycle library	database DDL/DML, locks, transactions, backups, or lifecycle checks	DB-004,LIFE-001,LIFE-002,LIFE-003	DEFINITION_INDEXED	<?php
SUP-0249	custom/mjlfinancement/scripts/preserved_admin.lib.php:12	PHP_FUNCTION	mjl_load_preserved_native_admin	defines a lifecycle, schema, or verification routine	included CLI lifecycle library	database DDL/DML, locks, transactions, backups, or lifecycle checks	DB-004,LIFE-001,LIFE-002,LIFE-003	DEFINITION_INDEXED	function mjl_load_preserved_native_admin($db)
SUP-0250	custom/mjlfinancement/scripts/rst002b_activity_assignment.php:1	TOP_LEVEL_HANDLER	<file>	executes a guarded one-off schema, reset, assignment, or bootstrap operation	operator-invoked CLI handler	database DDL/DML, transactions, locks, backup, diagnostics, and exit status	DB-004,LIFE-001,LIFE-002,LIFE-003	DEFINITION_INDEXED	<?php
SUP-0251	custom/mjlfinancement/scripts/rst002b_activity_assignment.php:7	PHP_FUNCTION	rst002b_fail	defines a lifecycle, schema, or verification routine	operator-invoked CLI handler	database DDL/DML, transactions, locks, backup, diagnostics, and exit status	DB-004,LIFE-001,LIFE-002,LIFE-003	DEFINITION_INDEXED	
SUP-0252	custom/mjlfinancement/scripts/rst002b_activity_assignment.php:9	PHP_FUNCTION	rst002b_query	defines a lifecycle, schema, or verification routine	operator-invoked CLI handler	database DDL/DML, transactions, locks, backup, diagnostics, and exit status	DB-004,LIFE-001,LIFE-002,LIFE-003	DEFINITION_INDEXED	function rst002b_query(DoliDB $db, $sql, $message) { if (!$db->query($sql)) throw new RuntimeException($message.': '.$db->lasterror()); }
SUP-0253	custom/mjlfinancement/scripts/rst002b_activity_assignment.php:10	PHP_FUNCTION	rst002b_arguments	defines a lifecycle, schema, or verification routine	operator-invoked CLI handler	database DDL/DML, transactions, locks, backup, diagnostics, and exit status	DB-004,LIFE-001,LIFE-002,LIFE-003	DEFINITION_INDEXED	
SUP-0254	custom/mjlfinancement/scripts/rst002b_activity_assignment.php:24	PHP_FUNCTION	rst002b_require_boundary	defines a lifecycle, schema, or verification routine	operator-invoked CLI handler	database DDL/DML, transactions, locks, backup, diagnostics, and exit status	DB-004,LIFE-001,LIFE-002,LIFE-003	DEFINITION_INDEXED	
SUP-0255	custom/mjlfinancement/scripts/rst002b_activity_assignment.php:40	PHP_FUNCTION	rst002b_sql_statements	defines a lifecycle, schema, or verification routine	operator-invoked CLI handler	database DDL/DML, transactions, locks, backup, diagnostics, and exit status	DB-004,LIFE-001,LIFE-002,LIFE-003	DEFINITION_INDEXED	
SUP-0256	custom/mjlfinancement/scripts/rst002b_activity_assignment.php:50	PHP_FUNCTION	rst002b_statement_trigger_name	defines a lifecycle, schema, or verification routine	operator-invoked CLI handler	database DDL/DML, transactions, locks, backup, diagnostics, and exit status	DB-004,LIFE-001,LIFE-002,LIFE-003	DEFINITION_INDEXED	
SUP-0257	custom/mjlfinancement/scripts/rst002b_activity_assignment.php:56	PHP_FUNCTION	rst002b_trigger_contracts	defines a lifecycle, schema, or verification routine	operator-invoked CLI handler	database DDL/DML, transactions, locks, backup, diagnostics, and exit status	DB-004,LIFE-001,LIFE-002,LIFE-003	DEFINITION_INDEXED	
SUP-0258	custom/mjlfinancement/scripts/rst002b_activity_assignment.php:74	PHP_FUNCTION	rst002b_actual_managed_trigger_map	defines a lifecycle, schema, or verification routine	operator-invoked CLI handler	database DDL/DML, transactions, locks, backup, diagnostics, and exit status	DB-004,LIFE-001,LIFE-002,LIFE-003	DEFINITION_INDEXED	
SUP-0259	custom/mjlfinancement/scripts/rst002b_activity_assignment.php:83	PHP_FUNCTION	rst002b_trigger_progress	defines a lifecycle, schema, or verification routine	operator-invoked CLI handler	database DDL/DML, transactions, locks, backup, diagnostics, and exit status	DB-004,LIFE-001,LIFE-002,LIFE-003	DEFINITION_INDEXED	
SUP-0260	custom/mjlfinancement/scripts/rst002b_activity_assignment.php:108	PHP_FUNCTION	rst002b_state	defines a lifecycle, schema, or verification routine	operator-invoked CLI handler	database DDL/DML, transactions, locks, backup, diagnostics, and exit status	DB-004,LIFE-001,LIFE-002,LIFE-003	DEFINITION_INDEXED	
SUP-0261	custom/mjlfinancement/scripts/rst002b_activity_assignment.php:155	PHP_FUNCTION	rst002b_require_custom_table_set	defines a lifecycle, schema, or verification routine	operator-invoked CLI handler	database DDL/DML, transactions, locks, backup, diagnostics, and exit status	DB-004,LIFE-001,LIFE-002,LIFE-003	DEFINITION_INDEXED	
SUP-0262	custom/mjlfinancement/scripts/rst002b_activity_assignment.php:168	PHP_FUNCTION	rst002b_require_empty_cutover	defines a lifecycle, schema, or verification routine	operator-invoked CLI handler	database DDL/DML, transactions, locks, backup, diagnostics, and exit status	DB-004,LIFE-001,LIFE-002,LIFE-003	DEFINITION_INDEXED	
SUP-0263	custom/mjlfinancement/scripts/rst002b_activity_assignment.php:180	PHP_FUNCTION	rst002b_create_assignment_table	defines a lifecycle, schema, or verification routine	operator-invoked CLI handler	database DDL/DML, transactions, locks, backup, diagnostics, and exit status	DB-004,LIFE-001,LIFE-002,LIFE-003	DEFINITION_INDEXED	
SUP-0264	custom/mjlfinancement/scripts/rst002b_activity_assignment.php:188	PHP_FUNCTION	rst002b_fail_after	defines a lifecycle, schema, or verification routine	operator-invoked CLI handler	database DDL/DML, transactions, locks, backup, diagnostics, and exit status	DB-004,LIFE-001,LIFE-002,LIFE-003	DEFINITION_INDEXED	
SUP-0265	custom/mjlfinancement/scripts/rst002b_activity_assignment.php:193	PHP_FUNCTION	rst002b_restore_scope	defines a lifecycle, schema, or verification routine	operator-invoked CLI handler	database DDL/DML, transactions, locks, backup, diagnostics, and exit status	DB-004,LIFE-001,LIFE-002,LIFE-003	DEFINITION_INDEXED	
SUP-0266	custom/mjlfinancement/scripts/rst002b_activity_assignment.php:199	PHP_FUNCTION	rst002b_rollback	defines a lifecycle, schema, or verification routine	operator-invoked CLI handler	database DDL/DML, transactions, locks, backup, diagnostics, and exit status	DB-004,LIFE-001,LIFE-002,LIFE-003	DEFINITION_INDEXED	
SUP-0267	custom/mjlfinancement/scripts/rst002b_activity_assignment.php:94	LEXICAL_DATABASE_CANDIDATE	database-operation@94	lexically indexed database-operation candidate; surrounding behavior requires manual reconciliation	operator-invoked CLI handler	not established by this record	DB-004,LIFE-001,LIFE-002,LIFE-003	DEFINITION_INDEXED	if (mjl_rst005_map_equal($actual, $expected)) return $index + 1 === count($contracts['reverse']) ? 'scope-table-removed' : 'rollback-triggers-'.($index + 1);
SUP-0268	custom/mjlfinancement/scripts/rst002b_activity_assignment.php:197	LEXICAL_DATABASE_CANDIDATE	database-operation@197	lexically indexed database-operation candidate; surrounding behavior requires manual reconciliation	operator-invoked CLI handler	not established by this record	DB-004,LIFE-001,LIFE-002,LIFE-003	DEFINITION_INDEXED	rst002b_query($db, 'CREATE TABLE '.mjl_rst005_ident($table).' (rowid INTEGER AUTO_INCREMENT PRIMARY KEY,entity INTEGER DEFAULT 1 NOT NULL,fk_user INTEGER NOT NULL,fk_soc INTEGER NOT NULL,is_active TINYINT DEFAULT 1 NOT NULL,date_start DATETIME DEFAULT NULL,date_end DATETIME DEFAULT NULL,source VARCHAR(64) DEFAULT NULL,note TEXT,date_creation DATETIME NOT NULL,tms TIMESTAMP NULL DEFAULT CURRENT_TIMESTAMP ON UPDATE CUR
SUP-0269	custom/mjlfinancement/scripts/rst002b_activity_assignment.php:204	LEXICAL_DATABASE_CANDIDATE	database-operation@204	lexically indexed database-operation candidate; surrounding behavior requires manual reconciliation	operator-invoked CLI handler	not established by this record	DB-004,LIFE-001,LIFE-002,LIFE-003	DEFINITION_INDEXED	if (!in_array($state, array('target','scope-table-removed','activity-guard-cutover','activity-column-cutover','activity-old-guard-removed','assignment-table-created','RST-005'), true) && strpos($state, 'rollback-triggers-') !== 0) throw new RuntimeException('Rollback refused: RST-002B state is not a sealed reverse prefix.');
SUP-0270	custom/mjlfinancement/scripts/rst002b_activity_assignment.php:207	LEXICAL_DATABASE_CANDIDATE	database-operation@207	lexically indexed database-operation candidate; surrounding behavior requires manual reconciliation	operator-invoked CLI handler	not established by this record	DB-004,LIFE-001,LIFE-002,LIFE-003	DEFINITION_INDEXED	foreach ($downstream as $suffix) if (mjl_rst002b_table_exists($db, $prefix.'mjlfinancement_'.$suffix)) throw new RuntimeException('Rollback refused: an RST-002B dependent table exists.');
SUP-0271	custom/mjlfinancement/scripts/rst002b_activity_assignment.php:208	LEXICAL_DATABASE_CANDIDATE	database-operation@208	lexically indexed database-operation candidate; surrounding behavior requires manual reconciliation	operator-invoked CLI handler	not established by this record	DB-004,LIFE-001,LIFE-002,LIFE-003	DEFINITION_INDEXED	if ($state === 'target' || strpos($state, 'rollback-triggers-') === 0) {
SUP-0272	custom/mjlfinancement/scripts/rst002b_activity_assignment.php:209	LEXICAL_DATABASE_CANDIDATE	database-operation@209	lexically indexed database-operation candidate; surrounding behavior requires manual reconciliation	operator-invoked CLI handler	not established by this record	DB-004,LIFE-001,LIFE-002,LIFE-003	DEFINITION_INDEXED	$completed = $state === 'target' ? 0 : (int) substr($state, strlen('rollback-triggers-'));
SUP-0273	custom/mjlfinancement/scripts/rst002b_activity_assignment.php:213	LEXICAL_DATABASE_CANDIDATE	database-operation@213	lexically indexed database-operation candidate; surrounding behavior requires manual reconciliation	operator-invoked CLI handler	not established by this record	DB-004,LIFE-001,LIFE-002,LIFE-003	DEFINITION_INDEXED	rst002b_fail_after($failurePoint, 'rollback-trigger-'.str_pad((string) ($index + 1), 2, '0', STR_PAD_LEFT));
SUP-0274	custom/mjlfinancement/scripts/rst002b_activity_assignment.php:217	LEXICAL_DATABASE_CANDIDATE	database-operation@217	lexically indexed database-operation candidate; surrounding behavior requires manual reconciliation	operator-invoked CLI handler	not established by this record	DB-004,LIFE-001,LIFE-002,LIFE-003	DEFINITION_INDEXED	if ($failurePoint === 'rollback-scope-table-removed' && $state === 'scope-table-removed') throw new RuntimeException('Injected failure after rollback-scope-table-removed.');
SUP-0275	custom/mjlfinancement/scripts/rst002b_activity_assignment.php:218	LEXICAL_DATABASE_CANDIDATE	database-operation@218	lexically indexed database-operation candidate; surrounding behavior requires manual reconciliation	operator-invoked CLI handler	not established by this record	DB-004,LIFE-001,LIFE-002,LIFE-003	DEFINITION_INDEXED	if ($state === 'scope-table-removed') { rst002b_restore_scope($db, $prefix); rst002b_fail_after($failurePoint, 'rollback-scope-table-restored'); $state = 'activity-guard-cutover'; }
SUP-0276	custom/mjlfinancement/scripts/rst002b_activity_assignment.php:219	LEXICAL_DATABASE_CANDIDATE	database-operation@219	lexically indexed database-operation candidate; surrounding behavior requires manual reconciliation	operator-invoked CLI handler	not established by this record	DB-004,LIFE-001,LIFE-002,LIFE-003	DEFINITION_INDEXED	if ($failurePoint === 'rollback-activity-guard-cutover' && $state === 'activity-guard-cutover') throw new RuntimeException('Injected failure after rollback-activity-guard-cutover.');
SUP-0277	custom/mjlfinancement/scripts/rst002b_activity_assignment.php:222	LEXICAL_DATABASE_CANDIDATE	database-operation@222	lexically indexed database-operation candidate; surrounding behavior requires manual reconciliation	operator-invoked CLI handler	not established by this record	DB-004,LIFE-001,LIFE-002,LIFE-003	DEFINITION_INDEXED	rst002b_fail_after($failurePoint, 'rollback-activity-target-guard-dropped');
SUP-0278	custom/mjlfinancement/scripts/rst002b_activity_assignment.php:226	LEXICAL_DATABASE_CANDIDATE	database-operation@226	lexically indexed database-operation candidate; surrounding behavior requires manual reconciliation	operator-invoked CLI handler	not established by this record	DB-004,LIFE-001,LIFE-002,LIFE-003	DEFINITION_INDEXED	rst002b_query($db, 'ALTER TABLE '.mjl_rst005_ident($activity).' ADD COLUMN fk_user_responsible INT(11) DEFAULT NULL AFTER fk_user_modif, ADD CONSTRAINT chk_mjl_activity_responsible_dormant CHECK (fk_user_responsible IS NULL)', 'Unable to restore dormant responsible seam');
SUP-0279	custom/mjlfinancement/scripts/rst002b_activity_assignment.php:227	LEXICAL_DATABASE_CANDIDATE	database-operation@227	lexically indexed database-operation candidate; surrounding behavior requires manual reconciliation	operator-invoked CLI handler	not established by this record	DB-004,LIFE-001,LIFE-002,LIFE-003	DEFINITION_INDEXED	rst002b_fail_after($failurePoint, 'rollback-activity-column-restored');
SUP-0280	custom/mjlfinancement/scripts/rst002b_activity_assignment.php:231	LEXICAL_DATABASE_CANDIDATE	database-operation@231	lexically indexed database-operation candidate; surrounding behavior requires manual reconciliation	operator-invoked CLI handler	not established by this record	DB-004,LIFE-001,LIFE-002,LIFE-003	DEFINITION_INDEXED	"rst002b_query($db, 'CREATE TRIGGER '.$prefix.'mjl_activity_rst005_bu BEFORE UPDATE ON '.$activity."" FOR EACH ROW SIGNAL SQLSTATE '45000' SET MESSAGE_TEXT='MJL Activity mutation is dormant in RST-005'"", 'Unable to restore RST-005 Activity guard');"
SUP-0281	custom/mjlfinancement/scripts/rst002b_activity_assignment.php:232	LEXICAL_DATABASE_CANDIDATE	database-operation@232	lexically indexed database-operation candidate; surrounding behavior requires manual reconciliation	operator-invoked CLI handler	not established by this record	DB-004,LIFE-001,LIFE-002,LIFE-003	DEFINITION_INDEXED	rst002b_fail_after($failurePoint, 'rollback-activity-old-guard-restored');
SUP-0282	custom/mjlfinancement/scripts/rst002b_activity_assignment.php:235	LEXICAL_DATABASE_CANDIDATE	database-operation@235	lexically indexed database-operation candidate; surrounding behavior requires manual reconciliation	operator-invoked CLI handler	not established by this record	DB-004,LIFE-001,LIFE-002,LIFE-003	DEFINITION_INDEXED	if ($failurePoint === 'rollback-assignment-table-created' && $state === 'assignment-table-created') throw new RuntimeException('Injected failure after rollback-assignment-table-created.');
SUP-0283	custom/mjlfinancement/scripts/rst002b_activity_assignment.php:236	LEXICAL_DATABASE_CANDIDATE	database-operation@236	lexically indexed database-operation candidate; surrounding behavior requires manual reconciliation	operator-invoked CLI handler	not established by this record	DB-004,LIFE-001,LIFE-002,LIFE-003	DEFINITION_INDEXED	if ($state === 'assignment-table-created') { rst002b_query($db, 'DROP TABLE '.mjl_rst005_ident($prefix.'mjlfinancement_activity_assignment'), 'Unable to remove empty assignment table'); rst002b_fail_after($failurePoint, 'rollback-assignment-table-dropped'); }
SUP-0284	custom/mjlfinancement/scripts/rst002b_activity_assignment.php:242	LEXICAL_DATABASE_CANDIDATE	database-operation@242	lexically indexed database-operation candidate; surrounding behavior requires manual reconciliation	operator-invoked CLI handler	not established by this record	DB-004,LIFE-001,LIFE-002,LIFE-003	DEFINITION_INDEXED	if (!in_array($options['mode'], array('apply','verify','rollback'), true) || $options['confirm'] !== 'RST-002B') throw new RuntimeException('Use --mode=apply|verify|rollback --confirm=RST-002B.');
SUP-0285	custom/mjlfinancement/scripts/rst002b_activity_assignment.php:246	LEXICAL_DATABASE_CANDIDATE	database-operation@246	lexically indexed database-operation candidate; surrounding behavior requires manual reconciliation	operator-invoked CLI handler	not established by this record	DB-004,LIFE-001,LIFE-002,LIFE-003	DEFINITION_INDEXED	"if ((int) mjl_rst005_scalar($db, ""SELECT GET_LOCK('"".$db->escape($lockName).""',0)"") !== 1) throw new RuntimeException('Unable to acquire the RST-002B target lock.');"
SUP-0286	custom/mjlfinancement/scripts/rst002b_activity_assignment.php:249	LEXICAL_DATABASE_CANDIDATE	database-operation@249	lexically indexed database-operation candidate; surrounding behavior requires manual reconciliation	operator-invoked CLI handler	not established by this record	DB-004,LIFE-001,LIFE-002,LIFE-003	DEFINITION_INDEXED	elseif ($options['mode'] === 'rollback') rst002b_rollback($db, $prefix, $options['failure-point']);
SUP-0287	custom/mjlfinancement/scripts/rst002b_activity_assignment.php:257	LEXICAL_DATABASE_CANDIDATE	database-operation@257	lexically indexed database-operation candidate; surrounding behavior requires manual reconciliation	operator-invoked CLI handler	not established by this record	DB-004,LIFE-001,LIFE-002,LIFE-003	DEFINITION_INDEXED	if ($state === 'activity-old-guard-removed') { rst002b_query($db, 'ALTER TABLE '.mjl_rst005_ident($prefix.'mjlfinancement_activity').' DROP CONSTRAINT '.mjl_rst005_ident('chk_mjl_activity_responsible_dormant').', DROP COLUMN '.mjl_rst005_ident('fk_user_responsible'), 'Unable to cut over the dormant responsible seam'); rst002b_fail_after($options['failure-point'], 'forward-03-activity-column-cutover'); $state = 'activ
SUP-0288	custom/mjlfinancement/scripts/rst002b_activity_assignment.php:260	LEXICAL_DATABASE_CANDIDATE	database-operation@260	lexically indexed database-operation candidate; surrounding behavior requires manual reconciliation	operator-invoked CLI handler	not established by this record	DB-004,LIFE-001,LIFE-002,LIFE-003	DEFINITION_INDEXED	if ($state === 'activity-guard-cutover') { rst002b_query($db, 'DROP TABLE '.mjl_rst005_ident($prefix.'mjlfinancement_user_soc_scope'), 'Unable to remove empty Partner scope'); rst002b_fail_after($options['failure-point'], 'forward-05-scope-table-removed'); $state = 'scope-table-removed'; }
SUP-0289	custom/mjlfinancement/scripts/rst002b_activity_assignment.php:274	LEXICAL_DATABASE_CANDIDATE	database-operation@274	lexically indexed database-operation candidate; surrounding behavior requires manual reconciliation	operator-invoked CLI handler	not established by this record	DB-004,LIFE-001,LIFE-002,LIFE-003	DEFINITION_INDEXED	"$db->query(""SELECT RELEASE_LOCK('"".$db->escape($lockName).""')"");"
SUP-0290	custom/mjlfinancement/scripts/rst005_activity_foundation.php:1	TOP_LEVEL_HANDLER	<file>	executes a guarded one-off schema, reset, assignment, or bootstrap operation	operator-invoked CLI handler	database DDL/DML, transactions, locks, backup, diagnostics, and exit status	DB-004,LIFE-001,LIFE-002,LIFE-003	DEFINITION_INDEXED	<?php
SUP-0291	custom/mjlfinancement/scripts/rst005_activity_foundation.php:12	PHP_FUNCTION	rst005_fail	defines a lifecycle, schema, or verification routine	operator-invoked CLI handler	database DDL/DML, transactions, locks, backup, diagnostics, and exit status	DB-004,LIFE-001,LIFE-002,LIFE-003	DEFINITION_INDEXED	
SUP-0292	custom/mjlfinancement/scripts/rst005_activity_foundation.php:18	PHP_FUNCTION	rst005_query	defines a lifecycle, schema, or verification routine	operator-invoked CLI handler	database DDL/DML, transactions, locks, backup, diagnostics, and exit status	DB-004,LIFE-001,LIFE-002,LIFE-003	DEFINITION_INDEXED	
SUP-0293	custom/mjlfinancement/scripts/rst005_activity_foundation.php:23	PHP_FUNCTION	rst005_table_exists	defines a lifecycle, schema, or verification routine	operator-invoked CLI handler	database DDL/DML, transactions, locks, backup, diagnostics, and exit status	DB-004,LIFE-001,LIFE-002,LIFE-003	DEFINITION_INDEXED	
SUP-0294	custom/mjlfinancement/scripts/rst005_activity_foundation.php:28	PHP_FUNCTION	rst005_arguments	defines a lifecycle, schema, or verification routine	operator-invoked CLI handler	database DDL/DML, transactions, locks, backup, diagnostics, and exit status	DB-004,LIFE-001,LIFE-002,LIFE-003	DEFINITION_INDEXED	
SUP-0295	custom/mjlfinancement/scripts/rst005_activity_foundation.php:49	PHP_FUNCTION	rst005_require_shared_launcher_authorization	defines a lifecycle, schema, or verification routine	operator-invoked CLI handler	database DDL/DML, transactions, locks, backup, diagnostics, and exit status	DB-004,LIFE-001,LIFE-002,LIFE-003	DEFINITION_INDEXED	
SUP-0296	custom/mjlfinancement/scripts/rst005_activity_foundation.php:70	PHP_FUNCTION	rst005_require_disposable_mutation_boundary	defines a lifecycle, schema, or verification routine	operator-invoked CLI handler	database DDL/DML, transactions, locks, backup, diagnostics, and exit status	DB-004,LIFE-001,LIFE-002,LIFE-003	DEFINITION_INDEXED	
SUP-0297	custom/mjlfinancement/scripts/rst005_activity_foundation.php:87	PHP_FUNCTION	rst005_module_tree_sha	defines a lifecycle, schema, or verification routine	operator-invoked CLI handler	database DDL/DML, transactions, locks, backup, diagnostics, and exit status	DB-004,LIFE-001,LIFE-002,LIFE-003	DEFINITION_INDEXED	
SUP-0298	custom/mjlfinancement/scripts/rst005_activity_foundation.php:100	PHP_FUNCTION	rst005_evidence_field	defines a lifecycle, schema, or verification routine	operator-invoked CLI handler	database DDL/DML, transactions, locks, backup, diagnostics, and exit status	DB-004,LIFE-001,LIFE-002,LIFE-003	DEFINITION_INDEXED	
SUP-0299	custom/mjlfinancement/scripts/rst005_activity_foundation.php:110	PHP_FUNCTION	rst005_documents_sha	defines a lifecycle, schema, or verification routine	operator-invoked CLI handler	database DDL/DML, transactions, locks, backup, diagnostics, and exit status	DB-004,LIFE-001,LIFE-002,LIFE-003	DEFINITION_INDEXED	
SUP-0300	custom/mjlfinancement/scripts/rst005_activity_foundation.php:151	PHP_FUNCTION	rst005_ecm_sha	defines a lifecycle, schema, or verification routine	operator-invoked CLI handler	database DDL/DML, transactions, locks, backup, diagnostics, and exit status	DB-004,LIFE-001,LIFE-002,LIFE-003	DEFINITION_INDEXED	
SUP-0301	custom/mjlfinancement/scripts/rst005_activity_foundation.php:170	PHP_FUNCTION	rst005_protected_tables_sha	defines a lifecycle, schema, or verification routine	operator-invoked CLI handler	database DDL/DML, transactions, locks, backup, diagnostics, and exit status	DB-004,LIFE-001,LIFE-002,LIFE-003	DEFINITION_INDEXED	
SUP-0302	custom/mjlfinancement/scripts/rst005_activity_foundation.php:243	PHP_FUNCTION	rst005_require_evidence	defines a lifecycle, schema, or verification routine	operator-invoked CLI handler	database DDL/DML, transactions, locks, backup, diagnostics, and exit status	DB-004,LIFE-001,LIFE-002,LIFE-003	DEFINITION_INDEXED	
SUP-0303	custom/mjlfinancement/scripts/rst005_activity_foundation.php:284	PHP_FUNCTION	rst005_require_checkpoint	defines a lifecycle, schema, or verification routine	operator-invoked CLI handler	database DDL/DML, transactions, locks, backup, diagnostics, and exit status	DB-004,LIFE-001,LIFE-002,LIFE-003	DEFINITION_INDEXED	
SUP-0304	custom/mjlfinancement/scripts/rst005_activity_foundation.php:293	PHP_FUNCTION	rst005_downstream_tables	defines a lifecycle, schema, or verification routine	operator-invoked CLI handler	database DDL/DML, transactions, locks, backup, diagnostics, and exit status	DB-004,LIFE-001,LIFE-002,LIFE-003	DEFINITION_INDEXED	
SUP-0305	custom/mjlfinancement/scripts/rst005_activity_foundation.php:307	PHP_FUNCTION	rst005_require_no_downstream	defines a lifecycle, schema, or verification routine	operator-invoked CLI handler	database DDL/DML, transactions, locks, backup, diagnostics, and exit status	DB-004,LIFE-001,LIFE-002,LIFE-003	DEFINITION_INDEXED	
SUP-0306	custom/mjlfinancement/scripts/rst005_activity_foundation.php:319	PHP_FUNCTION	rst005_require_pre_rename_table_set	defines a lifecycle, schema, or verification routine	operator-invoked CLI handler	database DDL/DML, transactions, locks, backup, diagnostics, and exit status	DB-004,LIFE-001,LIFE-002,LIFE-003	DEFINITION_INDEXED	
SUP-0307	custom/mjlfinancement/scripts/rst005_activity_foundation.php:334	PHP_FUNCTION	rst005_require_target_namespace_available	defines a lifecycle, schema, or verification routine	operator-invoked CLI handler	database DDL/DML, transactions, locks, backup, diagnostics, and exit status	DB-004,LIFE-001,LIFE-002,LIFE-003	DEFINITION_INDEXED	
SUP-0308	custom/mjlfinancement/scripts/rst005_activity_foundation.php:346	PHP_FUNCTION	rst005_require_phase1	defines a lifecycle, schema, or verification routine	operator-invoked CLI handler	database DDL/DML, transactions, locks, backup, diagnostics, and exit status	DB-004,LIFE-001,LIFE-002,LIFE-003	DEFINITION_INDEXED	
SUP-0309	custom/mjlfinancement/scripts/rst005_activity_foundation.php:356	PHP_FUNCTION	rst005_sql_statements	defines a lifecycle, schema, or verification routine	operator-invoked CLI handler	database DDL/DML, transactions, locks, backup, diagnostics, and exit status	DB-004,LIFE-001,LIFE-002,LIFE-003	DEFINITION_INDEXED	
SUP-0310	custom/mjlfinancement/scripts/rst005_activity_foundation.php:370	PHP_FUNCTION	rst005_inject	defines a lifecycle, schema, or verification routine	operator-invoked CLI handler	database DDL/DML, transactions, locks, backup, diagnostics, and exit status	DB-004,LIFE-001,LIFE-002,LIFE-003	DEFINITION_INDEXED	
SUP-0311	custom/mjlfinancement/scripts/rst005_activity_foundation.php:375	PHP_FUNCTION	rst005_create_target	defines a lifecycle, schema, or verification routine	operator-invoked CLI handler	database DDL/DML, transactions, locks, backup, diagnostics, and exit status	DB-004,LIFE-001,LIFE-002,LIFE-003	DEFINITION_INDEXED	
SUP-0312	custom/mjlfinancement/scripts/rst005_activity_foundation.php:396	PHP_FUNCTION	rst005_require_exact_partial_target_prefix	defines a lifecycle, schema, or verification routine	operator-invoked CLI handler	database DDL/DML, transactions, locks, backup, diagnostics, and exit status	DB-004,LIFE-001,LIFE-002,LIFE-003	DEFINITION_INDEXED	
SUP-0313	custom/mjlfinancement/scripts/rst005_activity_foundation.php:453	PHP_FUNCTION	rst005_create_phase1_restore	defines a lifecycle, schema, or verification routine	operator-invoked CLI handler	database DDL/DML, transactions, locks, backup, diagnostics, and exit status	DB-004,LIFE-001,LIFE-002,LIFE-003	DEFINITION_INDEXED	
SUP-0314	custom/mjlfinancement/scripts/rst005_activity_foundation.php:464	PHP_FUNCTION	rst005_require_or_normalize_quarantine	defines a lifecycle, schema, or verification routine	operator-invoked CLI handler	database DDL/DML, transactions, locks, backup, diagnostics, and exit status	DB-004,LIFE-001,LIFE-002,LIFE-003	DEFINITION_INDEXED	
SUP-0315	custom/mjlfinancement/scripts/rst005_activity_foundation.php:476	PHP_FUNCTION	rst005_require_quarantine_readonly	defines a lifecycle, schema, or verification routine	operator-invoked CLI handler	database DDL/DML, transactions, locks, backup, diagnostics, and exit status	DB-004,LIFE-001,LIFE-002,LIFE-003	DEFINITION_INDEXED	
SUP-0316	custom/mjlfinancement/scripts/rst005_activity_foundation.php:10	LEXICAL_DATABASE_CANDIDATE	database-operation@10	lexically indexed database-operation candidate; surrounding behavior requires manual reconciliation	operator-invoked CLI handler	not established by this record	DB-004,LIFE-001,LIFE-002,LIFE-003	DEFINITION_INDEXED	const RST005_ROLLBACK_MODE = 'rollback';
SUP-0317	custom/mjlfinancement/scripts/rst005_activity_foundation.php:197	LEXICAL_DATABASE_CANDIDATE	database-operation@197	lexically indexed database-operation candidate; surrounding behavior requires manual reconciliation	operator-invoked CLI handler	not established by this record	DB-004,LIFE-001,LIFE-002,LIFE-003	DEFINITION_INDEXED	$createResult = $db->query('SHOW CREATE TABLE '.mjl_rst005_ident($table));
SUP-0318	custom/mjlfinancement/scripts/rst005_activity_foundation.php:488	LEXICAL_DATABASE_CANDIDATE	database-operation@488	lexically indexed database-operation candidate; surrounding behavior requires manual reconciliation	operator-invoked CLI handler	not established by this record	DB-004,LIFE-001,LIFE-002,LIFE-003	DEFINITION_INDEXED	if (!in_array($options['mode'], array('preflight','apply','verify','classify','finalize','recover','rollback'), true)) rst005_fail('Use --mode=preflight|apply|verify|classify|finalize|recover|rollback.');
SUP-0319	custom/mjlfinancement/scripts/rst005_activity_foundation.php:497	LEXICAL_DATABASE_CANDIDATE	database-operation@497	lexically indexed database-operation candidate; surrounding behavior requires manual reconciliation	operator-invoked CLI handler	not established by this record	DB-004,LIFE-001,LIFE-002,LIFE-003	DEFINITION_INDEXED	if (in_array($options['mode'], array('apply','finalize','recover','rollback'), true)) {
SUP-0320	custom/mjlfinancement/scripts/rst005_activity_foundation.php:520	LEXICAL_DATABASE_CANDIDATE	database-operation@520	lexically indexed database-operation candidate; surrounding behavior requires manual reconciliation	operator-invoked CLI handler	not established by this record	DB-004,LIFE-001,LIFE-002,LIFE-003	DEFINITION_INDEXED	"if ((int) mjl_rst005_scalar($db, ""SELECT GET_LOCK('"".$db->escape($lockName).""',"".RST005_LOCK_TIMEOUT.')') !== 1) throw new RuntimeException('RST-005 advisory lock is unavailable.');"
SUP-0321	custom/mjlfinancement/scripts/rst005_activity_foundation.php:524	LEXICAL_DATABASE_CANDIDATE	database-operation@524	lexically indexed database-operation candidate; surrounding behavior requires manual reconciliation	operator-invoked CLI handler	not established by this record	DB-004,LIFE-001,LIFE-002,LIFE-003	DEFINITION_INDEXED	if ($options['mode'] === 'finalize' || ($options['mode'] === 'rollback' && $state === RST005_SCHEMA_TARGET && !rst005_table_exists($db, $quarantine))) $requiredCheckpoint = 'post-activation-pre-finalization';
SUP-0322	custom/mjlfinancement/scripts/rst005_activity_foundation.php:594	LEXICAL_DATABASE_CANDIDATE	database-operation@594	lexically indexed database-operation candidate; surrounding behavior requires manual reconciliation	operator-invoked CLI handler	not established by this record	DB-004,LIFE-001,LIFE-002,LIFE-003	DEFINITION_INDEXED	rst005_query($db, 'DROP TABLE '.mjl_rst005_ident($target), 'Unable to remove positively identified partial RST-005 target');
SUP-0323	custom/mjlfinancement/scripts/rst005_activity_foundation.php:643	LEXICAL_DATABASE_CANDIDATE	database-operation@643	lexically indexed database-operation candidate; surrounding behavior requires manual reconciliation	operator-invoked CLI handler	not established by this record	DB-004,LIFE-001,LIFE-002,LIFE-003	DEFINITION_INDEXED	rst005_query($db, 'DROP TABLE '.mjl_rst005_ident($quarantine), 'Unable to finalize RST-005 quarantine');
SUP-0324	custom/mjlfinancement/scripts/rst005_activity_foundation.php:654	LEXICAL_DATABASE_CANDIDATE	database-operation@654	lexically indexed database-operation candidate; surrounding behavior requires manual reconciliation	operator-invoked CLI handler	not established by this record	DB-004,LIFE-001,LIFE-002,LIFE-003	DEFINITION_INDEXED	rst005_query($db, 'DROP TABLE '.mjl_rst005_ident($target), 'Unable to remove incomplete RST-005 target');
SUP-0325	custom/mjlfinancement/scripts/rst005_activity_foundation.php:669	LEXICAL_DATABASE_CANDIDATE	database-operation@669	lexically indexed database-operation candidate; surrounding behavior requires manual reconciliation	operator-invoked CLI handler	not established by this record	DB-004,LIFE-001,LIFE-002,LIFE-003	DEFINITION_INDEXED	rst005_query($db, 'RENAME TABLE '.mjl_rst005_ident($live).' TO '.mjl_rst005_ident($failed).', '.mjl_rst005_ident($quarantine).' TO '.mjl_rst005_ident($live), 'Atomic RST-005 recovery rollback failed');
SUP-0326	custom/mjlfinancement/scripts/rst005_activity_foundation.php:673	LEXICAL_DATABASE_CANDIDATE	database-operation@673	lexically indexed database-operation candidate; surrounding behavior requires manual reconciliation	operator-invoked CLI handler	not established by this record	DB-004,LIFE-001,LIFE-002,LIFE-003	DEFINITION_INDEXED	rst005_query($db, 'RENAME TABLE '.mjl_rst005_ident($live).' TO '.mjl_rst005_ident($failed).', '.mjl_rst005_ident($restore).' TO '.mjl_rst005_ident($live), 'Atomic finalized RST-005 recovery rollback failed');
SUP-0327	custom/mjlfinancement/scripts/rst005_activity_foundation.php:677	LEXICAL_DATABASE_CANDIDATE	database-operation@677	lexically indexed database-operation candidate; surrounding behavior requires manual reconciliation	operator-invoked CLI handler	not established by this record	DB-004,LIFE-001,LIFE-002,LIFE-003	DEFINITION_INDEXED	rst005_query($db, 'DROP TABLE '.mjl_rst005_ident($failed), 'Unable to remove recovered target');
SUP-0328	custom/mjlfinancement/scripts/rst005_activity_foundation.php:685	LEXICAL_DATABASE_CANDIDATE	database-operation@685	lexically indexed database-operation candidate; surrounding behavior requires manual reconciliation	operator-invoked CLI handler	not established by this record	DB-004,LIFE-001,LIFE-002,LIFE-003	DEFINITION_INDEXED	print json_encode(array('mode' => 'rollback', 'status' => 'already_phase1_containment'), JSON_PRETTY_PRINT).PHP_EOL;
SUP-0329	custom/mjlfinancement/scripts/rst005_activity_foundation.php:692	LEXICAL_DATABASE_CANDIDATE	database-operation@692	lexically indexed database-operation candidate; surrounding behavior requires manual reconciliation	operator-invoked CLI handler	not established by this record	DB-004,LIFE-001,LIFE-002,LIFE-003	DEFINITION_INDEXED	rst005_query($db, 'RENAME TABLE '.mjl_rst005_ident($live).' TO '.mjl_rst005_ident($failed).', '.mjl_rst005_ident($quarantine).' TO '.mjl_rst005_ident($live), 'Atomic RST-005 rollback failed');
SUP-0330	custom/mjlfinancement/scripts/rst005_activity_foundation.php:694	LEXICAL_DATABASE_CANDIDATE	database-operation@694	lexically indexed database-operation candidate; surrounding behavior requires manual reconciliation	operator-invoked CLI handler	not established by this record	DB-004,LIFE-001,LIFE-002,LIFE-003	DEFINITION_INDEXED	if (rst005_table_exists($db, $restore) || rst005_table_exists($db, $failed)) throw new RuntimeException('Unknown RST-005 rollback state.');
SUP-0331	custom/mjlfinancement/scripts/rst005_activity_foundation.php:696	LEXICAL_DATABASE_CANDIDATE	database-operation@696	lexically indexed database-operation candidate; surrounding behavior requires manual reconciliation	operator-invoked CLI handler	not established by this record	DB-004,LIFE-001,LIFE-002,LIFE-003	DEFINITION_INDEXED	rst005_query($db, 'RENAME TABLE '.mjl_rst005_ident($live).' TO '.mjl_rst005_ident($failed).', '.mjl_rst005_ident($restore).' TO '.mjl_rst005_ident($live), 'Atomic RST-005 reconstruction rollback failed');
SUP-0332	custom/mjlfinancement/scripts/rst005_activity_foundation.php:700	LEXICAL_DATABASE_CANDIDATE	database-operation@700	lexically indexed database-operation candidate; surrounding behavior requires manual reconciliation	operator-invoked CLI handler	not established by this record	DB-004,LIFE-001,LIFE-002,LIFE-003	DEFINITION_INDEXED	rst005_query($db, 'DROP TABLE '.mjl_rst005_ident($failed), 'Unable to remove verified failed target');
SUP-0333	custom/mjlfinancement/scripts/rst005_activity_foundation.php:701	LEXICAL_DATABASE_CANDIDATE	database-operation@701	lexically indexed database-operation candidate; surrounding behavior requires manual reconciliation	operator-invoked CLI handler	not established by this record	DB-004,LIFE-001,LIFE-002,LIFE-003	DEFINITION_INDEXED	print json_encode(array('mode' => 'rollback', 'status' => 'phase1_containment_restored'), JSON_PRETTY_PRINT).PHP_EOL;
SUP-0334	custom/mjlfinancement/scripts/rst005_activity_foundation.php:706	LEXICAL_DATABASE_CANDIDATE	database-operation@706	lexically indexed database-operation candidate; surrounding behavior requires manual reconciliation	operator-invoked CLI handler	not established by this record	DB-004,LIFE-001,LIFE-002,LIFE-003	DEFINITION_INDEXED	"if ($lockName !== '') $db->query(""SELECT RELEASE_LOCK('"".$db->escape($lockName).""')"");"
SUP-0335	custom/mjlfinancement/scripts/rst005_activity_foundation.php:711	LEXICAL_DATABASE_CANDIDATE	database-operation@711	lexically indexed database-operation candidate; surrounding behavior requires manual reconciliation	operator-invoked CLI handler	not established by this record	DB-004,LIFE-001,LIFE-002,LIFE-003	DEFINITION_INDEXED	"if ($lockName !== '') $db->query(""SELECT RELEASE_LOCK('"".$db->escape($lockName).""')"");"
SUP-0336	custom/mjlfinancement/scripts/rst005_oneoff_bootstrap.php:1	TOP_LEVEL_HANDLER	<file>	executes a guarded one-off schema, reset, assignment, or bootstrap operation	operator-invoked CLI handler	database DDL/DML, transactions, locks, backup, diagnostics, and exit status	DB-004,LIFE-001,LIFE-002,LIFE-003	DEFINITION_INDEXED	<?php
SUP-0337	custom/mjlfinancement/scripts/rst005_shared_launcher.js:1	TOP_LEVEL_SCRIPT	<file>	orchestrates guarded reset/bootstrap lifecycle operations	operator-invoked Node.js launcher	filesystem, container, backup, and lifecycle orchestration	LIFE-002,LIFE-003	DEFINITION_INDEXED	#!/usr/bin/env node
SUP-0338	custom/mjlfinancement/scripts/rst005_shared_launcher.js:6	LEXICAL_OPERATION_CANDIDATE	operation@6	lexically indexed operational candidate; surrounding behavior requires manual reconciliation	operator-invoked Node.js launcher	not established by this record	LIFE-002,LIFE-003	DEFINITION_INDEXED	const { execFileSync } = require('node:child_process');
SUP-0339	custom/mjlfinancement/scripts/rst005_shared_launcher.js:35	JS_EVENT_HANDLER	event@35	binds an interaction that changes client-visible state or submission behavior	operator-invoked Node.js launcher	filesystem, container, backup, and lifecycle orchestration	LIFE-002,LIFE-003	DEFINITION_INDEXED	for (const signal of ['SIGINT', 'SIGTERM', 'SIGHUP']) process.on(signal, () => {
SUP-0340	custom/mjlfinancement/scripts/rst005_shared_launcher.js:40	JS_FUNCTION	failClosed	defines a significant browser or operator-side routine/value	operator-invoked Node.js launcher	filesystem, container, backup, and lifecycle orchestration	LIFE-002,LIFE-003	DEFINITION_INDEXED	function failClosed(error) {
SUP-0341	custom/mjlfinancement/scripts/rst005_shared_launcher.js:46	JS_FUNCTION	parseCanonicalRecord	defines a significant browser or operator-side routine/value	operator-invoked Node.js launcher	filesystem, container, backup, and lifecycle orchestration	LIFE-002,LIFE-003	DEFINITION_INDEXED	function parseCanonicalRecord(bytes, label) {
SUP-0342	custom/mjlfinancement/scripts/rst005_shared_launcher.js:53	JS_CONSTANT	PROTECTED_INPUTS	defines a significant browser or operator-side routine/value	operator-invoked Node.js launcher	filesystem, container, backup, and lifecycle orchestration	LIFE-002,LIFE-003	DEFINITION_INDEXED	const PROTECTED_INPUTS = Object.freeze({
SUP-0343	custom/mjlfinancement/scripts/rst005_shared_launcher.js:60	JS_FUNCTION	sameBytes	defines a significant browser or operator-side routine/value	operator-invoked Node.js launcher	filesystem, container, backup, and lifecycle orchestration	LIFE-002,LIFE-003	DEFINITION_INDEXED	function sameBytes(left, right) {
SUP-0344	custom/mjlfinancement/scripts/rst005_shared_launcher.js:64	JS_FUNCTION	sameProtectedFile	defines a significant browser or operator-side routine/value	operator-invoked Node.js launcher	filesystem, container, backup, and lifecycle orchestration	LIFE-002,LIFE-003	DEFINITION_INDEXED	function sameProtectedFile(left, right) {
SUP-0345	custom/mjlfinancement/scripts/rst005_shared_launcher.js:70	JS_FUNCTION	mountIdentity	defines a significant browser or operator-side routine/value	operator-invoked Node.js launcher	filesystem, container, backup, and lifecycle orchestration	LIFE-002,LIFE-003	DEFINITION_INDEXED	function mountIdentity(file) {
SUP-0346	custom/mjlfinancement/scripts/rst005_shared_launcher.js:71	JS_FUNCTION	escaped	defines a significant browser or operator-side routine/value	operator-invoked Node.js launcher	filesystem, container, backup, and lifecycle orchestration	LIFE-002,LIFE-003	DEFINITION_INDEXED	const escaped = (value) => value.replace(/\\040/g, ' ').replace(/\\011/g, '\t').replace(/\\012/g, '\n').replace(/\\134/g, '\\');
SUP-0347	custom/mjlfinancement/scripts/rst005_shared_launcher.js:80	JS_FUNCTION	composeArguments	defines a significant browser or operator-side routine/value	operator-invoked Node.js launcher	filesystem, container, backup, and lifecycle orchestration	LIFE-002,LIFE-003	DEFINITION_INDEXED	function composeArguments(approval, tail) {
SUP-0348	custom/mjlfinancement/scripts/rst005_shared_launcher.js:85	JS_FUNCTION	main	defines a significant browser or operator-side routine/value	operator-invoked Node.js launcher	filesystem, container, backup, and lifecycle orchestration	LIFE-002,LIFE-003	DEFINITION_INDEXED	async function main() {
SUP-0349	custom/mjlfinancement/scripts/rst005_shared_launcher.js:121	JS_FUNCTION	assertLiveBinding	defines a significant browser or operator-side routine/value	operator-invoked Node.js launcher	filesystem, container, backup, and lifecycle orchestration	LIFE-002,LIFE-003	DEFINITION_INDEXED	const assertLiveBinding = () => {
SUP-0350	custom/mjlfinancement/scripts/rst005_shared_launcher.js:138	LEXICAL_OPERATION_CANDIDATE	operation@138	lexically indexed operational candidate; surrounding behavior requires manual reconciliation	operator-invoked Node.js launcher	not established by this record	LIFE-002,LIFE-003	DEFINITION_INDEXED	const resolvedBytes = execFileSync('/usr/bin/docker', composeArguments(approval, ['config', '--format', 'json']), {
SUP-0351	custom/mjlfinancement/scripts/rst005_shared_launcher.js:145	LEXICAL_OPERATION_CANDIDATE	operation@145	lexically indexed operational candidate; surrounding behavior requires manual reconciliation	operator-invoked Node.js launcher	not established by this record	LIFE-002,LIFE-003	DEFINITION_INDEXED	const running = execFileSync('/usr/bin/docker', composeArguments(approval, ['ps', '--status', 'running', '--services']), {
SUP-0352	custom/mjlfinancement/scripts/rst005_shared_launcher.js:170	LEXICAL_OPERATION_CANDIDATE	operation@170	lexically indexed operational candidate; surrounding behavior requires manual reconciliation	operator-invoked Node.js launcher	not established by this record	LIFE-002,LIFE-003	DEFINITION_INDEXED	&& approval.repository_root.startsWith('/tmp/rst005-launcher-execute-rollback-');
SUP-0353	custom/mjlfinancement/scripts/rst005_shared_launcher.js:177	LEXICAL_OPERATION_CANDIDATE	operation@177	lexically indexed operational candidate; surrounding behavior requires manual reconciliation	operator-invoked Node.js launcher	not established by this record	LIFE-002,LIFE-003	DEFINITION_INDEXED	const result = mode === 'rollback'
SUP-0354	custom/mjlfinancement/scripts/rst005_shared_launcher.js:181	LEXICAL_OPERATION_CANDIDATE	operation@181	lexically indexed operational candidate; surrounding behavior requires manual reconciliation	operator-invoked Node.js launcher	not established by this record	LIFE-002,LIFE-003	DEFINITION_INDEXED	process.stdout.write(`${JSON.stringify({ status: result.status, mode, commit: repository.commit, complete_tree_sha256: repository.completeTreeSha256 })}\n`);
SUP-0355	custom/mjlfinancement/scripts/rst005_shared_launcher.lib.js:1	TOP_LEVEL_SCRIPT	<file>	orchestrates guarded reset/bootstrap lifecycle operations	operator-invoked Node.js launcher	filesystem, container, backup, and lifecycle orchestration	LIFE-002,LIFE-003	DEFINITION_INDEXED	'use strict';
SUP-0356	custom/mjlfinancement/scripts/rst005_shared_launcher.lib.js:6	LEXICAL_OPERATION_CANDIDATE	operation@6	lexically indexed operational candidate; surrounding behavior requires manual reconciliation	operator-invoked Node.js launcher	not established by this record	LIFE-002,LIFE-003	DEFINITION_INDEXED	const { execFileSync, spawnSync } = require('node:child_process');
SUP-0357	custom/mjlfinancement/scripts/rst005_shared_launcher.lib.js:8	JS_CONSTANT	HEX_32	defines a significant browser or operator-side routine/value	operator-invoked Node.js launcher	filesystem, container, backup, and lifecycle orchestration	LIFE-002,LIFE-003	DEFINITION_INDEXED	const HEX_32 = /^[a-f0-9]{32}$/;
SUP-0358	custom/mjlfinancement/scripts/rst005_shared_launcher.lib.js:9	JS_CONSTANT	HEX_40	defines a significant browser or operator-side routine/value	operator-invoked Node.js launcher	filesystem, container, backup, and lifecycle orchestration	LIFE-002,LIFE-003	DEFINITION_INDEXED	const HEX_40 = /^[a-f0-9]{40}$/;
SUP-0359	custom/mjlfinancement/scripts/rst005_shared_launcher.lib.js:10	JS_CONSTANT	HEX_64	defines a significant browser or operator-side routine/value	operator-invoked Node.js launcher	filesystem, container, backup, and lifecycle orchestration	LIFE-002,LIFE-003	DEFINITION_INDEXED	const HEX_64 = /^[a-f0-9]{64}$/;
SUP-0360	custom/mjlfinancement/scripts/rst005_shared_launcher.lib.js:11	JS_CONSTANT	PROJECT	defines a significant browser or operator-side routine/value	operator-invoked Node.js launcher	filesystem, container, backup, and lifecycle orchestration	LIFE-002,LIFE-003	DEFINITION_INDEXED	const PROJECT = /^[a-z0-9][a-z0-9_-]{2,62}$/;
SUP-0361	custom/mjlfinancement/scripts/rst005_shared_launcher.lib.js:12	JS_CONSTANT	DOCKER	defines a significant browser or operator-side routine/value	operator-invoked Node.js launcher	filesystem, container, backup, and lifecycle orchestration	LIFE-002,LIFE-003	DEFINITION_INDEXED	const DOCKER = '/usr/bin/docker';
SUP-0362	custom/mjlfinancement/scripts/rst005_shared_launcher.lib.js:13	JS_CONSTANT	GIT	defines a significant browser or operator-side routine/value	operator-invoked Node.js launcher	filesystem, container, backup, and lifecycle orchestration	LIFE-002,LIFE-003	DEFINITION_INDEXED	const GIT = '/usr/bin/git';
SUP-0363	custom/mjlfinancement/scripts/rst005_shared_launcher.lib.js:14	JS_CONSTANT	EMPTY_SHA256	defines a significant browser or operator-side routine/value	operator-invoked Node.js launcher	filesystem, container, backup, and lifecycle orchestration	LIFE-002,LIFE-003	DEFINITION_INDEXED	const EMPTY_SHA256 = crypto.createHash('sha256').update('').digest('hex');
SUP-0364	custom/mjlfinancement/scripts/rst005_shared_launcher.lib.js:15	JS_CONSTANT	PROTECTED_TREE_ROOTS	defines a significant browser or operator-side routine/value	operator-invoked Node.js launcher	filesystem, container, backup, and lifecycle orchestration	LIFE-002,LIFE-003	DEFINITION_INDEXED	const PROTECTED_TREE_ROOTS = Object.freeze(['custom', 'docs', 'tests', 'AGENTS.md', 'CONTEXT.md', 'DESIGN.md', 'README.md', 'docker-compose.yml', 'package.json', 'package-lock.json', 'playwright.config.js']);
SUP-0365	custom/mjlfinancement/scripts/rst005_shared_launcher.lib.js:16	JS_CONSTANT	SHARED_PROFILE	defines a significant browser or operator-side routine/value	operator-invoked Node.js launcher	filesystem, container, backup, and lifecycle orchestration	LIFE-002,LIFE-003	DEFINITION_INDEXED	const SHARED_PROFILE = Object.freeze({
SUP-0366	custom/mjlfinancement/scripts/rst005_shared_launcher.lib.js:24	JS_FUNCTION	invariant	defines a significant browser or operator-side routine/value	operator-invoked Node.js launcher	filesystem, container, backup, and lifecycle orchestration	LIFE-002,LIFE-003	DEFINITION_INDEXED	function invariant(condition, message) {
SUP-0367	custom/mjlfinancement/scripts/rst005_shared_launcher.lib.js:28	JS_FUNCTION	canonicalJson	defines a significant browser or operator-side routine/value	operator-invoked Node.js launcher	filesystem, container, backup, and lifecycle orchestration	LIFE-002,LIFE-003	DEFINITION_INDEXED	function canonicalJson(value) {
SUP-0368	custom/mjlfinancement/scripts/rst005_shared_launcher.lib.js:34	JS_FUNCTION	isAbsoluteNormalized	defines a significant browser or operator-side routine/value	operator-invoked Node.js launcher	filesystem, container, backup, and lifecycle orchestration	LIFE-002,LIFE-003	DEFINITION_INDEXED	function isAbsoluteNormalized(value) {
SUP-0369	custom/mjlfinancement/scripts/rst005_shared_launcher.lib.js:38	JS_FUNCTION	isWithin	defines a significant browser or operator-side routine/value	operator-invoked Node.js launcher	filesystem, container, backup, and lifecycle orchestration	LIFE-002,LIFE-003	DEFINITION_INDEXED	function isWithin(candidate, parent) {
SUP-0370	custom/mjlfinancement/scripts/rst005_shared_launcher.lib.js:43	JS_FUNCTION	parseInstant	defines a significant browser or operator-side routine/value	operator-invoked Node.js launcher	filesystem, container, backup, and lifecycle orchestration	LIFE-002,LIFE-003	DEFINITION_INDEXED	function parseInstant(value, label) {
SUP-0371	custom/mjlfinancement/scripts/rst005_shared_launcher.lib.js:50	JS_FUNCTION	parseLauncherMode	defines a significant browser or operator-side routine/value	operator-invoked Node.js launcher	filesystem, container, backup, and lifecycle orchestration	LIFE-002,LIFE-003	DEFINITION_INDEXED	function parseLauncherMode(argv) {
SUP-0372	custom/mjlfinancement/scripts/rst005_shared_launcher.lib.js:51	LEXICAL_OPERATION_CANDIDATE	operation@51	lexically indexed operational candidate; surrounding behavior requires manual reconciliation	operator-invoked Node.js launcher	not established by this record	LIFE-002,LIFE-003	DEFINITION_INDEXED	invariant(Array.isArray(argv) && argv.length === 1 && /^--mode=(?:rehearse|execute|recover|rollback)$/.test(argv[0]), 'Exact launcher mode required.');
SUP-0373	custom/mjlfinancement/scripts/rst005_shared_launcher.lib.js:55	JS_FUNCTION	approvalTargetIdentitySha256	defines a significant browser or operator-side routine/value	operator-invoked Node.js launcher	filesystem, container, backup, and lifecycle orchestration	LIFE-002,LIFE-003	DEFINITION_INDEXED	function approvalTargetIdentitySha256(record) {
SUP-0374	custom/mjlfinancement/scripts/rst005_shared_launcher.lib.js:67	JS_FUNCTION	approvalExecutionIdentitySha256	defines a significant browser or operator-side routine/value	operator-invoked Node.js launcher	filesystem, container, backup, and lifecycle orchestration	LIFE-002,LIFE-003	DEFINITION_INDEXED	function approvalExecutionIdentitySha256(record) {
SUP-0375	custom/mjlfinancement/scripts/rst005_shared_launcher.lib.js:88	JS_FUNCTION	approvalRecordSha256	defines a significant browser or operator-side routine/value	operator-invoked Node.js launcher	filesystem, container, backup, and lifecycle orchestration	LIFE-002,LIFE-003	DEFINITION_INDEXED	function approvalRecordSha256(record) {
SUP-0376	custom/mjlfinancement/scripts/rst005_shared_launcher.lib.js:92	JS_FUNCTION	targetLockPaths	defines a significant browser or operator-side routine/value	operator-invoked Node.js launcher	filesystem, container, backup, and lifecycle orchestration	LIFE-002,LIFE-003	DEFINITION_INDEXED	function targetLockPaths(record) {
SUP-0377	custom/mjlfinancement/scripts/rst005_shared_launcher.lib.js:98	JS_FUNCTION	validateApprovalRecord	defines a significant browser or operator-side routine/value	operator-invoked Node.js launcher	filesystem, container, backup, and lifecycle orchestration	LIFE-002,LIFE-003	DEFINITION_INDEXED	function validateApprovalRecord(record, context = {}) {
SUP-0378	custom/mjlfinancement/scripts/rst005_shared_launcher.lib.js:108	LEXICAL_OPERATION_CANDIDATE	operation@108	lexically indexed operational candidate; surrounding behavior requires manual reconciliation	operator-invoked Node.js launcher	not established by this record	LIFE-002,LIFE-003	DEFINITION_INDEXED	invariant(['rehearse', 'execute', 'rollback'].includes(record.mode), 'Approval mode is invalid.');
SUP-0379	custom/mjlfinancement/scripts/rst005_shared_launcher.lib.js:112	LEXICAL_OPERATION_CANDIDATE	operation@112	lexically indexed operational candidate; surrounding behavior requires manual reconciliation	operator-invoked Node.js launcher	not established by this record	LIFE-002,LIFE-003	DEFINITION_INDEXED	invariant(HEX_40.test(record.approved_commit), 'Approved commit must be an exact SHA-1 object id.');
SUP-0380	custom/mjlfinancement/scripts/rst005_shared_launcher.lib.js:159	LEXICAL_OPERATION_CANDIDATE	operation@159	lexically indexed operational candidate; surrounding behavior requires manual reconciliation	operator-invoked Node.js launcher	not established by this record	LIFE-002,LIFE-003	DEFINITION_INDEXED	? /^\/tmp\/rst005-launcher-execute-rollback-[^/]+\/repository$/.test(record.repository_root)
SUP-0381	custom/mjlfinancement/scripts/rst005_shared_launcher.lib.js:203	JS_FUNCTION	mountAt	defines a significant browser or operator-side routine/value	operator-invoked Node.js launcher	filesystem, container, backup, and lifecycle orchestration	LIFE-002,LIFE-003	DEFINITION_INDEXED	function mountAt(service, target) {
SUP-0382	custom/mjlfinancement/scripts/rst005_shared_launcher.lib.js:209	JS_FUNCTION	verifyComposeTarget	defines a significant browser or operator-side routine/value	operator-invoked Node.js launcher	filesystem, container, backup, and lifecycle orchestration	LIFE-002,LIFE-003	DEFINITION_INDEXED	function verifyComposeTarget(approval, config) {
SUP-0383	custom/mjlfinancement/scripts/rst005_shared_launcher.lib.js:288	JS_FUNCTION	validateStoppedServices	defines a significant browser or operator-side routine/value	operator-invoked Node.js launcher	filesystem, container, backup, and lifecycle orchestration	LIFE-002,LIFE-003	DEFINITION_INDEXED	function validateStoppedServices(services) {
SUP-0384	custom/mjlfinancement/scripts/rst005_shared_launcher.lib.js:293	JS_FUNCTION	buildSharedAuthorization	defines a significant browser or operator-side routine/value	operator-invoked Node.js launcher	filesystem, container, backup, and lifecycle orchestration	LIFE-002,LIFE-003	DEFINITION_INDEXED	function buildSharedAuthorization(approval, mode, evidenceManifestSha256) {
SUP-0385	custom/mjlfinancement/scripts/rst005_shared_launcher.lib.js:294	LEXICAL_OPERATION_CANDIDATE	operation@294	lexically indexed operational candidate; surrounding behavior requires manual reconciliation	operator-invoked Node.js launcher	not established by this record	LIFE-002,LIFE-003	DEFINITION_INDEXED	invariant(approval && ['shared', 'disposable_shared_shape'].includes(approval.target_profile) && ['execute', 'rollback'].includes(approval.mode), 'Shared-path approval is required.');
SUP-0386	custom/mjlfinancement/scripts/rst005_shared_launcher.lib.js:295	LEXICAL_OPERATION_CANDIDATE	operation@295	lexically indexed operational candidate; surrounding behavior requires manual reconciliation	operator-invoked Node.js launcher	not established by this record	LIFE-002,LIFE-003	DEFINITION_INDEXED	invariant(['apply', 'finalize', 'recover', 'rollback'].includes(mode), 'Shared mutation mode is invalid.');
SUP-0387	custom/mjlfinancement/scripts/rst005_shared_launcher.lib.js:296	LEXICAL_OPERATION_CANDIDATE	operation@296	lexically indexed operational candidate; surrounding behavior requires manual reconciliation	operator-invoked Node.js launcher	not established by this record	LIFE-002,LIFE-003	DEFINITION_INDEXED	invariant(approval.mode === 'rollback' ? mode === 'rollback' : mode !== 'rollback', 'Shared authorization mode exceeds approval.');
SUP-0388	custom/mjlfinancement/scripts/rst005_shared_launcher.lib.js:314	JS_FUNCTION	readProtectedFd	defines a significant browser or operator-side routine/value	operator-invoked Node.js launcher	filesystem, container, backup, and lifecycle orchestration	LIFE-002,LIFE-003	DEFINITION_INDEXED	function readProtectedFd(descriptor, label, options = {}) {
SUP-0389	custom/mjlfinancement/scripts/rst005_shared_launcher.lib.js:338	JS_FUNCTION	readProtectedPath	defines a significant browser or operator-side routine/value	operator-invoked Node.js launcher	filesystem, container, backup, and lifecycle orchestration	LIFE-002,LIFE-003	DEFINITION_INDEXED	function readProtectedPath(file, label, options = {}) {
SUP-0390	custom/mjlfinancement/scripts/rst005_shared_launcher.lib.js:362	JS_FUNCTION	verifyInheritedTargetLock	defines a significant browser or operator-side routine/value	operator-invoked Node.js launcher	filesystem, container, backup, and lifecycle orchestration	LIFE-002,LIFE-003	DEFINITION_INDEXED	function verifyInheritedTargetLock(lockPath, options = {}) {
SUP-0391	custom/mjlfinancement/scripts/rst005_shared_launcher.lib.js:380	LEXICAL_OPERATION_CANDIDATE	operation@380	lexically indexed operational candidate; surrounding behavior requires manual reconciliation	operator-invoked Node.js launcher	not established by this record	LIFE-002,LIFE-003	DEFINITION_INDEXED	const contender = spawnSync('/usr/bin/flock', ['--nonblock', lockPath, '/usr/bin/true'], {
SUP-0392	custom/mjlfinancement/scripts/rst005_shared_launcher.lib.js:387	JS_FUNCTION	verifyMutationLeaseAvailable	defines a significant browser or operator-side routine/value	operator-invoked Node.js launcher	filesystem, container, backup, and lifecycle orchestration	LIFE-002,LIFE-003	DEFINITION_INDEXED	function verifyMutationLeaseAvailable(lockPath, options = {}) {
SUP-0393	custom/mjlfinancement/scripts/rst005_shared_launcher.lib.js:393	LEXICAL_OPERATION_CANDIDATE	operation@393	lexically indexed operational candidate; surrounding behavior requires manual reconciliation	operator-invoked Node.js launcher	not established by this record	LIFE-002,LIFE-003	DEFINITION_INDEXED	const probe = spawnSync('/usr/bin/flock', ['--nonblock', lockPath, '/usr/bin/true'], {
SUP-0394	custom/mjlfinancement/scripts/rst005_shared_launcher.lib.js:400	JS_FUNCTION	validateCustodyAncestors	defines a significant browser or operator-side routine/value	operator-invoked Node.js launcher	filesystem, container, backup, and lifecycle orchestration	LIFE-002,LIFE-003	DEFINITION_INDEXED	function validateCustodyAncestors(target, requiredUid = 0) {
SUP-0395	custom/mjlfinancement/scripts/rst005_shared_launcher.lib.js:418	JS_FUNCTION	validateTrafficRecord	defines a significant browser or operator-side routine/value	operator-invoked Node.js launcher	filesystem, container, backup, and lifecycle orchestration	LIFE-002,LIFE-003	DEFINITION_INDEXED	function validateTrafficRecord(record, approval, now = new Date()) {
SUP-0396	custom/mjlfinancement/scripts/rst005_shared_launcher.lib.js:442	JS_FUNCTION	hashFileStreaming	defines a significant browser or operator-side routine/value	operator-invoked Node.js launcher	filesystem, container, backup, and lifecycle orchestration	LIFE-002,LIFE-003	DEFINITION_INDEXED	function hashFileStreaming(file) {
SUP-0397	custom/mjlfinancement/scripts/rst005_shared_launcher.lib.js:459	JS_FUNCTION	digestField	defines a significant browser or operator-side routine/value	operator-invoked Node.js launcher	filesystem, container, backup, and lifecycle orchestration	LIFE-002,LIFE-003	DEFINITION_INDEXED	function digestField(hash, type, value) {
SUP-0398	custom/mjlfinancement/scripts/rst005_shared_launcher.lib.js:466	JS_FUNCTION	protectedTreeEvidence	defines a significant browser or operator-side routine/value	operator-invoked Node.js launcher	filesystem, container, backup, and lifecycle orchestration	LIFE-002,LIFE-003	DEFINITION_INDEXED	function protectedTreeEvidence(repositoryRoot) {
SUP-0399	custom/mjlfinancement/scripts/rst005_shared_launcher.lib.js:471	JS_FUNCTION	add	defines a significant browser or operator-side routine/value	operator-invoked Node.js launcher	filesystem, container, backup, and lifecycle orchestration	LIFE-002,LIFE-003	DEFINITION_INDEXED	const add = (absolute, relative) => {
SUP-0400	custom/mjlfinancement/scripts/rst005_shared_launcher.lib.js:500	JS_FUNCTION	protectedTreeDigest	defines a significant browser or operator-side routine/value	operator-invoked Node.js launcher	filesystem, container, backup, and lifecycle orchestration	LIFE-002,LIFE-003	DEFINITION_INDEXED	function protectedTreeDigest(repositoryRoot) {
SUP-0401	custom/mjlfinancement/scripts/rst005_shared_launcher.lib.js:504	JS_FUNCTION	gitOutput	defines a significant browser or operator-side routine/value	operator-invoked Node.js launcher	filesystem, container, backup, and lifecycle orchestration	LIFE-002,LIFE-003	DEFINITION_INDEXED	function gitOutput(root, arguments_) {
SUP-0402	custom/mjlfinancement/scripts/rst005_shared_launcher.lib.js:505	LEXICAL_OPERATION_CANDIDATE	operation@505	lexically indexed operational candidate; surrounding behavior requires manual reconciliation	operator-invoked Node.js launcher	not established by this record	LIFE-002,LIFE-003	DEFINITION_INDEXED	return execFileSync(GIT, ['-c', `safe.directory=${root}`, ...arguments_], {
SUP-0403	custom/mjlfinancement/scripts/rst005_shared_launcher.lib.js:512	JS_FUNCTION	dockerRuntimeIdentity	defines a significant browser or operator-side routine/value	operator-invoked Node.js launcher	filesystem, container, backup, and lifecycle orchestration	LIFE-002,LIFE-003	DEFINITION_INDEXED	function dockerRuntimeIdentity(options = {}) {
SUP-0404	custom/mjlfinancement/scripts/rst005_shared_launcher.lib.js:513	JS_FUNCTION	output	defines a significant browser or operator-side routine/value	operator-invoked Node.js launcher	filesystem, container, backup, and lifecycle orchestration	LIFE-002,LIFE-003	DEFINITION_INDEXED	const output = (args) => execFileSync(DOCKER, args, { encoding: 'utf8', env: sanitizedRuntimeEnvironment(), stdio: ['ignore', 'pipe', 'pipe'] }).trim();
SUP-0405	custom/mjlfinancement/scripts/rst005_shared_launcher.lib.js:513	LEXICAL_OPERATION_CANDIDATE	operation@513	lexically indexed operational candidate; surrounding behavior requires manual reconciliation	operator-invoked Node.js launcher	not established by this record	LIFE-002,LIFE-003	DEFINITION_INDEXED	const output = (args) => execFileSync(DOCKER, args, { encoding: 'utf8', env: sanitizedRuntimeEnvironment(), stdio: ['ignore', 'pipe', 'pipe'] }).trim();
SUP-0406	custom/mjlfinancement/scripts/rst005_shared_launcher.lib.js:519	JS_FUNCTION	tool	defines a significant browser or operator-side routine/value	operator-invoked Node.js launcher	filesystem, container, backup, and lifecycle orchestration	LIFE-002,LIFE-003	DEFINITION_INDEXED	const tool = (executable, args) => Object.freeze({
SUP-0407	custom/mjlfinancement/scripts/rst005_shared_launcher.lib.js:522	LEXICAL_OPERATION_CANDIDATE	operation@522	lexically indexed operational candidate; surrounding behavior requires manual reconciliation	operator-invoked Node.js launcher	not established by this record	LIFE-002,LIFE-003	DEFINITION_INDEXED	version: execFileSync(executable, args, { encoding: 'utf8', env: sanitizedRuntimeEnvironment(), stdio: ['ignore', 'pipe', 'pipe'] }).trim().split('\n')[0],
SUP-0408	custom/mjlfinancement/scripts/rst005_shared_launcher.lib.js:545	JS_FUNCTION	sanitizedRuntimeEnvironment	defines a significant browser or operator-side routine/value	operator-invoked Node.js launcher	filesystem, container, backup, and lifecycle orchestration	LIFE-002,LIFE-003	DEFINITION_INDEXED	function sanitizedRuntimeEnvironment(source = process.env, targetKind = 'shared') {
SUP-0409	custom/mjlfinancement/scripts/rst005_shared_launcher.lib.js:563	JS_FUNCTION	verifyDockerRuntimeBinding	defines a significant browser or operator-side routine/value	operator-invoked Node.js launcher	filesystem, container, backup, and lifecycle orchestration	LIFE-002,LIFE-003	DEFINITION_INDEXED	function verifyDockerRuntimeBinding(approval) {
SUP-0410	custom/mjlfinancement/scripts/rst005_shared_launcher.lib.js:569	JS_FUNCTION	verifyRepositoryBinding	defines a significant browser or operator-side routine/value	operator-invoked Node.js launcher	filesystem, container, backup, and lifecycle orchestration	LIFE-002,LIFE-003	DEFINITION_INDEXED	function verifyRepositoryBinding(approval) {
SUP-0411	custom/mjlfinancement/scripts/rst005_shared_launcher.lib.js:572	LEXICAL_OPERATION_CANDIDATE	operation@572	lexically indexed operational candidate; surrounding behavior requires manual reconciliation	operator-invoked Node.js launcher	not established by this record	LIFE-002,LIFE-003	DEFINITION_INDEXED	const commit = gitOutput(root, ['rev-parse', '--verify', 'HEAD']);
SUP-0412	custom/mjlfinancement/scripts/rst005_shared_launcher.lib.js:573	LEXICAL_OPERATION_CANDIDATE	operation@573	lexically indexed operational candidate; surrounding behavior requires manual reconciliation	operator-invoked Node.js launcher	not established by this record	LIFE-002,LIFE-003	DEFINITION_INDEXED	invariant(commit === approval.approved_commit, 'Repository HEAD does not match the approved commit.');
SUP-0413	custom/mjlfinancement/scripts/rst005_shared_launcher.lib.js:580	LEXICAL_OPERATION_CANDIDATE	operation@580	lexically indexed operational candidate; surrounding behavior requires manual reconciliation	operator-invoked Node.js launcher	not established by this record	LIFE-002,LIFE-003	DEFINITION_INDEXED	return Object.freeze({ commit, completeTreeSha256 });
SUP-0414	custom/mjlfinancement/scripts/rst005_shared_operation.lib.js:1	TOP_LEVEL_SCRIPT	<file>	orchestrates guarded reset/bootstrap lifecycle operations	operator-invoked Node.js launcher	filesystem, container, backup, and lifecycle orchestration	LIFE-002,LIFE-003	DEFINITION_INDEXED	'use strict';
SUP-0415	custom/mjlfinancement/scripts/rst005_shared_operation.lib.js:10	JS_CONSTANT	DOCKER	defines a significant browser or operator-side routine/value	operator-invoked Node.js launcher	filesystem, container, backup, and lifecycle orchestration	LIFE-002,LIFE-003	DEFINITION_INDEXED	const DOCKER = '/usr/bin/docker';
SUP-0416	custom/mjlfinancement/scripts/rst005_shared_operation.lib.js:11	JS_FUNCTION	isSharedPath	defines a significant browser or operator-side routine/value	operator-invoked Node.js launcher	filesystem, container, backup, and lifecycle orchestration	LIFE-002,LIFE-003	DEFINITION_INDEXED	const isSharedPath = (approval) => ['shared', 'disposable_shared_shape'].includes(approval.target_profile);
SUP-0417	custom/mjlfinancement/scripts/rst005_shared_operation.lib.js:12	JS_FUNCTION	isDisposable	defines a significant browser or operator-side routine/value	operator-invoked Node.js launcher	filesystem, container, backup, and lifecycle orchestration	LIFE-002,LIFE-003	DEFINITION_INDEXED	const isDisposable = (approval) => approval.target_profile === 'disposable';
SUP-0418	custom/mjlfinancement/scripts/rst005_shared_operation.lib.js:14	JS_FUNCTION	allwrite	defines a significant browser or operator-side routine/value	operator-invoked Node.js launcher	filesystem, container, backup, and lifecycle orchestration	LIFE-002,LIFE-003	DEFINITION_INDEXED	const encryptScript = String.raw`function allwrite($h,$v){$o=0;$n=strlen($v);while($o<$n){$w=fwrite($h,substr($v,$o));if($w===false||$w===0)exit(90);$o+=$w;}}$key=stream_get_contents(fopen('php://fd/3','rb'));if(strlen($key)!==SODIUM_CRYPTO_SECRETSTREAM_XCHACHA20POLY1305_KEYBYTES)exit(91);[$state,$header]=sodium_crypto_secretstream_xchacha20poly1305_init_push($key);allwrite(STDOUT,$header);while(!feof(STDIN)){$plain=
SUP-0419	custom/mjlfinancement/scripts/rst005_shared_operation.lib.js:15	JS_FUNCTION	exact	defines a significant browser or operator-side routine/value	operator-invoked Node.js launcher	filesystem, container, backup, and lifecycle orchestration	LIFE-002,LIFE-003	DEFINITION_INDEXED	const decryptScript = String.raw`function exact($h,$n){$v='';while(strlen($v)<$n&&!feof($h)){$c=fread($h,$n-strlen($v));if($c===false)exit(92);$v.=$c;}return strlen($v)===$n?$v:false;}function allwrite($h,$v){$o=0;$n=strlen($v);while($o<$n){$w=fwrite($h,substr($v,$o));if($w===false||$w===0)exit(90);$o+=$w;}}$key=stream_get_contents(fopen('php://fd/3','rb'));$header=exact(STDIN,SODIUM_CRYPTO_SECRETSTREAM_XCHACHA20POLY
SUP-0420	custom/mjlfinancement/scripts/rst005_shared_operation.lib.js:17	JS_FUNCTION	invariant	defines a significant browser or operator-side routine/value	operator-invoked Node.js launcher	filesystem, container, backup, and lifecycle orchestration	LIFE-002,LIFE-003	DEFINITION_INDEXED	function invariant(condition, message) {
SUP-0421	custom/mjlfinancement/scripts/rst005_shared_operation.lib.js:21	JS_FUNCTION	isolatedRestoreNames	defines a significant browser or operator-side routine/value	operator-invoked Node.js launcher	filesystem, container, backup, and lifecycle orchestration	LIFE-002,LIFE-003	DEFINITION_INDEXED	function isolatedRestoreNames(nonce) {
SUP-0422	custom/mjlfinancement/scripts/rst005_shared_operation.lib.js:33	JS_FUNCTION	sha256File	defines a significant browser or operator-side routine/value	operator-invoked Node.js launcher	filesystem, container, backup, and lifecycle orchestration	LIFE-002,LIFE-003	DEFINITION_INDEXED	function sha256File(file) {
SUP-0423	custom/mjlfinancement/scripts/rst005_shared_operation.lib.js:50	JS_FUNCTION	moduleTreeSha	defines a significant browser or operator-side routine/value	operator-invoked Node.js launcher	filesystem, container, backup, and lifecycle orchestration	LIFE-002,LIFE-003	DEFINITION_INDEXED	function moduleTreeSha(root) {
SUP-0424	custom/mjlfinancement/scripts/rst005_shared_operation.lib.js:52	JS_FUNCTION	visit	defines a significant browser or operator-side routine/value	operator-invoked Node.js launcher	filesystem, container, backup, and lifecycle orchestration	LIFE-002,LIFE-003	DEFINITION_INDEXED	const visit = (directory) => {
SUP-0425	custom/mjlfinancement/scripts/rst005_shared_operation.lib.js:66	JS_FUNCTION	custodyDirectory	defines a significant browser or operator-side routine/value	operator-invoked Node.js launcher	filesystem, container, backup, and lifecycle orchestration	LIFE-002,LIFE-003	DEFINITION_INDEXED	function custodyDirectory(root, allowExisting) {
SUP-0426	custom/mjlfinancement/scripts/rst005_shared_operation.lib.js:75	JS_FUNCTION	writeProtectedJson	defines a significant browser or operator-side routine/value	operator-invoked Node.js launcher	filesystem, container, backup, and lifecycle orchestration	LIFE-002,LIFE-003	DEFINITION_INDEXED	function writeProtectedJson(file, value) {
SUP-0427	custom/mjlfinancement/scripts/rst005_shared_operation.lib.js:82	LEXICAL_OPERATION_CANDIDATE	operation@82	lexically indexed operational candidate; surrounding behavior requires manual reconciliation	operator-invoked Node.js launcher	not established by this record	LIFE-002,LIFE-003	DEFINITION_INDEXED	fs.writeFileSync(file, bytes, { mode: 0o600, flag: fs.existsSync(file) ? 'w' : 'wx' });
SUP-0428	custom/mjlfinancement/scripts/rst005_shared_operation.lib.js:87	JS_FUNCTION	writeImmutableJson	defines a significant browser or operator-side routine/value	operator-invoked Node.js launcher	filesystem, container, backup, and lifecycle orchestration	LIFE-002,LIFE-003	DEFINITION_INDEXED	function writeImmutableJson(file, value) {
SUP-0429	custom/mjlfinancement/scripts/rst005_shared_operation.lib.js:103	LEXICAL_OPERATION_CANDIDATE	operation@103	lexically indexed operational candidate; surrounding behavior requires manual reconciliation	operator-invoked Node.js launcher	not established by this record	LIFE-002,LIFE-003	DEFINITION_INDEXED	fs.renameSync(temporaryPath, file);
SUP-0430	custom/mjlfinancement/scripts/rst005_shared_operation.lib.js:107	LEXICAL_OPERATION_CANDIDATE	operation@107	lexically indexed operational candidate; surrounding behavior requires manual reconciliation	operator-invoked Node.js launcher	not established by this record	LIFE-002,LIFE-003	DEFINITION_INDEXED	try { fs.unlinkSync(temporaryPath); } catch (_) {}
SUP-0431	custom/mjlfinancement/scripts/rst005_shared_operation.lib.js:113	JS_FUNCTION	durableRecordName	defines a significant browser or operator-side routine/value	operator-invoked Node.js launcher	filesystem, container, backup, and lifecycle orchestration	LIFE-002,LIFE-003	DEFINITION_INDEXED	function durableRecordName(sequence, kind, sha256) {
SUP-0432	custom/mjlfinancement/scripts/rst005_shared_operation.lib.js:120	JS_FUNCTION	fsyncDirectory	defines a significant browser or operator-side routine/value	operator-invoked Node.js launcher	filesystem, container, backup, and lifecycle orchestration	LIFE-002,LIFE-003	DEFINITION_INDEXED	function fsyncDirectory(directory) {
SUP-0433	custom/mjlfinancement/scripts/rst005_shared_operation.lib.js:125	JS_FUNCTION	writeDurableRecord	defines a significant browser or operator-side routine/value	operator-invoked Node.js launcher	filesystem, container, backup, and lifecycle orchestration	LIFE-002,LIFE-003	DEFINITION_INDEXED	function writeDurableRecord(root, input, options = {}) {
SUP-0434	custom/mjlfinancement/scripts/rst005_shared_operation.lib.js:167	LEXICAL_OPERATION_CANDIDATE	operation@167	lexically indexed operational candidate; surrounding behavior requires manual reconciliation	operator-invoked Node.js launcher	not established by this record	LIFE-002,LIFE-003	DEFINITION_INDEXED	fs.renameSync(temporaryPath, finalPath);
SUP-0435	custom/mjlfinancement/scripts/rst005_shared_operation.lib.js:171	LEXICAL_OPERATION_CANDIDATE	operation@171	lexically indexed operational candidate; surrounding behavior requires manual reconciliation	operator-invoked Node.js launcher	not established by this record	LIFE-002,LIFE-003	DEFINITION_INDEXED	try { fs.unlinkSync(temporaryPath); } catch (_) {}
SUP-0436	custom/mjlfinancement/scripts/rst005_shared_operation.lib.js:179	JS_FUNCTION	durableRecordChain	defines a significant browser or operator-side routine/value	operator-invoked Node.js launcher	filesystem, container, backup, and lifecycle orchestration	LIFE-002,LIFE-003	DEFINITION_INDEXED	function durableRecordChain(root, binding, options = {}) {
SUP-0437	custom/mjlfinancement/scripts/rst005_shared_operation.lib.js:213	LEXICAL_OPERATION_CANDIDATE	operation@213	lexically indexed operational candidate; surrounding behavior requires manual reconciliation	operator-invoked Node.js launcher	not established by this record	LIFE-002,LIFE-003	DEFINITION_INDEXED	'checkpoint-before-finalize': ['checkpoint-before-rehearsal-rollback', 'completed-report', 'manifest-recovery'],
SUP-0438	custom/mjlfinancement/scripts/rst005_shared_operation.lib.js:214	LEXICAL_OPERATION_CANDIDATE	operation@214	lexically indexed operational candidate; surrounding behavior requires manual reconciliation	operator-invoked Node.js launcher	not established by this record	LIFE-002,LIFE-003	DEFINITION_INDEXED	'checkpoint-before-rehearsal-rollback': ['completed-report'],
SUP-0439	custom/mjlfinancement/scripts/rst005_shared_operation.lib.js:215	LEXICAL_OPERATION_CANDIDATE	operation@215	lexically indexed operational candidate; surrounding behavior requires manual reconciliation	operator-invoked Node.js launcher	not established by this record	LIFE-002,LIFE-003	DEFINITION_INDEXED	'completed-report': ['checkpoint-before-approved-rollback'],
SUP-0440	custom/mjlfinancement/scripts/rst005_shared_operation.lib.js:216	LEXICAL_OPERATION_CANDIDATE	operation@216	lexically indexed operational candidate; surrounding behavior requires manual reconciliation	operator-invoked Node.js launcher	not established by this record	LIFE-002,LIFE-003	DEFINITION_INDEXED	'checkpoint-before-approved-rollback': ['completed-rollback-report'],
SUP-0441	custom/mjlfinancement/scripts/rst005_shared_operation.lib.js:220	LEXICAL_OPERATION_CANDIDATE	operation@220	lexically indexed operational candidate; surrounding behavior requires manual reconciliation	operator-invoked Node.js launcher	not established by this record	LIFE-002,LIFE-003	DEFINITION_INDEXED	'completed-rollback-report': [],
SUP-0442	custom/mjlfinancement/scripts/rst005_shared_operation.lib.js:232	JS_FUNCTION	classifyDatabaseTruth	defines a significant browser or operator-side routine/value	operator-invoked Node.js launcher	filesystem, container, backup, and lifecycle orchestration	LIFE-002,LIFE-003	DEFINITION_INDEXED	function classifyDatabaseTruth(evidence) {
SUP-0443	custom/mjlfinancement/scripts/rst005_shared_operation.lib.js:243	JS_FUNCTION	composeBase	defines a significant browser or operator-side routine/value	operator-invoked Node.js launcher	filesystem, container, backup, and lifecycle orchestration	LIFE-002,LIFE-003	DEFINITION_INDEXED	function composeBase(approval, runtimeRoot = approval.repository_root) {
SUP-0444	custom/mjlfinancement/scripts/rst005_shared_operation.lib.js:249	JS_FUNCTION	parseEnvironmentEntries	defines a significant browser or operator-side routine/value	operator-invoked Node.js launcher	filesystem, container, backup, and lifecycle orchestration	LIFE-002,LIFE-003	DEFINITION_INDEXED	function parseEnvironmentEntries(entries) {
SUP-0445	custom/mjlfinancement/scripts/rst005_shared_operation.lib.js:259	JS_FUNCTION	approvedOneOffEnvironment	defines a significant browser or operator-side routine/value	operator-invoked Node.js launcher	filesystem, container, backup, and lifecycle orchestration	LIFE-002,LIFE-003	DEFINITION_INDEXED	async function approvedOneOffEnvironment(approval, runtimeRoot, runtimeEnvironment, signal) {
SUP-0446	custom/mjlfinancement/scripts/rst005_shared_operation.lib.js:271	JS_FUNCTION	runApprovedOneOff	defines a significant browser or operator-side routine/value	operator-invoked Node.js launcher	filesystem, container, backup, and lifecycle orchestration	LIFE-002,LIFE-003	DEFINITION_INDEXED	async function runApprovedOneOff(options) {
SUP-0447	custom/mjlfinancement/scripts/rst005_shared_operation.lib.js:329	JS_FUNCTION	composeResourceEvidence	defines a significant browser or operator-side routine/value	operator-invoked Node.js launcher	filesystem, container, backup, and lifecycle orchestration	LIFE-002,LIFE-003	DEFINITION_INDEXED	async function composeResourceEvidence(approval, runtimeRoot = approval.repository_root, runtimeEnvironment = process.env) {
SUP-0448	custom/mjlfinancement/scripts/rst005_shared_operation.lib.js:330	JS_FUNCTION	output	defines a significant browser or operator-side routine/value	operator-invoked Node.js launcher	filesystem, container, backup, and lifecycle orchestration	LIFE-002,LIFE-003	DEFINITION_INDEXED	const output = async (args) => (await runCommand(DOCKER, args, { label: 'RST-005 Compose resource evidence', env: runtimeEnvironment })).toString('utf8').trim();
SUP-0449	custom/mjlfinancement/scripts/rst005_shared_operation.lib.js:334	JS_FUNCTION	inspect	defines a significant browser or operator-side routine/value	operator-invoked Node.js launcher	filesystem, container, backup, and lifecycle orchestration	LIFE-002,LIFE-003	DEFINITION_INDEXED	const inspect = async (kind, identities) => identities.length === 0 ? [] : JSON.parse(await output([kind, 'inspect', ...identities]));
SUP-0450	custom/mjlfinancement/scripts/rst005_shared_operation.lib.js:352	JS_FUNCTION	hostMountRelation	defines a significant browser or operator-side routine/value	operator-invoked Node.js launcher	filesystem, container, backup, and lifecycle orchestration	LIFE-002,LIFE-003	DEFINITION_INDEXED	async function hostMountRelation(approval, candidate, runtimeEnvironment, signal) {
SUP-0451	custom/mjlfinancement/scripts/rst005_shared_operation.lib.js:379	JS_FUNCTION	overlaps	defines a significant browser or operator-side routine/value	operator-invoked Node.js launcher	filesystem, container, backup, and lifecycle orchestration	LIFE-002,LIFE-003	DEFINITION_INDEXED	const overlaps = (left, right) => left === right || left.startsWith(`${right}/`) || right.startsWith(`${left}/`);
SUP-0452	custom/mjlfinancement/scripts/rst005_shared_operation.lib.js:391	JS_FUNCTION	copyTreeNoFollow	defines a significant browser or operator-side routine/value	operator-invoked Node.js launcher	filesystem, container, backup, and lifecycle orchestration	LIFE-002,LIFE-003	DEFINITION_INDEXED	function copyTreeNoFollow(source, destination) {
SUP-0453	custom/mjlfinancement/scripts/rst005_shared_operation.lib.js:430	JS_FUNCTION	runtimeSnapshot	defines a significant browser or operator-side routine/value	operator-invoked Node.js launcher	filesystem, container, backup, and lifecycle orchestration	LIFE-002,LIFE-003	DEFINITION_INDEXED	function runtimeSnapshot(approval, create, onStage = () => {}, runtimeEnvironment = {}) {
SUP-0454	custom/mjlfinancement/scripts/rst005_shared_operation.lib.js:464	JS_FUNCTION	changedEvidenceKeys	defines a significant browser or operator-side routine/value	operator-invoked Node.js launcher	filesystem, container, backup, and lifecycle orchestration	LIFE-002,LIFE-003	DEFINITION_INDEXED	function changedEvidenceKeys(before, after, field) {
SUP-0455	custom/mjlfinancement/scripts/rst005_shared_operation.lib.js:470	JS_FUNCTION	assertExclusiveDatabaseBoundary	defines a significant browser or operator-side routine/value	operator-invoked Node.js launcher	filesystem, container, backup, and lifecycle orchestration	LIFE-002,LIFE-003	DEFINITION_INDEXED	async function assertExclusiveDatabaseBoundary(approval, runtimeRoot, runtimeEnvironment, signal) {
SUP-0456	custom/mjlfinancement/scripts/rst005_shared_operation.lib.js:471	JS_FUNCTION	compose	defines a significant browser or operator-side routine/value	operator-invoked Node.js launcher	filesystem, container, backup, and lifecycle orchestration	LIFE-002,LIFE-003	DEFINITION_INDEXED	const compose = (tail) => runCommand(DOCKER, [...composeBase(approval, runtimeRoot), ...tail], { cwd: approval.repository_root, env: runtimeEnvironment, signal, label: 'RST-005 exclusive database boundary' });
SUP-0457	custom/mjlfinancement/scripts/rst005_shared_operation.lib.js:504	JS_FUNCTION	overlaps	defines a significant browser or operator-side routine/value	operator-invoked Node.js launcher	filesystem, container, backup, and lifecycle orchestration	LIFE-002,LIFE-003	DEFINITION_INDEXED	const overlaps = (left, right) => left === right || left.startsWith(`${right}${path.sep}`) || right.startsWith(`${left}${path.sep}`);
SUP-0458	custom/mjlfinancement/scripts/rst005_shared_operation.lib.js:539	JS_FUNCTION	retainedActivityEvidence	defines a significant browser or operator-side routine/value	operator-invoked Node.js launcher	filesystem, container, backup, and lifecycle orchestration	LIFE-002,LIFE-003	DEFINITION_INDEXED	function retainedActivityEvidence(snapshot, schema) {
SUP-0459	custom/mjlfinancement/scripts/rst005_shared_operation.lib.js:568	JS_FUNCTION	recoveryCheckpoint	defines a significant browser or operator-side routine/value	operator-invoked Node.js launcher	filesystem, container, backup, and lifecycle orchestration	LIFE-002,LIFE-003	DEFINITION_INDEXED	function recoveryCheckpoint(approval, state, manifestSha256, sourceSha256, before, preflight, composeResources, previousSha256 = null) {
SUP-0460	custom/mjlfinancement/scripts/rst005_shared_operation.lib.js:598	JS_FUNCTION	validateRecoveryCheckpoint	defines a significant browser or operator-side routine/value	operator-invoked Node.js launcher	filesystem, container, backup, and lifecycle orchestration	LIFE-002,LIFE-003	DEFINITION_INDEXED	function validateRecoveryCheckpoint(checkpoint, approval, manifestSha256, sourceSha256, expectedState, previousSha256) {
SUP-0461	custom/mjlfinancement/scripts/rst005_shared_operation.lib.js:623	JS_FUNCTION	runRst005Operation	defines a significant browser or operator-side routine/value	operator-invoked Node.js launcher	filesystem, container, backup, and lifecycle orchestration	LIFE-002,LIFE-003	DEFINITION_INDEXED	async function runRst005Operation(options) {
SUP-0462	custom/mjlfinancement/scripts/rst005_shared_operation.lib.js:636	JS_FUNCTION	throwIfAborted	defines a significant browser or operator-side routine/value	operator-invoked Node.js launcher	filesystem, container, backup, and lifecycle orchestration	LIFE-002,LIFE-003	DEFINITION_INDEXED	const throwIfAborted = () => { if (signal) signal.throwIfAborted(); };
SUP-0463	custom/mjlfinancement/scripts/rst005_shared_operation.lib.js:637	JS_FUNCTION	compose	defines a significant browser or operator-side routine/value	operator-invoked Node.js launcher	filesystem, container, backup, and lifecycle orchestration	LIFE-002,LIFE-003	DEFINITION_INDEXED	const compose = (tail, commandOptions = {}) => runCommand(DOCKER, [...composeBase(approval, runtimeRoot), ...tail], { cwd: approval.repository_root, env: runtimeEnvironment, label: commandOptions.label || 'RST-005 Compose command', input: commandOptions.input, signal: commandOptions.cleanup ? undefined : signal });
SUP-0464	custom/mjlfinancement/scripts/rst005_shared_operation.lib.js:638	JS_FUNCTION	requireLiveBinding	defines a significant browser or operator-side routine/value	operator-invoked Node.js launcher	filesystem, container, backup, and lifecycle orchestration	LIFE-002,LIFE-003	DEFINITION_INDEXED	const requireLiveBinding = async () => {
SUP-0465	custom/mjlfinancement/scripts/rst005_shared_operation.lib.js:662	JS_FUNCTION	persistRecord	defines a significant browser or operator-side routine/value	operator-invoked Node.js launcher	filesystem, container, backup, and lifecycle orchestration	LIFE-002,LIFE-003	DEFINITION_INDEXED	const persistRecord = (kind, payload) => {
SUP-0466	custom/mjlfinancement/scripts/rst005_shared_operation.lib.js:672	JS_FUNCTION	phpRun	defines a significant browser or operator-side routine/value	operator-invoked Node.js launcher	filesystem, container, backup, and lifecycle orchestration	LIFE-002,LIFE-003	DEFINITION_INDEXED	const phpRun = async (script, args = [], environment = [], extraVolumes = [], mutation = false) => {
SUP-0467	custom/mjlfinancement/scripts/rst005_shared_operation.lib.js:685	JS_FUNCTION	parseJsonEvidence	defines a significant browser or operator-side routine/value	operator-invoked Node.js launcher	filesystem, container, backup, and lifecycle orchestration	LIFE-002,LIFE-003	DEFINITION_INDEXED	const parseJsonEvidence = (bytes, stage) => {
SUP-0468	custom/mjlfinancement/scripts/rst005_shared_operation.lib.js:688	JS_FUNCTION	captureEvidence	defines a significant browser or operator-side routine/value	operator-invoked Node.js launcher	filesystem, container, backup, and lifecycle orchestration	LIFE-002,LIFE-003	DEFINITION_INDEXED	const captureEvidence = async () => parseJsonEvidence(await phpRun('/opt/mjl-tests/fixtures/database-evidence.php'), 217);
SUP-0469	custom/mjlfinancement/scripts/rst005_shared_operation.lib.js:689	JS_FUNCTION	runMigration	defines a significant browser or operator-side routine/value	operator-invoked Node.js launcher	filesystem, container, backup, and lifecycle orchestration	LIFE-002,LIFE-003	DEFINITION_INDEXED	const runMigration = async (mode, manifestPath, manifestSha256, authorizationMode = mode) => {
SUP-0470	custom/mjlfinancement/scripts/rst005_shared_operation.lib.js:692	LEXICAL_OPERATION_CANDIDATE	operation@692	lexically indexed operational candidate; surrounding behavior requires manual reconciliation	operator-invoked Node.js launcher	not established by this record	LIFE-002,LIFE-003	DEFINITION_INDEXED	if (isSharedPath(approval) && ['apply', 'finalize', 'rollback'].includes(mode)) {
SUP-0471	custom/mjlfinancement/scripts/rst005_shared_operation.lib.js:699	LEXICAL_OPERATION_CANDIDATE	operation@699	lexically indexed operational candidate; surrounding behavior requires manual reconciliation	operator-invoked Node.js launcher	not established by this record	LIFE-002,LIFE-003	DEFINITION_INDEXED	if (['apply', 'finalize', 'rollback'].includes(mode)) {
SUP-0472	custom/mjlfinancement/scripts/rst005_shared_operation.lib.js:703	LEXICAL_OPERATION_CANDIDATE	operation@703	lexically indexed operational candidate; surrounding behavior requires manual reconciliation	operator-invoked Node.js launcher	not established by this record	LIFE-002,LIFE-003	DEFINITION_INDEXED	const output = await phpRun('/var/www/html/custom/mjlfinancement/scripts/rst005_activity_foundation.php', args, environment, volumes, ['apply', 'finalize', 'rollback'].includes(mode));
SUP-0473	custom/mjlfinancement/scripts/rst005_shared_operation.lib.js:736	JS_FUNCTION	artifact	defines a significant browser or operator-side routine/value	operator-invoked Node.js launcher	filesystem, container, backup, and lifecycle orchestration	LIFE-002,LIFE-003	DEFINITION_INDEXED	const artifact = (host, encrypted) => ({
SUP-0474	custom/mjlfinancement/scripts/rst005_shared_operation.lib.js:830	LEXICAL_OPERATION_CANDIDATE	operation@830	lexically indexed operational candidate; surrounding behavior requires manual reconciliation	operator-invoked Node.js launcher	not established by this record	LIFE-002,LIFE-003	DEFINITION_INDEXED	let rollback = null;
SUP-0475	custom/mjlfinancement/scripts/rst005_shared_operation.lib.js:834	LEXICAL_OPERATION_CANDIDATE	operation@834	lexically indexed operational candidate; surrounding behavior requires manual reconciliation	operator-invoked Node.js launcher	not established by this record	LIFE-002,LIFE-003	DEFINITION_INDEXED	persistRecord('checkpoint-before-rehearsal-rollback', recoveryCheckpoint(approval, 'ready_to_rehearsal_rollback', manifestSha256, sourceSha256, before, preflight, composeBefore, recordTail));
SUP-0476	custom/mjlfinancement/scripts/rst005_shared_operation.lib.js:837	LEXICAL_OPERATION_CANDIDATE	operation@837	lexically indexed operational candidate; surrounding behavior requires manual reconciliation	operator-invoked Node.js launcher	not established by this record	LIFE-002,LIFE-003	DEFINITION_INDEXED	await runMigration('rollback', manifestHost, manifestSha256);
SUP-0477	custom/mjlfinancement/scripts/rst005_shared_operation.lib.js:839	LEXICAL_OPERATION_CANDIDATE	operation@839	lexically indexed operational candidate; surrounding behavior requires manual reconciliation	operator-invoked Node.js launcher	not established by this record	LIFE-002,LIFE-003	DEFINITION_INDEXED	rollback = await captureEvidence();
SUP-0478	custom/mjlfinancement/scripts/rst005_shared_operation.lib.js:840	LEXICAL_OPERATION_CANDIDATE	operation@840	lexically indexed operational candidate; surrounding behavior requires manual reconciliation	operator-invoked Node.js launcher	not established by this record	LIFE-002,LIFE-003	DEFINITION_INDEXED	invariant(rollbackPreflight.protected_tables_sha256 === verified.protected_tables_sha256, 'Containment rollback changed the protected database projection.');
SUP-0479	custom/mjlfinancement/scripts/rst005_shared_operation.lib.js:841	LEXICAL_OPERATION_CANDIDATE	operation@841	lexically indexed operational candidate; surrounding behavior requires manual reconciliation	operator-invoked Node.js launcher	not established by this record	LIFE-002,LIFE-003	DEFINITION_INDEXED	for (const field of ['documents_sha256', 'ecm_sha256', 'admin_sha256']) invariant(rollback[field] === before[field], `Containment rollback changed ${field}.`);
SUP-0480	custom/mjlfinancement/scripts/rst005_shared_operation.lib.js:842	LEXICAL_OPERATION_CANDIDATE	operation@842	lexically indexed operational candidate; surrounding behavior requires manual reconciliation	operator-invoked Node.js launcher	not established by this record	LIFE-002,LIFE-003	DEFINITION_INDEXED	invariant(rollback.business_counts.activities === 0 && rollback.business_counts.audit_events === before.business_counts.audit_events, 'Containment rollback created business or audit rows.');
SUP-0481	custom/mjlfinancement/scripts/rst005_shared_operation.lib.js:843	LEXICAL_OPERATION_CANDIDATE	operation@843	lexically indexed operational candidate; surrounding behavior requires manual reconciliation	operator-invoked Node.js launcher	not established by this record	LIFE-002,LIFE-003	DEFINITION_INDEXED	rollbackTableDelta = changedEvidenceKeys(before, rollback, 'restorable_table_sha256');
SUP-0482	custom/mjlfinancement/scripts/rst005_shared_operation.lib.js:844	LEXICAL_OPERATION_CANDIDATE	operation@844	lexically indexed operational candidate; surrounding behavior requires manual reconciliation	operator-invoked Node.js launcher	not established by this record	LIFE-002,LIFE-003	DEFINITION_INDEXED	rollbackSchemaObjectDelta = changedEvidenceKeys(before, rollback, 'restorable_schema_object_sha256');
SUP-0483	custom/mjlfinancement/scripts/rst005_shared_operation.lib.js:847	LEXICAL_OPERATION_CANDIDATE	operation@847	lexically indexed operational candidate; surrounding behavior requires manual reconciliation	operator-invoked Node.js launcher	not established by this record	LIFE-002,LIFE-003	DEFINITION_INDEXED	&& rollback.module_metadata_sha256 === finalized.module_metadata_sha256,
SUP-0484	custom/mjlfinancement/scripts/rst005_shared_operation.lib.js:848	LEXICAL_OPERATION_CANDIDATE	operation@848	lexically indexed operational candidate; surrounding behavior requires manual reconciliation	operator-invoked Node.js launcher	not established by this record	LIFE-002,LIFE-003	DEFINITION_INDEXED	'Containment rollback exceeded the retained target module metadata while restoring the complete Phase 1 Activity schema.');
SUP-0485	custom/mjlfinancement/scripts/rst005_shared_operation.lib.js:870	LEXICAL_OPERATION_CANDIDATE	operation@870	lexically indexed operational candidate; surrounding behavior requires manual reconciliation	operator-invoked Node.js launcher	not established by this record	LIFE-002,LIFE-003	DEFINITION_INDEXED	rollback: rollback ? retainedActivityEvidence(rollback, 'phase1') : null,
SUP-0486	custom/mjlfinancement/scripts/rst005_shared_operation.lib.js:874	LEXICAL_OPERATION_CANDIDATE	operation@874	lexically indexed operational candidate; surrounding behavior requires manual reconciliation	operator-invoked Node.js launcher	not established by this record	LIFE-002,LIFE-003	DEFINITION_INDEXED	rollback: rollback ? { database_sha256: rollback.database_sha256, documents_sha256: rollback.documents_sha256, ecm_sha256: rollback.ecm_sha256, admin_sha256: rollback.admin_sha256, module_metadata_sha256: rollback.module_metadata_sha256, business_counts: rollback.business_counts, compose_resources: composeAfter } : null,
SUP-0487	custom/mjlfinancement/scripts/rst005_shared_operation.lib.js:886	JS_FUNCTION	runRst005Recover	defines a significant browser or operator-side routine/value	operator-invoked Node.js launcher	filesystem, container, backup, and lifecycle orchestration	LIFE-002,LIFE-003	DEFINITION_INDEXED	async function runRst005Recover(options) {
SUP-0488	custom/mjlfinancement/scripts/rst005_shared_operation.lib.js:899	LEXICAL_OPERATION_CANDIDATE	operation@899	lexically indexed operational candidate; surrounding behavior requires manual reconciliation	operator-invoked Node.js launcher	not established by this record	LIFE-002,LIFE-003	DEFINITION_INDEXED	for (const [fileName, kind] of [['rst005-launcher-report.json', 'completed-report'], ['rst005-recovery-report.json', 'completed-recovery-report'], ['rst005-rollback-report.json', 'completed-rollback-report']]) {
SUP-0489	custom/mjlfinancement/scripts/rst005_shared_operation.lib.js:906	LEXICAL_OPERATION_CANDIDATE	operation@906	lexically indexed operational candidate; surrounding behavior requires manual reconciliation	operator-invoked Node.js launcher	not established by this record	LIFE-002,LIFE-003	DEFINITION_INDEXED	invariant(!chain.some((record) => ['completed-report', 'completed-recovery-report', 'completed-rollback-report'].includes(record.kind)), 'Recovery is disabled after a durable completed report.');
SUP-0490	custom/mjlfinancement/scripts/rst005_shared_operation.lib.js:925	LEXICAL_OPERATION_CANDIDATE	operation@925	lexically indexed operational candidate; surrounding behavior requires manual reconciliation	operator-invoked Node.js launcher	not established by this record	LIFE-002,LIFE-003	DEFINITION_INDEXED	'checkpoint-before-rehearsal-rollback': 'ready_to_rehearsal_rollback',
SUP-0491	custom/mjlfinancement/scripts/rst005_shared_operation.lib.js:935	JS_FUNCTION	persist	defines a significant browser or operator-side routine/value	operator-invoked Node.js launcher	filesystem, container, backup, and lifecycle orchestration	LIFE-002,LIFE-003	DEFINITION_INDEXED	const persist = (kind, payload) => {
SUP-0492	custom/mjlfinancement/scripts/rst005_shared_operation.lib.js:945	JS_FUNCTION	nextName	defines a significant browser or operator-side routine/value	operator-invoked Node.js launcher	filesystem, container, backup, and lifecycle orchestration	LIFE-002,LIFE-003	DEFINITION_INDEXED	const nextName = () => {
SUP-0493	custom/mjlfinancement/scripts/rst005_shared_operation.lib.js:951	JS_FUNCTION	oneOff	defines a significant browser or operator-side routine/value	operator-invoked Node.js launcher	filesystem, container, backup, and lifecycle orchestration	LIFE-002,LIFE-003	DEFINITION_INDEXED	const oneOff = (script, args = [], environment = [], volumes = [], mutation = false) => runApprovedOneOff({
SUP-0494	custom/mjlfinancement/scripts/rst005_shared_operation.lib.js:1048	JS_FUNCTION	runRst005Rollback	defines a significant browser or operator-side routine/value	operator-invoked Node.js launcher	filesystem, container, backup, and lifecycle orchestration	LIFE-002,LIFE-003	DEFINITION_INDEXED	async function runRst005Rollback(options) {
SUP-0495	custom/mjlfinancement/scripts/rst005_shared_operation.lib.js:1054	LEXICAL_OPERATION_CANDIDATE	operation@1054	lexically indexed operational candidate; surrounding behavior requires manual reconciliation	operator-invoked Node.js launcher	not established by this record	LIFE-002,LIFE-003	DEFINITION_INDEXED	invariant(approval.mode === 'rollback' && isSharedPath(approval), 'Shared rollback approval is required.');
SUP-0496	custom/mjlfinancement/scripts/rst005_shared_operation.lib.js:1059	LEXICAL_OPERATION_CANDIDATE	operation@1059	lexically indexed operational candidate; surrounding behavior requires manual reconciliation	operator-invoked Node.js launcher	not established by this record	LIFE-002,LIFE-003	DEFINITION_INDEXED	const rollbackManifestHost = path.join(approval.evidence_root, 'rst005-evidence-03-rollback.json');
SUP-0497	custom/mjlfinancement/scripts/rst005_shared_operation.lib.js:1061	LEXICAL_OPERATION_CANDIDATE	operation@1061	lexically indexed operational candidate; surrounding behavior requires manual reconciliation	operator-invoked Node.js launcher	not established by this record	LIFE-002,LIFE-003	DEFINITION_INDEXED	const rollbackReportHost = path.join(approval.evidence_root, 'rst005-rollback-report.json');
SUP-0498	custom/mjlfinancement/scripts/rst005_shared_operation.lib.js:1071	LEXICAL_OPERATION_CANDIDATE	operation@1071	lexically indexed operational candidate; surrounding behavior requires manual reconciliation	operator-invoked Node.js launcher	not established by this record	LIFE-002,LIFE-003	DEFINITION_INDEXED	invariant(!chain.some((record) => record.kind === 'completed-rollback-report'), 'Completed rollback package cannot be replayed.');
SUP-0499	custom/mjlfinancement/scripts/rst005_shared_operation.lib.js:1073	LEXICAL_OPERATION_CANDIDATE	operation@1073	lexically indexed operational candidate; surrounding behavior requires manual reconciliation	operator-invoked Node.js launcher	not established by this record	LIFE-002,LIFE-003	DEFINITION_INDEXED	invariant(completedRecord, 'Post-completion rollback requires the durable completed execution report.');
SUP-0500	custom/mjlfinancement/scripts/rst005_shared_operation.lib.js:1087	JS_FUNCTION	persistRecord	defines a significant browser or operator-side routine/value	operator-invoked Node.js launcher	filesystem, container, backup, and lifecycle orchestration	LIFE-002,LIFE-003	DEFINITION_INDEXED	const persistRecord = (kind, payload) => {
SUP-0501	custom/mjlfinancement/scripts/rst005_shared_operation.lib.js:1100	LEXICAL_OPERATION_CANDIDATE	operation@1100	lexically indexed operational candidate; surrounding behavior requires manual reconciliation	operator-invoked Node.js launcher	not established by this record	LIFE-002,LIFE-003	DEFINITION_INDEXED	rollback: { original_manifest_sha256: targetManifestSha256, captured_at: new Date().toISOString() },
SUP-0502	custom/mjlfinancement/scripts/rst005_shared_operation.lib.js:1104	LEXICAL_OPERATION_CANDIDATE	operation@1104	lexically indexed operational candidate; surrounding behavior requires manual reconciliation	operator-invoked Node.js launcher	not established by this record	LIFE-002,LIFE-003	DEFINITION_INDEXED	if (!chain.some((record) => record.kind === 'checkpoint-before-approved-rollback')) persistRecord('checkpoint-before-approved-rollback', { manifest_sha256: rollbackManifestSha256, original_manifest_sha256: targetManifestSha256, completed_report_sha256: completedRecord.sha256 });
SUP-0503	custom/mjlfinancement/scripts/rst005_shared_operation.lib.js:1105	LEXICAL_OPERATION_CANDIDATE	operation@1105	lexically indexed operational candidate; surrounding behavior requires manual reconciliation	operator-invoked Node.js launcher	not established by this record	LIFE-002,LIFE-003	DEFINITION_INDEXED	writeProtectedJson(authorizationHost, buildSharedAuthorization(approval, 'rollback', rollbackManifestSha256));
SUP-0504	custom/mjlfinancement/scripts/rst005_shared_operation.lib.js:1108	JS_FUNCTION	nextName	defines a significant browser or operator-side routine/value	operator-invoked Node.js launcher	filesystem, container, backup, and lifecycle orchestration	LIFE-002,LIFE-003	DEFINITION_INDEXED	const nextName = () => {
SUP-0505	custom/mjlfinancement/scripts/rst005_shared_operation.lib.js:1110	LEXICAL_OPERATION_CANDIDATE	operation@1110	lexically indexed operational candidate; surrounding behavior requires manual reconciliation	operator-invoked Node.js launcher	not established by this record	LIFE-002,LIFE-003	DEFINITION_INDEXED	const name = `${approval.compose_project_name}-rst005-${approval.nonce}-rollback-${sequence}`;
SUP-0506	custom/mjlfinancement/scripts/rst005_shared_operation.lib.js:1118	LEXICAL_OPERATION_CANDIDATE	operation@1118	lexically indexed operational candidate; surrounding behavior requires manual reconciliation	operator-invoked Node.js launcher	not established by this record	LIFE-002,LIFE-003	DEFINITION_INDEXED	const running = (await runCommand(DOCKER, [...composeBase(approval, runtimeRoot), 'ps', '--status', 'running', '--services'], { cwd: approval.repository_root, env: runtimeEnvironment, label: 'RST-005 rollback traffic-stop recheck', signal })).toString('utf8').trim().split('\n').filter(Boolean).sort();
SUP-0507	custom/mjlfinancement/scripts/rst005_shared_operation.lib.js:1119	LEXICAL_OPERATION_CANDIDATE	operation@1119	lexically indexed operational candidate; surrounding behavior requires manual reconciliation	operator-invoked Node.js launcher	not established by this record	LIFE-002,LIFE-003	DEFINITION_INDEXED	invariant(running.join(',') === 'mariadb', 'RST-005 rollback traffic stop no longer holds.');
SUP-0508	custom/mjlfinancement/scripts/rst005_shared_operation.lib.js:1122	JS_FUNCTION	evidenceOneOff	defines a significant browser or operator-side routine/value	operator-invoked Node.js launcher	filesystem, container, backup, and lifecycle orchestration	LIFE-002,LIFE-003	DEFINITION_INDEXED	const evidenceOneOff = async (script, args = []) => runApprovedOneOff({ approval, runtimeRoot, runtimeEnvironment, name: nextName(), script, args, signal, label: 'RST-005 rollback evidence' });
SUP-0509	custom/mjlfinancement/scripts/rst005_shared_operation.lib.js:1122	LEXICAL_OPERATION_CANDIDATE	operation@1122	lexically indexed operational candidate; surrounding behavior requires manual reconciliation	operator-invoked Node.js launcher	not established by this record	LIFE-002,LIFE-003	DEFINITION_INDEXED	const evidenceOneOff = async (script, args = []) => runApprovedOneOff({ approval, runtimeRoot, runtimeEnvironment, name: nextName(), script, args, signal, label: 'RST-005 rollback evidence' });
SUP-0510	custom/mjlfinancement/scripts/rst005_shared_operation.lib.js:1131	LEXICAL_OPERATION_CANDIDATE	operation@1131	lexically indexed operational candidate; surrounding behavior requires manual reconciliation	operator-invoked Node.js launcher	not established by this record	LIFE-002,LIFE-003	DEFINITION_INDEXED	'Standalone rollback did not restore the approved containment projection.');
SUP-0511	custom/mjlfinancement/scripts/rst005_shared_operation.lib.js:1132	LEXICAL_OPERATION_CANDIDATE	operation@1132	lexically indexed operational candidate; surrounding behavior requires manual reconciliation	operator-invoked Node.js launcher	not established by this record	LIFE-002,LIFE-003	DEFINITION_INDEXED	for (const field of ['documents_sha256', 'ecm_sha256', 'admin_sha256', 'module_metadata_sha256']) invariant(after[field] === rollbackBefore[field], `Standalone rollback changed ${field}.`);
SUP-0512	custom/mjlfinancement/scripts/rst005_shared_operation.lib.js:1135	LEXICAL_OPERATION_CANDIDATE	operation@1135	lexically indexed operational candidate; surrounding behavior requires manual reconciliation	operator-invoked Node.js launcher	not established by this record	LIFE-002,LIFE-003	DEFINITION_INDEXED	'Standalone rollback changed business or audit row counts.');
SUP-0513	custom/mjlfinancement/scripts/rst005_shared_operation.lib.js:1141	LEXICAL_OPERATION_CANDIDATE	operation@1141	lexically indexed operational candidate; surrounding behavior requires manual reconciliation	operator-invoked Node.js launcher	not established by this record	LIFE-002,LIFE-003	DEFINITION_INDEXED	'Standalone rollback lacks exact restored Activity/audit/temporary-object evidence.');
SUP-0514	custom/mjlfinancement/scripts/rst005_shared_operation.lib.js:1144	LEXICAL_OPERATION_CANDIDATE	operation@1144	lexically indexed operational candidate; surrounding behavior requires manual reconciliation	operator-invoked Node.js launcher	not established by this record	LIFE-002,LIFE-003	DEFINITION_INDEXED	invariant(changedTables.every((table) => table.startsWith('llx_mjlfinancement_activity')) && changedSchemaObjects.every((kind) => kind === 'triggers'), 'Standalone rollback database delta exceeds Activity containment restoration.');
SUP-0515	custom/mjlfinancement/scripts/rst005_shared_operation.lib.js:1146	LEXICAL_OPERATION_CANDIDATE	operation@1146	lexically indexed operational candidate; surrounding behavior requires manual reconciliation	operator-invoked Node.js launcher	not established by this record	LIFE-002,LIFE-003	DEFINITION_INDEXED	invariant(composeAfter.sha256 === composeBefore.sha256, 'Standalone rollback changed Compose resources.');
SUP-0516	custom/mjlfinancement/scripts/rst005_shared_operation.lib.js:1157	LEXICAL_OPERATION_CANDIDATE	operation@1157	lexically indexed operational candidate; surrounding behavior requires manual reconciliation	operator-invoked Node.js launcher	not established by this record	LIFE-002,LIFE-003	DEFINITION_INDEXED	persistRecord('completed-rollback-report', rollbackResult);
SUP-0517	custom/mjlfinancement/scripts/rst005_shared_operation.lib.js:1165	JS_FUNCTION	validateRollbackReport	defines a significant browser or operator-side routine/value	operator-invoked Node.js launcher	filesystem, container, backup, and lifecycle orchestration	LIFE-002,LIFE-003	DEFINITION_INDEXED	function validateRollbackReport(report, approval, manifestSha256, sourceSha256 = report && report.source_sha256) {
SUP-0518	custom/mjlfinancement/scripts/rst005_shared_operation.lib.js:1166	LEXICAL_OPERATION_CANDIDATE	operation@1166	lexically indexed operational candidate; surrounding behavior requires manual reconciliation	operator-invoked Node.js launcher	not established by this record	LIFE-002,LIFE-003	DEFINITION_INDEXED	const expectedKeys = ['activity_evidence', 'approved_commit', 'backup_restore', 'before', 'complete_tree_sha256', 'database_delta', 'execution_identity_sha256', 'finalized', 'manifest_sha256', 'mode', 'operation_id', 'rollback', 'source_sha256', 'status', 'target_identity_sha256', 'unit', 'version'].sort();
SUP-0519	custom/mjlfinancement/scripts/rst005_shared_operation.lib.js:1177	LEXICAL_OPERATION_CANDIDATE	operation@1177	lexically indexed operational candidate; surrounding behavior requires manual reconciliation	operator-invoked Node.js launcher	not established by this record	LIFE-002,LIFE-003	DEFINITION_INDEXED	&& report.rollback === null,
SUP-0520	custom/mjlfinancement/scripts/rst005_shared_operation.lib.js:1181	JS_FUNCTION	validCompose	defines a significant browser or operator-side routine/value	operator-invoked Node.js launcher	filesystem, container, backup, and lifecycle orchestration	LIFE-002,LIFE-003	DEFINITION_INDEXED	const validCompose = (value) => value && Object.keys(value).sort().join('\n') === composeKeys
SUP-0521	custom/mjlfinancement/scripts/rst005_shared_operation.lib.js:1202	LEXICAL_OPERATION_CANDIDATE	operation@1202	lexically indexed operational candidate; surrounding behavior requires manual reconciliation	operator-invoked Node.js launcher	not established by this record	LIFE-002,LIFE-003	DEFINITION_INDEXED	invariant(report.database_delta.rollback_tables === null && report.database_delta.rollback_schema_objects === null, 'Executed report contains unexpected embedded rollback evidence.');
SUP-0522	custom/mjlfinancement/scripts/rst005_shared_operation.lib.js:1210	LEXICAL_OPERATION_CANDIDATE	operation@1210	lexically indexed operational candidate; surrounding behavior requires manual reconciliation	operator-invoked Node.js launcher	not established by this record	LIFE-002,LIFE-003	DEFINITION_INDEXED	&& Object.keys(activity).sort().join('\n') === ['before', 'finalized', 'phase1_oracle_sha256', 'rollback', 'target_oracle_sha256'].sort().join('\n')
SUP-0523	custom/mjlfinancement/scripts/rst005_shared_operation.lib.js:1211	LEXICAL_OPERATION_CANDIDATE	operation@1211	lexically indexed operational candidate; surrounding behavior requires manual reconciliation	operator-invoked Node.js launcher	not established by this record	LIFE-002,LIFE-003	DEFINITION_INDEXED	&& activity.before && activity.finalized && activity.rollback === null
SUP-0524	custom/mjlfinancement/scripts/rst005_shared_operation.lib.js:1229	JS_FUNCTION	runRst005RollbackCommand	defines a significant browser or operator-side routine/value	operator-invoked Node.js launcher	filesystem, container, backup, and lifecycle orchestration	LIFE-002,LIFE-003	DEFINITION_INDEXED	async function runRst005RollbackCommand(approval, authorizationHost, manifestSha256, options = {}) {
SUP-0525	custom/mjlfinancement/scripts/rst005_shared_operation.lib.js:1230	LEXICAL_OPERATION_CANDIDATE	operation@1230	lexically indexed operational candidate; surrounding behavior requires manual reconciliation	operator-invoked Node.js launcher	not established by this record	LIFE-002,LIFE-003	DEFINITION_INDEXED	const operationMode = options.mode || 'rollback';
SUP-0526	custom/mjlfinancement/scripts/rst005_shared_operation.lib.js:1239	LEXICAL_OPERATION_CANDIDATE	operation@1239	lexically indexed operational candidate; surrounding behavior requires manual reconciliation	operator-invoked Node.js launcher	not established by this record	LIFE-002,LIFE-003	DEFINITION_INDEXED	label: 'RST-005 containment rollback',
SUP-0527	custom/mjlfinancement/scripts/rst005_shared_operation.lib.js:1243	JS_FUNCTION	waitChild	defines a significant browser or operator-side routine/value	operator-invoked Node.js launcher	filesystem, container, backup, and lifecycle orchestration	LIFE-002,LIFE-003	DEFINITION_INDEXED	function waitChild(child, label) {
SUP-0528	custom/mjlfinancement/scripts/rst005_shared_operation.lib.js:1258	JS_FUNCTION	runCommand	defines a significant browser or operator-side routine/value	operator-invoked Node.js launcher	filesystem, container, backup, and lifecycle orchestration	LIFE-002,LIFE-003	DEFINITION_INDEXED	function runCommand(command, args, options = {}) {
SUP-0529	custom/mjlfinancement/scripts/rst005_shared_operation.lib.js:1269	JS_EVENT_HANDLER	data@1269	binds an interaction that changes client-visible state or submission behavior	operator-invoked Node.js launcher	filesystem, container, backup, and lifecycle orchestration	LIFE-002,LIFE-003	DEFINITION_INDEXED	child.stdout.on('data', (chunk) => chunks.push(Buffer.from(chunk)));
SUP-0530	custom/mjlfinancement/scripts/rst005_shared_operation.lib.js:1270	JS_EVENT_HANDLER	data@1270	binds an interaction that changes client-visible state or submission behavior	operator-invoked Node.js launcher	filesystem, container, backup, and lifecycle orchestration	LIFE-002,LIFE-003	DEFINITION_INDEXED	child.stderr.on('data', (chunk) => {
SUP-0531	custom/mjlfinancement/scripts/rst005_shared_operation.lib.js:1305	JS_FUNCTION	feedKey	defines a significant browser or operator-side routine/value	operator-invoked Node.js launcher	filesystem, container, backup, and lifecycle orchestration	LIFE-002,LIFE-003	DEFINITION_INDEXED	function feedKey(child, key) {
SUP-0532	custom/mjlfinancement/scripts/rst005_shared_operation.lib.js:1314	JS_FUNCTION	encryptCommandOutput	defines a significant browser or operator-side routine/value	operator-invoked Node.js launcher	filesystem, container, backup, and lifecycle orchestration	LIFE-002,LIFE-003	DEFINITION_INDEXED	async function encryptCommandOutput(command, args, key, destinationPath, options = {}) {
SUP-0533	custom/mjlfinancement/scripts/rst005_shared_operation.lib.js:1324	JS_EVENT_HANDLER	data@1324	binds an interaction that changes client-visible state or submission behavior	operator-invoked Node.js launcher	filesystem, container, backup, and lifecycle orchestration	LIFE-002,LIFE-003	DEFINITION_INDEXED	source.stdout.on('data', (chunk) => plaintext.update(chunk));
SUP-0534	custom/mjlfinancement/scripts/rst005_shared_operation.lib.js:1325	JS_EVENT_HANDLER	data@1325	binds an interaction that changes client-visible state or submission behavior	operator-invoked Node.js launcher	filesystem, container, backup, and lifecycle orchestration	LIFE-002,LIFE-003	DEFINITION_INDEXED	encrypt.stdout.on('data', (chunk) => ciphertext.update(chunk));
SUP-0535	custom/mjlfinancement/scripts/rst005_shared_operation.lib.js:1326	JS_EVENT_HANDLER	error@1326	binds an interaction that changes client-visible state or submission behavior	operator-invoked Node.js launcher	filesystem, container, backup, and lifecycle orchestration	LIFE-002,LIFE-003	DEFINITION_INDEXED	encrypt.stdin.on('error', (error) => { if (error.code !== 'EPIPE') encrypt.stdin.destroy(error); });
SUP-0536	custom/mjlfinancement/scripts/rst005_shared_operation.lib.js:1339	LEXICAL_OPERATION_CANDIDATE	operation@1339	lexically indexed operational candidate; surrounding behavior requires manual reconciliation	operator-invoked Node.js launcher	not established by this record	LIFE-002,LIFE-003	DEFINITION_INDEXED	try { fs.unlinkSync(destinationPath); } catch (_) {}
SUP-0537	custom/mjlfinancement/scripts/rst005_shared_operation.lib.js:1349	JS_FUNCTION	decryptFileToCommand	defines a significant browser or operator-side routine/value	operator-invoked Node.js launcher	filesystem, container, backup, and lifecycle orchestration	LIFE-002,LIFE-003	DEFINITION_INDEXED	async function decryptFileToCommand(sourcePath, key, command, args, options = {}) {
SUP-0538	custom/mjlfinancement/scripts/rst005_shared_operation.lib.js:1357	JS_FUNCTION	captureDestination	defines a significant browser or operator-side routine/value	operator-invoked Node.js launcher	filesystem, container, backup, and lifecycle orchestration	LIFE-002,LIFE-003	DEFINITION_INDEXED	const captureDestination = (chunk) => {
SUP-0539	custom/mjlfinancement/scripts/rst005_shared_operation.lib.js:1363	JS_EVENT_HANDLER	data@1363	binds an interaction that changes client-visible state or submission behavior	operator-invoked Node.js launcher	filesystem, container, backup, and lifecycle orchestration	LIFE-002,LIFE-003	DEFINITION_INDEXED	destination.stdout.on('data', captureDestination);
SUP-0540	custom/mjlfinancement/scripts/rst005_shared_operation.lib.js:1364	JS_EVENT_HANDLER	data@1364	binds an interaction that changes client-visible state or submission behavior	operator-invoked Node.js launcher	filesystem, container, backup, and lifecycle orchestration	LIFE-002,LIFE-003	DEFINITION_INDEXED	destination.stderr.on('data', captureDestination);
SUP-0541	custom/mjlfinancement/scripts/rst005_shared_operation.lib.js:1367	JS_EVENT_HANDLER	error@1367	binds an interaction that changes client-visible state or submission behavior	operator-invoked Node.js launcher	filesystem, container, backup, and lifecycle orchestration	LIFE-002,LIFE-003	DEFINITION_INDEXED	destination.stdin.on('error', (error) => { if (error.code !== 'EPIPE') destination.stdin.destroy(error); });
SUP-0542	custom/mjlfinancement/scripts/rst005_shared_operation.lib.js:1387	JS_FUNCTION	commandOutputSha256	defines a significant browser or operator-side routine/value	operator-invoked Node.js launcher	filesystem, container, backup, and lifecycle orchestration	LIFE-002,LIFE-003	DEFINITION_INDEXED	async function commandOutputSha256(command, args, options = {}) {
SUP-0543	custom/mjlfinancement/scripts/rst005_shared_operation.lib.js:1390	JS_EVENT_HANDLER	data@1390	binds an interaction that changes client-visible state or submission behavior	operator-invoked Node.js launcher	filesystem, container, backup, and lifecycle orchestration	LIFE-002,LIFE-003	DEFINITION_INDEXED	child.stdout.on('data', (chunk) => hash.update(chunk));
SUP-0544	custom/mjlfinancement/scripts/rst005_shared_operation.lib.js:1396	JS_FUNCTION	verifyEncryptedBackups	defines a significant browser or operator-side routine/value	operator-invoked Node.js launcher	filesystem, container, backup, and lifecycle orchestration	LIFE-002,LIFE-003	DEFINITION_INDEXED	async function verifyEncryptedBackups(options) {
SUP-0545	custom/mjlfinancement/scripts/rst005_shared_operation.lib.js:1404	JS_FUNCTION	docker	defines a significant browser or operator-side routine/value	operator-invoked Node.js launcher	filesystem, container, backup, and lifecycle orchestration	LIFE-002,LIFE-003	DEFINITION_INDEXED	const docker = (...args) => runCommand(DOCKER, args, { label: 'Isolated restore Docker command', signal, env: runtimeEnvironment });
SUP-0546	custom/mjlfinancement/scripts/rst005_shared_operation.lib.js:1450	JS_FUNCTION	createDatabase	defines a significant browser or operator-side routine/value	operator-invoked Node.js launcher	filesystem, container, backup, and lifecycle orchestration	LIFE-002,LIFE-003	DEFINITION_INDEXED	const createDatabase = async () => {
SUP-0547	custom/mjlfinancement/scripts/rst005_shared_operation.lib.js:1509	JS_FUNCTION	cleanupIsolatedRestoreResources	defines a significant browser or operator-side routine/value	operator-invoked Node.js launcher	filesystem, container, backup, and lifecycle orchestration	LIFE-002,LIFE-003	DEFINITION_INDEXED	async function cleanupIsolatedRestoreResources(names, execute = runCommand, runtimeEnvironment = process.env) {
SUP-0548	custom/mjlfinancement/scripts/rst005_shared_operation.lib.js:1512	JS_FUNCTION	remove	defines a significant browser or operator-side routine/value	operator-invoked Node.js launcher	filesystem, container, backup, and lifecycle orchestration	LIFE-002,LIFE-003	DEFINITION_INDEXED	const remove = async (...arguments_) => {
SUP-0549	custom/mjlfinancement/scripts/rst005_shared_operation.lib.js:1519	JS_FUNCTION	observe	defines a significant browser or operator-side routine/value	operator-invoked Node.js launcher	filesystem, container, backup, and lifecycle orchestration	LIFE-002,LIFE-003	DEFINITION_INDEXED	const observe = async (...arguments_) => {
SUP-0550	custom/mjlfinancement/scripts/rst005_shared_operation.lib.js:1546	JS_FUNCTION	cleanupNamedContainers	defines a significant browser or operator-side routine/value	operator-invoked Node.js launcher	filesystem, container, backup, and lifecycle orchestration	LIFE-002,LIFE-003	DEFINITION_INDEXED	async function cleanupNamedContainers(names, execute = runCommand, runtimeEnvironment = process.env) {
SUP-0551	custom/mjlfinancement/scripts/rst005_shared_operation.lib.js:1550	JS_FUNCTION	cleanup	defines a significant browser or operator-side routine/value	operator-invoked Node.js launcher	filesystem, container, backup, and lifecycle orchestration	LIFE-002,LIFE-003	DEFINITION_INDEXED	const cleanup = async (...arguments_) => {
SUP-0552	custom/mjlfinancement/scripts/rst005_shared_packet.js:1	TOP_LEVEL_SCRIPT	<file>	orchestrates guarded reset/bootstrap lifecycle operations	operator-invoked Node.js launcher	filesystem, container, backup, and lifecycle orchestration	LIFE-002,LIFE-003	DEFINITION_INDEXED	#!/usr/bin/env node
SUP-0553	custom/mjlfinancement/scripts/rst005_shared_packet.js:7	LEXICAL_OPERATION_CANDIDATE	operation@7	lexically indexed operational candidate; surrounding behavior requires manual reconciliation	operator-invoked Node.js launcher	not established by this record	LIFE-002,LIFE-003	DEFINITION_INDEXED	const { execFileSync } = require('node:child_process');
SUP-0554	custom/mjlfinancement/scripts/rst005_shared_packet.js:24	JS_FUNCTION	invariant	defines a significant browser or operator-side routine/value	operator-invoked Node.js launcher	filesystem, container, backup, and lifecycle orchestration	LIFE-002,LIFE-003	DEFINITION_INDEXED	function invariant(condition, message) { if (!condition) throw new Error(message); }
SUP-0555	custom/mjlfinancement/scripts/rst005_shared_packet.js:25	JS_FUNCTION	sha256	defines a significant browser or operator-side routine/value	operator-invoked Node.js launcher	filesystem, container, backup, and lifecycle orchestration	LIFE-002,LIFE-003	DEFINITION_INDEXED	function sha256(bytes) { return crypto.createHash('sha256').update(bytes).digest('hex'); }
SUP-0556	custom/mjlfinancement/scripts/rst005_shared_packet.js:26	JS_FUNCTION	hostToolIdentity	defines a significant browser or operator-side routine/value	operator-invoked Node.js launcher	filesystem, container, backup, and lifecycle orchestration	LIFE-002,LIFE-003	DEFINITION_INDEXED	function hostToolIdentity(source, approvedPath, args) {
SUP-0557	custom/mjlfinancement/scripts/rst005_shared_packet.js:30	LEXICAL_OPERATION_CANDIDATE	operation@30	lexically indexed operational candidate; surrounding behavior requires manual reconciliation	operator-invoked Node.js launcher	not established by this record	LIFE-002,LIFE-003	DEFINITION_INDEXED	version: execFileSync(source, args, { encoding: 'utf8', env: sanitizedRuntimeEnvironment(), stdio: ['ignore', 'pipe', 'pipe'] }).trim().split('\n')[0],
SUP-0558	custom/mjlfinancement/scripts/rst005_shared_packet.js:33	JS_FUNCTION	immutableImagePhpIdentity	defines a significant browser or operator-side routine/value	operator-invoked Node.js launcher	filesystem, container, backup, and lifecycle orchestration	LIFE-002,LIFE-003	DEFINITION_INDEXED	function immutableImagePhpIdentity(imageId) {
SUP-0559	custom/mjlfinancement/scripts/rst005_shared_packet.js:35	LEXICAL_OPERATION_CANDIDATE	operation@35	lexically indexed operational candidate; surrounding behavior requires manual reconciliation	operator-invoked Node.js launcher	not established by this record	LIFE-002,LIFE-003	DEFINITION_INDEXED	const digest = execFileSync('/usr/bin/docker', [...base, '--entrypoint', '/usr/bin/sha256sum', imageId, '/usr/local/bin/php'], {
SUP-0560	custom/mjlfinancement/scripts/rst005_shared_packet.js:38	LEXICAL_OPERATION_CANDIDATE	operation@38	lexically indexed operational candidate; surrounding behavior requires manual reconciliation	operator-invoked Node.js launcher	not established by this record	LIFE-002,LIFE-003	DEFINITION_INDEXED	const version = execFileSync('/usr/bin/docker', [...base, '--entrypoint', '/usr/local/bin/php', imageId, '--version'], {
SUP-0561	custom/mjlfinancement/scripts/rst005_shared_packet.js:44	JS_FUNCTION	fsyncDirectory	defines a significant browser or operator-side routine/value	operator-invoked Node.js launcher	filesystem, container, backup, and lifecycle orchestration	LIFE-002,LIFE-003	DEFINITION_INDEXED	function fsyncDirectory(directory) {
SUP-0562	custom/mjlfinancement/scripts/rst005_shared_packet.js:48	JS_FUNCTION	protectedDirectory	defines a significant browser or operator-side routine/value	operator-invoked Node.js launcher	filesystem, container, backup, and lifecycle orchestration	LIFE-002,LIFE-003	DEFINITION_INDEXED	function protectedDirectory(directory) {
SUP-0563	custom/mjlfinancement/scripts/rst005_shared_packet.js:54	JS_FUNCTION	protectedFile	defines a significant browser or operator-side routine/value	operator-invoked Node.js launcher	filesystem, container, backup, and lifecycle orchestration	LIFE-002,LIFE-003	DEFINITION_INDEXED	function protectedFile(file, bytes) {
SUP-0564	custom/mjlfinancement/scripts/rst005_shared_packet.js:66	JS_FUNCTION	outputArgument	defines a significant browser or operator-side routine/value	operator-invoked Node.js launcher	filesystem, container, backup, and lifecycle orchestration	LIFE-002,LIFE-003	DEFINITION_INDEXED	function outputArgument(argv) {
SUP-0565	custom/mjlfinancement/scripts/rst005_shared_packet.js:73	JS_FUNCTION	main	defines a significant browser or operator-side routine/value	operator-invoked Node.js launcher	filesystem, container, backup, and lifecycle orchestration	LIFE-002,LIFE-003	DEFINITION_INDEXED	function main() {
SUP-0566	custom/mjlfinancement/scripts/rst005_shared_packet.js:77	JS_FUNCTION	git	defines a significant browser or operator-side routine/value	operator-invoked Node.js launcher	filesystem, container, backup, and lifecycle orchestration	LIFE-002,LIFE-003	DEFINITION_INDEXED	const git = (arguments_) => execFileSync('/usr/bin/git', ['-c', `safe.directory=${SHARED_PROFILE.repository_root}`, ...arguments_], {
SUP-0567	custom/mjlfinancement/scripts/rst005_shared_packet.js:77	LEXICAL_OPERATION_CANDIDATE	operation@77	lexically indexed operational candidate; surrounding behavior requires manual reconciliation	operator-invoked Node.js launcher	not established by this record	LIFE-002,LIFE-003	DEFINITION_INDEXED	const git = (arguments_) => execFileSync('/usr/bin/git', ['-c', `safe.directory=${SHARED_PROFILE.repository_root}`, ...arguments_], {
SUP-0568	custom/mjlfinancement/scripts/rst005_shared_packet.js:80	LEXICAL_OPERATION_CANDIDATE	operation@80	lexically indexed operational candidate; surrounding behavior requires manual reconciliation	operator-invoked Node.js launcher	not established by this record	LIFE-002,LIFE-003	DEFINITION_INDEXED	const repository = { commit: git(['rev-parse', '--verify', 'HEAD']) };
SUP-0569	custom/mjlfinancement/scripts/rst005_shared_packet.js:85	LEXICAL_OPERATION_CANDIDATE	operation@85	lexically indexed operational candidate; surrounding behavior requires manual reconciliation	operator-invoked Node.js launcher	not established by this record	LIFE-002,LIFE-003	DEFINITION_INDEXED	const resolvedBytes = execFileSync('/usr/bin/docker', ['compose', '--env-file', '/dev/null', '--project-directory', SHARED_PROFILE.repository_root,
SUP-0570	custom/mjlfinancement/scripts/rst005_shared_packet.js:89	LEXICAL_OPERATION_CANDIDATE	operation@89	lexically indexed operational candidate; surrounding behavior requires manual reconciliation	operator-invoked Node.js launcher	not established by this record	LIFE-002,LIFE-003	DEFINITION_INDEXED	const databaseContainer = execFileSync('/usr/bin/docker', ['compose', '--env-file', '/dev/null', '--project-directory', SHARED_PROFILE.repository_root,
SUP-0571	custom/mjlfinancement/scripts/rst005_shared_packet.js:93	JS_FUNCTION	databaseQuery	defines a significant browser or operator-side routine/value	operator-invoked Node.js launcher	filesystem, container, backup, and lifecycle orchestration	LIFE-002,LIFE-003	DEFINITION_INDEXED	const databaseQuery = (arguments_) => execFileSync('/usr/bin/docker', ['compose', '--env-file', '/dev/null', '--project-directory', SHARED_PROFILE.repository_root,
SUP-0572	custom/mjlfinancement/scripts/rst005_shared_packet.js:93	LEXICAL_OPERATION_CANDIDATE	operation@93	lexically indexed operational candidate; surrounding behavior requires manual reconciliation	operator-invoked Node.js launcher	not established by this record	LIFE-002,LIFE-003	DEFINITION_INDEXED	const databaseQuery = (arguments_) => execFileSync('/usr/bin/docker', ['compose', '--env-file', '/dev/null', '--project-directory', SHARED_PROFILE.repository_root,
SUP-0573	custom/mjlfinancement/scripts/rst005_shared_packet.js:99	LEXICAL_OPERATION_CANDIDATE	operation@99	lexically indexed operational candidate; surrounding behavior requires manual reconciliation	operator-invoked Node.js launcher	not established by this record	LIFE-002,LIFE-003	DEFINITION_INDEXED	image_id: JSON.parse(execFileSync('/usr/bin/docker', ['container', 'inspect', databaseContainer], { encoding: 'utf8', env: runtimeEnvironment, stdio: ['ignore', 'pipe', 'pipe'] }))[0].Image,
SUP-0574	custom/mjlfinancement/scripts/rst005_shared_packet.js:109	LEXICAL_OPERATION_CANDIDATE	operation@109	lexically indexed operational candidate; surrounding behavior requires manual reconciliation	operator-invoked Node.js launcher	not established by this record	LIFE-002,LIFE-003	DEFINITION_INDEXED	const dolibarrImageId = JSON.parse(execFileSync('/usr/bin/docker', ['image', 'inspect', 'dolibarr/dolibarr:23.0.2'], {
SUP-0575	custom/mjlfinancement/scripts/rst005_shared_packet.js:120	LEXICAL_OPERATION_CANDIDATE	operation@120	lexically indexed operational candidate; surrounding behavior requires manual reconciliation	operator-invoked Node.js launcher	not established by this record	LIFE-002,LIFE-003	DEFINITION_INDEXED	approved_commit: repository.commit, complete_tree_sha256: tree.completeTreeSha256,
SUP-0576	custom/mjlfinancement/scripts/rst006a-dependent-units.json:1	ASSET_FILE	<file>	records the reset-unit dependency and execution-status manifest	guarded reset/bootstrap tooling	lifecycle dependency metadata	LIFE-002,LIFE-003	DEFINITION_INDEXED	{
SUP-0577	custom/mjlfinancement/scripts/rst006a-dependent-units.json:1	DEPENDENCY_MANIFEST	RST-006A	declares the reset unit, dependent units, and recorded execution status	guarded reset/bootstrap tooling	lifecycle dependency metadata	LIFE-002,LIFE-003	DEFINITION_INDEXED	"{""version"":1,""unit"":""RST-006A"",""dependencies"":[""RST-006B"",""RST-007B"",""RST-009B"",""RST-009C"",""RST-011"",""RST-012"",""RST-013B"",""RST-013C"",""RST-013D"",""RST-013E"",""RST-014B"",""RST-014C"",""RST-014D"",""RST-015""],""statuses"":{""RST-006B"":""EXECUTED"",""RST-007B"":""EXECUTED"",""RST-009B"":""EXECUTED"",""RST-009C"":""EXECUTED"",""RST-011"":""EXECUTED"",""RST-012"":""EXECUTED"",""RST-013B"":""EXECUTED"",""RST-013C"":""EXECUTED"",""RST-013D"":""EXECUTED"",""RST-013E"":""E"
SUP-0578	custom/mjlfinancement/scripts/rst006a-dependent-units.json:5	DEPENDENCY_ENTRY	RST-006B	records a reset/bootstrap dependent unit	guarded reset/bootstrap tooling	lifecycle dependency metadata	LIFE-002,LIFE-003	DEFINITION_INDEXED	RST-006B=EXECUTED
SUP-0579	custom/mjlfinancement/scripts/rst006a-dependent-units.json:6	DEPENDENCY_ENTRY	RST-007B	records a reset/bootstrap dependent unit	guarded reset/bootstrap tooling	lifecycle dependency metadata	LIFE-002,LIFE-003	DEFINITION_INDEXED	RST-007B=EXECUTED
SUP-0580	custom/mjlfinancement/scripts/rst006a-dependent-units.json:7	DEPENDENCY_ENTRY	RST-009B	records a reset/bootstrap dependent unit	guarded reset/bootstrap tooling	lifecycle dependency metadata	LIFE-002,LIFE-003	DEFINITION_INDEXED	RST-009B=EXECUTED
SUP-0581	custom/mjlfinancement/scripts/rst006a-dependent-units.json:8	DEPENDENCY_ENTRY	RST-009C	records a reset/bootstrap dependent unit	guarded reset/bootstrap tooling	lifecycle dependency metadata	LIFE-002,LIFE-003	DEFINITION_INDEXED	RST-009C=EXECUTED
SUP-0582	custom/mjlfinancement/scripts/rst006a-dependent-units.json:9	DEPENDENCY_ENTRY	RST-011	records a reset/bootstrap dependent unit	guarded reset/bootstrap tooling	lifecycle dependency metadata	LIFE-002,LIFE-003	DEFINITION_INDEXED	RST-011=EXECUTED
SUP-0583	custom/mjlfinancement/scripts/rst006a-dependent-units.json:10	DEPENDENCY_ENTRY	RST-012	records a reset/bootstrap dependent unit	guarded reset/bootstrap tooling	lifecycle dependency metadata	LIFE-002,LIFE-003	DEFINITION_INDEXED	RST-012=EXECUTED
SUP-0584	custom/mjlfinancement/scripts/rst006a-dependent-units.json:11	DEPENDENCY_ENTRY	RST-013B	records a reset/bootstrap dependent unit	guarded reset/bootstrap tooling	lifecycle dependency metadata	LIFE-002,LIFE-003	DEFINITION_INDEXED	RST-013B=EXECUTED
SUP-0585	custom/mjlfinancement/scripts/rst006a-dependent-units.json:12	DEPENDENCY_ENTRY	RST-013C	records a reset/bootstrap dependent unit	guarded reset/bootstrap tooling	lifecycle dependency metadata	LIFE-002,LIFE-003	DEFINITION_INDEXED	RST-013C=EXECUTED
SUP-0586	custom/mjlfinancement/scripts/rst006a-dependent-units.json:13	DEPENDENCY_ENTRY	RST-013D	records a reset/bootstrap dependent unit	guarded reset/bootstrap tooling	lifecycle dependency metadata	LIFE-002,LIFE-003	DEFINITION_INDEXED	RST-013D=EXECUTED
SUP-0587	custom/mjlfinancement/scripts/rst006a-dependent-units.json:14	DEPENDENCY_ENTRY	RST-013E	records a reset/bootstrap dependent unit	guarded reset/bootstrap tooling	lifecycle dependency metadata	LIFE-002,LIFE-003	DEFINITION_INDEXED	RST-013E=EXECUTED
SUP-0588	custom/mjlfinancement/scripts/rst006a-dependent-units.json:15	DEPENDENCY_ENTRY	RST-014B	records a reset/bootstrap dependent unit	guarded reset/bootstrap tooling	lifecycle dependency metadata	LIFE-002,LIFE-003	DEFINITION_INDEXED	RST-014B=EXECUTED
SUP-0589	custom/mjlfinancement/scripts/rst006a-dependent-units.json:16	DEPENDENCY_ENTRY	RST-014C	records a reset/bootstrap dependent unit	guarded reset/bootstrap tooling	lifecycle dependency metadata	LIFE-002,LIFE-003	DEFINITION_INDEXED	RST-014C=EXECUTED
SUP-0590	custom/mjlfinancement/scripts/rst006a-dependent-units.json:17	DEPENDENCY_ENTRY	RST-014D	records a reset/bootstrap dependent unit	guarded reset/bootstrap tooling	lifecycle dependency metadata	LIFE-002,LIFE-003	DEFINITION_INDEXED	RST-014D=EXECUTED
SUP-0591	custom/mjlfinancement/scripts/rst006a-dependent-units.json:18	DEPENDENCY_ENTRY	RST-015	records a reset/bootstrap dependent unit	guarded reset/bootstrap tooling	lifecycle dependency metadata	LIFE-002,LIFE-003	DEFINITION_INDEXED	RST-015=EXECUTED
SUP-0592	custom/mjlfinancement/scripts/rst006a_activity_planning.php:1	TOP_LEVEL_HANDLER	<file>	executes a guarded one-off schema, reset, assignment, or bootstrap operation	operator-invoked CLI handler	database DDL/DML, transactions, locks, backup, diagnostics, and exit status	DB-004,LIFE-001,LIFE-002,LIFE-003	DEFINITION_INDEXED	<?php
SUP-0593	custom/mjlfinancement/scripts/rst006a_activity_planning.php:9	PHP_FUNCTION	mjl_rst006a_empty_tenant_evidence	defines a lifecycle, schema, or verification routine	operator-invoked CLI handler	database DDL/DML, transactions, locks, backup, diagnostics, and exit status	DB-004,LIFE-001,LIFE-002,LIFE-003	DEFINITION_INDEXED	
SUP-0594	custom/mjlfinancement/scripts/rst006a_activity_planning.php:42	PHP_FUNCTION	mjl_rst006a_disposable_tenant_attested	defines a lifecycle, schema, or verification routine	operator-invoked CLI handler	database DDL/DML, transactions, locks, backup, diagnostics, and exit status	DB-004,LIFE-001,LIFE-002,LIFE-003	DEFINITION_INDEXED	
SUP-0595	custom/mjlfinancement/scripts/rst006a_activity_planning.php:59	PHP_FUNCTION	mjl_rst006a_require_rollback_dependencies	defines a lifecycle, schema, or verification routine	operator-invoked CLI handler	database DDL/DML, transactions, locks, backup, diagnostics, and exit status	DB-004,LIFE-001,LIFE-002,LIFE-003	DEFINITION_INDEXED	
SUP-0596	custom/mjlfinancement/scripts/rst006a_activity_planning.php:68	LEXICAL_DATABASE_CANDIDATE	database-operation@68	lexically indexed database-operation candidate; surrounding behavior requires manual reconciliation	operator-invoked CLI handler	not established by this record	DB-004,LIFE-001,LIFE-002,LIFE-003	DEFINITION_INDEXED	throw new RuntimeException('Rollback dependency status is missing, malformed, or inconsistent.');
SUP-0597	custom/mjlfinancement/scripts/rst006a_activity_planning.php:71	LEXICAL_DATABASE_CANDIDATE	database-operation@71	lexically indexed database-operation candidate; surrounding behavior requires manual reconciliation	operator-invoked CLI handler	not established by this record	DB-004,LIFE-001,LIFE-002,LIFE-003	DEFINITION_INDEXED	foreach($data['statuses']as$unit=>$status){if(!is_string($status)||!in_array($status,array('PENDING_APPROVAL','APPROVED','EXECUTED'),true))throw new RuntimeException('Rollback dependency status is malformed.');if($status==='EXECUTED')$derivedExecuted[]=$unit;}
SUP-0598	custom/mjlfinancement/scripts/rst006a_activity_planning.php:72	LEXICAL_DATABASE_CANDIDATE	database-operation@72	lexically indexed database-operation candidate; surrounding behavior requires manual reconciliation	operator-invoked CLI handler	not established by this record	DB-004,LIFE-001,LIFE-002,LIFE-003	DEFINITION_INDEXED	foreach ($data['executed'] as $unit) if (!is_string($unit) || !in_array($unit, $expected, true)) throw new RuntimeException('Rollback dependency status is malformed.');
SUP-0599	custom/mjlfinancement/scripts/rst006a_activity_planning.php:73	LEXICAL_DATABASE_CANDIDATE	database-operation@73	lexically indexed database-operation candidate; surrounding behavior requires manual reconciliation	operator-invoked CLI handler	not established by this record	DB-004,LIFE-001,LIFE-002,LIFE-003	DEFINITION_INDEXED	if($derivedExecuted!==$data['executed'])throw new RuntimeException('Rollback dependency execution index is inconsistent.');
SUP-0600	custom/mjlfinancement/scripts/rst006a_activity_planning.php:74	LEXICAL_DATABASE_CANDIDATE	database-operation@74	lexically indexed database-operation candidate; surrounding behavior requires manual reconciliation	operator-invoked CLI handler	not established by this record	DB-004,LIFE-001,LIFE-002,LIFE-003	DEFINITION_INDEXED	if ($data['executed'] && !$disposable) throw new RuntimeException('Rollback refused: a dependent reset unit is executed.');
SUP-0601	custom/mjlfinancement/scripts/rst006a_activity_planning.php:75	LEXICAL_DATABASE_CANDIDATE	database-operation@75	lexically indexed database-operation candidate; surrounding behavior requires manual reconciliation	operator-invoked CLI handler	not established by this record	DB-004,LIFE-001,LIFE-002,LIFE-003	DEFINITION_INDEXED	if (!$disposable && getenv('MJL_RST006A_TRAFFIC_STOPPED') !== '1') throw new RuntimeException('Shared rollback requires an explicit stopped-traffic attestation.');
SUP-0602	custom/mjlfinancement/scripts/rst006a_activity_planning.php:81	LEXICAL_DATABASE_CANDIDATE	database-operation@81	lexically indexed database-operation candidate; surrounding behavior requires manual reconciliation	operator-invoked CLI handler	not established by this record	DB-004,LIFE-001,LIFE-002,LIFE-003	DEFINITION_INDEXED	if (!in_array($mode, array('apply','rollback','detect','prefix','verify','verify-predecessor','evidence'), true)) throw new RuntimeException('Use an approved RST-006A migration mode.');
SUP-0603	custom/mjlfinancement/scripts/rst006a_activity_planning.php:82	LEXICAL_DATABASE_CANDIDATE	database-operation@82	lexically indexed database-operation candidate; surrounding behavior requires manual reconciliation	operator-invoked CLI handler	not established by this record	DB-004,LIFE-001,LIFE-002,LIFE-003	DEFINITION_INDEXED	if (in_array($mode, array('apply','rollback'), true) && (!isset($options['confirm']) || $options['confirm'] !== 'RST-006A')) throw new RuntimeException('Explicit --confirm=RST-006A is required.');
SUP-0604	custom/mjlfinancement/scripts/rst006a_activity_planning.php:83	LEXICAL_DATABASE_CANDIDATE	database-operation@83	lexically indexed database-operation candidate; surrounding behavior requires manual reconciliation	operator-invoked CLI handler	not established by this record	DB-004,LIFE-001,LIFE-002,LIFE-003	DEFINITION_INDEXED	if (in_array($mode, array('apply','rollback'), true) && getenv('MJL_DISPOSABLE_TEST_TENANT') !== '1' && getenv('MJL_RST006A_TRAFFIC_STOPPED') !== '1') throw new RuntimeException('Shared RST-006A mutation requires an explicit stopped-traffic attestation.');
SUP-0605	custom/mjlfinancement/scripts/rst006a_activity_planning.php:99	LEXICAL_DATABASE_CANDIDATE	database-operation@99	lexically indexed database-operation candidate; surrounding behavior requires manual reconciliation	operator-invoked CLI handler	not established by this record	DB-004,LIFE-001,LIFE-002,LIFE-003	DEFINITION_INDEXED	"if ((int) mjl_rst005_scalar($db, ""SELECT GET_LOCK('"".$db->escape($lock).""',0)"") !== 1) throw new RuntimeException('RST-006A migration lock is unavailable.');"
SUP-0606	custom/mjlfinancement/scripts/rst006a_activity_planning.php:109	LEXICAL_DATABASE_CANDIDATE	database-operation@109	lexically indexed database-operation candidate; surrounding behavior requires manual reconciliation	operator-invoked CLI handler	not established by this record	DB-004,LIFE-001,LIFE-002,LIFE-003	DEFINITION_INDEXED	if ($state !== RST006A_SCHEMA_TARGET && !mjl_rst006a_is_known_rollback_prefix($db)) throw new RuntimeException('Rollback requires the exact target or a known rollback prefix.');
SUP-0607	custom/mjlfinancement/scripts/rst006a_activity_planning.php:110	LEXICAL_DATABASE_CANDIDATE	database-operation@110	lexically indexed database-operation candidate; surrounding behavior requires manual reconciliation	operator-invoked CLI handler	not established by this record	DB-004,LIFE-001,LIFE-002,LIFE-003	DEFINITION_INDEXED	foreach (array('activity','activity_assignment') as $suffix) if ((int) mjl_rst005_scalar($db, 'SELECT COUNT(*) FROM '.$db->prefix().'mjlfinancement_'.$suffix) !== 0) throw new RuntimeException('Rollback refused: Activity or assignment rows exist.');
SUP-0608	custom/mjlfinancement/scripts/rst006a_activity_planning.php:113	LEXICAL_DATABASE_CANDIDATE	database-operation@113	lexically indexed database-operation candidate; surrounding behavior requires manual reconciliation	operator-invoked CLI handler	not established by this record	DB-004,LIFE-001,LIFE-002,LIFE-003	DEFINITION_INDEXED	if (mjl_rst002b_table_exists($db, $table) && (int) mjl_rst005_scalar($db, 'SELECT COUNT(*) FROM '.$table) !== 0) throw new RuntimeException('Rollback refused: RST-006A tables are not empty.');
SUP-0609	custom/mjlfinancement/scripts/rst006a_activity_planning.php:116	LEXICAL_DATABASE_CANDIDATE	database-operation@116	lexically indexed database-operation candidate; surrounding behavior requires manual reconciliation	operator-invoked CLI handler	not established by this record	DB-004,LIFE-001,LIFE-002,LIFE-003	DEFINITION_INDEXED	if ((int) mjl_rst005_scalar($db, 'SELECT COUNT(*) FROM '.$db->prefix().'mjlfinancement_audit_event WHERE action IN ('.$actions.')') !== 0) throw new RuntimeException('Rollback refused: RST-006A audit evidence exists.');
SUP-0610	custom/mjlfinancement/scripts/rst006a_activity_planning.php:119	LEXICAL_DATABASE_CANDIDATE	database-operation@119	lexically indexed database-operation candidate; surrounding behavior requires manual reconciliation	operator-invoked CLI handler	not established by this record	DB-004,LIFE-001,LIFE-002,LIFE-003	DEFINITION_INDEXED	"print ""RST-006A rollback completed and predecessor verified.\n"";"
SUP-0611	custom/mjlfinancement/scripts/rst006a_activity_planning.php:122	LEXICAL_DATABASE_CANDIDATE	database-operation@122	lexically indexed database-operation candidate; surrounding behavior requires manual reconciliation	operator-invoked CLI handler	not established by this record	DB-004,LIFE-001,LIFE-002,LIFE-003	DEFINITION_INDEXED	"$db->query(""SELECT RELEASE_LOCK('"".$db->escape($lock).""')"");"
SUP-0612	custom/mjlfinancement/scripts/rst006a_schema.lib.php:1	TOP_LEVEL_HANDLER	<file>	provides guarded schema or lifecycle support routines for operator scripts	included CLI lifecycle library	database DDL/DML, locks, transactions, backups, or lifecycle checks	DB-004,LIFE-001,LIFE-002,LIFE-003	DEFINITION_INDEXED	<?php
SUP-0613	custom/mjlfinancement/scripts/rst006a_schema.lib.php:9	PHP_FUNCTION	mjl_rst006a_suffixes	defines a lifecycle, schema, or verification routine	included CLI lifecycle library	database DDL/DML, locks, transactions, backups, or lifecycle checks	DB-004,LIFE-001,LIFE-002,LIFE-003	DEFINITION_INDEXED	
SUP-0614	custom/mjlfinancement/scripts/rst006a_schema.lib.php:14	PHP_FUNCTION	mjl_rst006a_table	defines a lifecycle, schema, or verification routine	included CLI lifecycle library	database DDL/DML, locks, transactions, backups, or lifecycle checks	DB-004,LIFE-001,LIFE-002,LIFE-003	DEFINITION_INDEXED	
SUP-0615	custom/mjlfinancement/scripts/rst006a_schema.lib.php:20	PHP_FUNCTION	mjl_rst006a_columns	defines a lifecycle, schema, or verification routine	included CLI lifecycle library	database DDL/DML, locks, transactions, backups, or lifecycle checks	DB-004,LIFE-001,LIFE-002,LIFE-003	DEFINITION_INDEXED	
SUP-0616	custom/mjlfinancement/scripts/rst006a_schema.lib.php:29	PHP_FUNCTION	mjl_rst006a_new_table_contracts	defines a lifecycle, schema, or verification routine	included CLI lifecycle library	database DDL/DML, locks, transactions, backups, or lifecycle checks	DB-004,LIFE-001,LIFE-002,LIFE-003	DEFINITION_INDEXED	
SUP-0617	custom/mjlfinancement/scripts/rst006a_schema.lib.php:75	PHP_FUNCTION	mjl_rst006a_exact_subset	defines a lifecycle, schema, or verification routine	included CLI lifecycle library	database DDL/DML, locks, transactions, backups, or lifecycle checks	DB-004,LIFE-001,LIFE-002,LIFE-003	DEFINITION_INDEXED	
SUP-0618	custom/mjlfinancement/scripts/rst006a_schema.lib.php:82	PHP_FUNCTION	mjl_rst006a_base_indexes	defines a lifecycle, schema, or verification routine	included CLI lifecycle library	database DDL/DML, locks, transactions, backups, or lifecycle checks	DB-004,LIFE-001,LIFE-002,LIFE-003	DEFINITION_INDEXED	
SUP-0619	custom/mjlfinancement/scripts/rst006a_schema.lib.php:95	PHP_FUNCTION	mjl_rst006a_activity_prefix_checks_valid	defines a lifecycle, schema, or verification routine	included CLI lifecycle library	database DDL/DML, locks, transactions, backups, or lifecycle checks	DB-004,LIFE-001,LIFE-002,LIFE-003	DEFINITION_INDEXED	
SUP-0620	custom/mjlfinancement/scripts/rst006a_schema.lib.php:107	PHP_FUNCTION	mjl_rst006a_require_new_table_contract	defines a lifecycle, schema, or verification routine	included CLI lifecycle library	database DDL/DML, locks, transactions, backups, or lifecycle checks	DB-004,LIFE-001,LIFE-002,LIFE-003	DEFINITION_INDEXED	
SUP-0621	custom/mjlfinancement/scripts/rst006a_schema.lib.php:119	PHP_FUNCTION	mjl_rst006a_activity_contract	defines a lifecycle, schema, or verification routine	included CLI lifecycle library	database DDL/DML, locks, transactions, backups, or lifecycle checks	DB-004,LIFE-001,LIFE-002,LIFE-003	DEFINITION_INDEXED	
SUP-0622	custom/mjlfinancement/scripts/rst006a_schema.lib.php:128	PHP_FUNCTION	mjl_rst006a_require_activity_contract	defines a lifecycle, schema, or verification routine	included CLI lifecycle library	database DDL/DML, locks, transactions, backups, or lifecycle checks	DB-004,LIFE-001,LIFE-002,LIFE-003	DEFINITION_INDEXED	
SUP-0623	custom/mjlfinancement/scripts/rst006a_schema.lib.php:133	PHP_FUNCTION	mjl_rst006a_require_trigger_contract	defines a lifecycle, schema, or verification routine	included CLI lifecycle library	database DDL/DML, locks, transactions, backups, or lifecycle checks	DB-004,LIFE-001,LIFE-002,LIFE-003	DEFINITION_INDEXED	
SUP-0624	custom/mjlfinancement/scripts/rst006a_schema.lib.php:143	PHP_FUNCTION	mjl_rst006a_is_known_prefix	defines a lifecycle, schema, or verification routine	included CLI lifecycle library	database DDL/DML, locks, transactions, backups, or lifecycle checks	DB-004,LIFE-001,LIFE-002,LIFE-003	DEFINITION_INDEXED	
SUP-0625	custom/mjlfinancement/scripts/rst006a_schema.lib.php:192	PHP_FUNCTION	mjl_rst006a_prefix_triggers_valid	defines a lifecycle, schema, or verification routine	included CLI lifecycle library	database DDL/DML, locks, transactions, backups, or lifecycle checks	DB-004,LIFE-001,LIFE-002,LIFE-003	DEFINITION_INDEXED	
SUP-0626	custom/mjlfinancement/scripts/rst006a_schema.lib.php:218	PHP_FUNCTION	mjl_rst006a_sql_statements	defines a lifecycle, schema, or verification routine	included CLI lifecycle library	database DDL/DML, locks, transactions, backups, or lifecycle checks	DB-004,LIFE-001,LIFE-002,LIFE-003	DEFINITION_INDEXED	
SUP-0627	custom/mjlfinancement/scripts/rst006a_schema.lib.php:223	PHP_FUNCTION	mjl_rst006a_key_names	defines a lifecycle, schema, or verification routine	included CLI lifecycle library	database DDL/DML, locks, transactions, backups, or lifecycle checks	DB-004,LIFE-001,LIFE-002,LIFE-003	DEFINITION_INDEXED	
SUP-0628	custom/mjlfinancement/scripts/rst006a_schema.lib.php:228	PHP_FUNCTION	mjl_rst006a_forward_prefix	defines a lifecycle, schema, or verification routine	included CLI lifecycle library	database DDL/DML, locks, transactions, backups, or lifecycle checks	DB-004,LIFE-001,LIFE-002,LIFE-003	DEFINITION_INDEXED	
SUP-0629	custom/mjlfinancement/scripts/rst006a_schema.lib.php:259	PHP_FUNCTION	mjl_rst006a_detect_schema	defines a lifecycle, schema, or verification routine	included CLI lifecycle library	database DDL/DML, locks, transactions, backups, or lifecycle checks	DB-004,LIFE-001,LIFE-002,LIFE-003	DEFINITION_INDEXED	
SUP-0630	custom/mjlfinancement/scripts/rst006a_schema.lib.php:316	PHP_FUNCTION	mjl_rst006a_load_sql_file	defines a lifecycle, schema, or verification routine	included CLI lifecycle library	database DDL/DML, locks, transactions, backups, or lifecycle checks	DB-004,LIFE-001,LIFE-002,LIFE-003	DEFINITION_INDEXED	
SUP-0631	custom/mjlfinancement/scripts/rst006a_schema.lib.php:321	PHP_FUNCTION	mjl_rst006a_guard_statements	defines a lifecycle, schema, or verification routine	included CLI lifecycle library	database DDL/DML, locks, transactions, backups, or lifecycle checks	DB-004,LIFE-001,LIFE-002,LIFE-003	DEFINITION_INDEXED	
SUP-0632	custom/mjlfinancement/scripts/rst006a_schema.lib.php:354	PHP_FUNCTION	mjl_rst006a_install_guards	defines a lifecycle, schema, or verification routine	included CLI lifecycle library	database DDL/DML, locks, transactions, backups, or lifecycle checks	DB-004,LIFE-001,LIFE-002,LIFE-003	DEFINITION_INDEXED	
SUP-0633	custom/mjlfinancement/scripts/rst006a_schema.lib.php:360	PHP_FUNCTION	mjl_rst006a_install_new_table_guards	defines a lifecycle, schema, or verification routine	included CLI lifecycle library	database DDL/DML, locks, transactions, backups, or lifecycle checks	DB-004,LIFE-001,LIFE-002,LIFE-003	DEFINITION_INDEXED	
SUP-0634	custom/mjlfinancement/scripts/rst006a_schema.lib.php:368	PHP_FUNCTION	mjl_rst006a_install_activation_guards	defines a lifecycle, schema, or verification routine	included CLI lifecycle library	database DDL/DML, locks, transactions, backups, or lifecycle checks	DB-004,LIFE-001,LIFE-002,LIFE-003	DEFINITION_INDEXED	
SUP-0635	custom/mjlfinancement/scripts/rst006a_schema.lib.php:381	PHP_FUNCTION	mjl_rst006a_install_target	defines a lifecycle, schema, or verification routine	included CLI lifecycle library	database DDL/DML, locks, transactions, backups, or lifecycle checks	DB-004,LIFE-001,LIFE-002,LIFE-003	DEFINITION_INDEXED	
SUP-0636	custom/mjlfinancement/scripts/rst006a_schema.lib.php:426	PHP_FUNCTION	mjl_rst006a_object_exists	defines a lifecycle, schema, or verification routine	included CLI lifecycle library	database DDL/DML, locks, transactions, backups, or lifecycle checks	DB-004,LIFE-001,LIFE-002,LIFE-003	DEFINITION_INDEXED	
SUP-0637	custom/mjlfinancement/scripts/rst006a_schema.lib.php:439	PHP_FUNCTION	mjl_rst006a_checked_ddl	defines a lifecycle, schema, or verification routine	included CLI lifecycle library	database DDL/DML, locks, transactions, backups, or lifecycle checks	DB-004,LIFE-001,LIFE-002,LIFE-003	DEFINITION_INDEXED	
SUP-0638	custom/mjlfinancement/scripts/rst006a_schema.lib.php:448	PHP_FUNCTION	mjl_rst006a_begin_ddl_sequence	defines a lifecycle, schema, or verification routine	included CLI lifecycle library	database DDL/DML, locks, transactions, backups, or lifecycle checks	DB-004,LIFE-001,LIFE-002,LIFE-003	DEFINITION_INDEXED	
SUP-0639	custom/mjlfinancement/scripts/rst006a_schema.lib.php:453	PHP_FUNCTION	mjl_rst006a_check_equals	defines a lifecycle, schema, or verification routine	included CLI lifecycle library	database DDL/DML, locks, transactions, backups, or lifecycle checks	DB-004,LIFE-001,LIFE-002,LIFE-003	DEFINITION_INDEXED	
SUP-0640	custom/mjlfinancement/scripts/rst006a_schema.lib.php:461	PHP_FUNCTION	mjl_rst006a_trigger_equals	defines a lifecycle, schema, or verification routine	included CLI lifecycle library	database DDL/DML, locks, transactions, backups, or lifecycle checks	DB-004,LIFE-001,LIFE-002,LIFE-003	DEFINITION_INDEXED	
SUP-0641	custom/mjlfinancement/scripts/rst006a_schema.lib.php:469	PHP_FUNCTION	mjl_rst006a_target_trigger_sql	defines a lifecycle, schema, or verification routine	included CLI lifecycle library	database DDL/DML, locks, transactions, backups, or lifecycle checks	DB-004,LIFE-001,LIFE-002,LIFE-003	DEFINITION_INDEXED	
SUP-0642	custom/mjlfinancement/scripts/rst006a_schema.lib.php:475	PHP_FUNCTION	mjl_rst006a_rollback_actions	defines a lifecycle, schema, or verification routine	included CLI lifecycle library	database DDL/DML, locks, transactions, backups, or lifecycle checks	DB-004,LIFE-001,LIFE-002,LIFE-003	DEFINITION_INDEXED	
SUP-0643	custom/mjlfinancement/scripts/rst006a_schema.lib.php:528	PHP_FUNCTION	mjl_rst006a_is_known_rollback_prefix	defines a lifecycle, schema, or verification routine	included CLI lifecycle library	database DDL/DML, locks, transactions, backups, or lifecycle checks	DB-004,LIFE-001,LIFE-002,LIFE-003	DEFINITION_INDEXED	
SUP-0644	custom/mjlfinancement/scripts/rst006a_schema.lib.php:555	PHP_FUNCTION	mjl_rst006a_rollback_target	defines a lifecycle, schema, or verification routine	included CLI lifecycle library	database DDL/DML, locks, transactions, backups, or lifecycle checks	DB-004,LIFE-001,LIFE-002,LIFE-003	DEFINITION_INDEXED	
SUP-0645	custom/mjlfinancement/scripts/rst006a_schema.lib.php:568	PHP_FUNCTION	mjl_rst006a_require_target	defines a lifecycle, schema, or verification routine	included CLI lifecycle library	database DDL/DML, locks, transactions, backups, or lifecycle checks	DB-004,LIFE-001,LIFE-002,LIFE-003	DEFINITION_INDEXED	
SUP-0646	custom/mjlfinancement/scripts/rst006a_schema.lib.php:36	LEXICAL_DATABASE_CANDIDATE	database-operation@36	lexically indexed database-operation candidate; surrounding behavior requires manual reconciliation	included CLI lifecycle library	not established by this record	DB-004,LIFE-001,LIFE-002,LIFE-003	DEFINITION_INDEXED	'columns'=>array('entity'=>'int(11)|NO|||','next_value'=>'bigint(20)|NO|||','date_creation'=>'datetime|NO|||','tms'=>'timestamp|NO|current_timestamp()|on update current_timestamp()|'),
SUP-0647	custom/mjlfinancement/scripts/rst006a_schema.lib.php:43	LEXICAL_DATABASE_CANDIDATE	database-operation@43	lexically indexed database-operation candidate; surrounding behavior requires manual reconciliation	included CLI lifecycle library	not established by this record	DB-004,LIFE-001,LIFE-002,LIFE-003	DEFINITION_INDEXED	"'columns'=>array('rowid'=>'bigint(20)|NO||auto_increment|','entity'=>'int(11)|NO|||','fk_activity'=>'int(11)|NO|||','fk_operation_type'=>'int(11)|NO|||','name'=>'varchar(255)|NO|||','authorized_amount'=>'bigint(20)|NO|||','status'=>""varchar(16)|NO|'TODO'||"",'spent_amount'=>'bigint(20)|YES|NULL||','observation'=>'text|YES|NULL||','version'=>'bigint(20)|NO|1||','date_removed'=>'datetime|YES|NULL||','fk_user_removed'=>'"
SUP-0648	custom/mjlfinancement/scripts/rst006a_schema.lib.php:338	LEXICAL_DATABASE_CANDIDATE	database-operation@338	lexically indexed database-operation candidate; surrounding behavior requires manual reconciliation	included CLI lifecycle library	not established by this record	DB-004,LIFE-001,LIFE-002,LIFE-003	DEFINITION_INDEXED	"'CREATE TRIGGER '.$p.""mjl_activity_rst006a_bu BEFORE UPDATE ON $a FOR EACH ROW BEGIN DECLARE final_amount BIGINT DEFAULT NULL; IF NEW.entity<>OLD.entity OR NEW.ref<>OLD.ref OR NEW.fk_user_creat<>OLD.fk_user_creat OR NEW.date_creation<>OLD.date_creation OR NEW.version<>OLD.version+1 OR NEW.is_cancelled<>0 THEN SIGNAL SQLSTATE '45000' SET MESSAGE_TEXT='Invalid RST-006A Activity update'; END IF; IF NEW.validation_status"
SUP-0649	custom/mjlfinancement/scripts/rst006a_schema.lib.php:341	LEXICAL_DATABASE_CANDIDATE	database-operation@341	lexically indexed database-operation candidate; surrounding behavior requires manual reconciliation	included CLI lifecycle library	not established by this record	DB-004,LIFE-001,LIFE-002,LIFE-003	DEFINITION_INDEXED	"'CREATE TRIGGER '.$p.""mjl_operation_rst006a_bu BEFORE UPDATE ON $o FOR EACH ROW BEGIN IF NEW.entity<>OLD.entity OR NEW.fk_activity<>OLD.fk_activity OR NEW.date_creation<>OLD.date_creation OR NEW.fk_user_creat<>OLD.fk_user_creat OR NEW.version<>OLD.version+1 OR OLD.date_removed IS NOT NULL THEN SIGNAL SQLSTATE '45000' SET MESSAGE_TEXT='Invalid RST-006A Operation update'; END IF; END"","
SUP-0650	custom/mjlfinancement/scripts/rst006a_schema.lib.php:344	LEXICAL_DATABASE_CANDIDATE	database-operation@344	lexically indexed database-operation candidate; surrounding behavior requires manual reconciliation	included CLI lifecycle library	not established by this record	DB-004,LIFE-001,LIFE-002,LIFE-003	DEFINITION_INDEXED	"'CREATE TRIGGER '.$p.""mjl_revision_rst006a_bu BEFORE UPDATE ON $r FOR EACH ROW SIGNAL SQLSTATE '45000' SET MESSAGE_TEXT='MJL revisions are immutable'"","
SUP-0651	custom/mjlfinancement/scripts/rst006a_schema.lib.php:347	LEXICAL_DATABASE_CANDIDATE	database-operation@347	lexically indexed database-operation candidate; surrounding behavior requires manual reconciliation	included CLI lifecycle library	not established by this record	DB-004,LIFE-001,LIFE-002,LIFE-003	DEFINITION_INDEXED	"'CREATE TRIGGER '.$p.""mjl_contributor_rst006a_bu BEFORE UPDATE ON $c FOR EACH ROW SIGNAL SQLSTATE '45000' SET MESSAGE_TEXT='MJL revision contributors are immutable'"","
SUP-0652	custom/mjlfinancement/scripts/rst006a_schema.lib.php:350	LEXICAL_DATABASE_CANDIDATE	database-operation@350	lexically indexed database-operation candidate; surrounding behavior requires manual reconciliation	included CLI lifecycle library	not established by this record	DB-004,LIFE-001,LIFE-002,LIFE-003	DEFINITION_INDEXED	"'CREATE TRIGGER '.$p.""mjl_decision_rst006a_bu BEFORE UPDATE ON $d FOR EACH ROW SIGNAL SQLSTATE '45000' SET MESSAGE_TEXT='MJL review decisions are immutable'"","
SUP-0653	custom/mjlfinancement/scripts/rst006a_schema.lib.php:405	LEXICAL_DATABASE_CANDIDATE	database-operation@405	lexically indexed database-operation candidate; surrounding behavior requires manual reconciliation	included CLI lifecycle library	not established by this record	DB-004,LIFE-001,LIFE-002,LIFE-003	DEFINITION_INDEXED	mjl_rst006a_checked_ddl($db, 'ALTER TABLE '.$activity.' ADD fk_current_revision BIGINT(20) DEFAULT NULL AFTER latest_validated_amount', 'add-current-revision-column');
SUP-0654	custom/mjlfinancement/scripts/rst006a_schema.lib.php:408	LEXICAL_DATABASE_CANDIDATE	database-operation@408	lexically indexed database-operation candidate; surrounding behavior requires manual reconciliation	included CLI lifecycle library	not established by this record	DB-004,LIFE-001,LIFE-002,LIFE-003	DEFINITION_INDEXED	) mjl_rst006a_checked_ddl($db, 'ALTER TABLE '.$activity.' ADD UNIQUE INDEX uk_mjl_activity_entity_rowid (entity,rowid)', 'add-activity-composite-index');
SUP-0655	custom/mjlfinancement/scripts/rst006a_schema.lib.php:410	LEXICAL_DATABASE_CANDIDATE	database-operation@410	lexically indexed database-operation candidate; surrounding behavior requires manual reconciliation	included CLI lifecycle library	not established by this record	DB-004,LIFE-001,LIFE-002,LIFE-003	DEFINITION_INDEXED	) mjl_rst006a_checked_ddl($db, 'ALTER TABLE '.$activity.' ADD INDEX idx_mjl_activity_current_revision (entity,fk_current_revision,rowid)', 'add-current-revision-index');
SUP-0656	custom/mjlfinancement/scripts/rst006a_schema.lib.php:412	LEXICAL_DATABASE_CANDIDATE	database-operation@412	lexically indexed database-operation candidate; surrounding behavior requires manual reconciliation	included CLI lifecycle library	not established by this record	DB-004,LIFE-001,LIFE-002,LIFE-003	DEFINITION_INDEXED	) mjl_rst006a_checked_ddl($db, 'ALTER TABLE '.$activity.' ADD CONSTRAINT fk_mjl_activity_current_revision FOREIGN KEY (entity,fk_current_revision,rowid) REFERENCES '.$db->prefix().'mjlfinancement_activity_revision(entity,rowid,fk_activity) ON UPDATE RESTRICT ON DELETE RESTRICT', 'add-current-revision-fk');
SUP-0657	custom/mjlfinancement/scripts/rst006a_schema.lib.php:414	LEXICAL_DATABASE_CANDIDATE	database-operation@414	lexically indexed database-operation candidate; surrounding behavior requires manual reconciliation	included CLI lifecycle library	not established by this record	DB-004,LIFE-001,LIFE-002,LIFE-003	DEFINITION_INDEXED	if (mjl_rst006a_object_exists($db,'constraint',$activity,'chk_mjl_activity_rst005_dormant')) mjl_rst006a_checked_ddl($db, 'ALTER TABLE '.$activity.' DROP CONSTRAINT chk_mjl_activity_rst005_dormant', 'drop-predecessor-dormant-check');
SUP-0658	custom/mjlfinancement/scripts/rst006a_schema.lib.php:415	LEXICAL_DATABASE_CANDIDATE	database-operation@415	lexically indexed database-operation candidate; surrounding behavior requires manual reconciliation	included CLI lifecycle library	not established by this record	DB-004,LIFE-001,LIFE-002,LIFE-003	DEFINITION_INDEXED	"if (mjl_rst006a_object_exists($db,'constraint',$activity,'chk_mjl_activity_validation_status') && !mjl_rst006a_check_equals($db,$activity,'chk_mjl_activity_validation_status',""validation_status IN ('DRAFT','ABANDONED','SUBMITTED','RETURNED_SUPERVISOR','PREVALIDATED','RETURNED_VALIDATOR','FINAL_VALIDATED')"")) mjl_rst006a_checked_ddl($db, 'ALTER TABLE '.$activity.' DROP CONSTRAINT chk_mjl_activity_validation_status', '"
SUP-0659	custom/mjlfinancement/scripts/rst006a_schema.lib.php:417	LEXICAL_DATABASE_CANDIDATE	database-operation@417	lexically indexed database-operation candidate; surrounding behavior requires manual reconciliation	included CLI lifecycle library	not established by this record	DB-004,LIFE-001,LIFE-002,LIFE-003	DEFINITION_INDEXED	") mjl_rst006a_checked_ddl($db, ""ALTER TABLE $activity ADD CONSTRAINT chk_mjl_activity_validation_status CHECK (validation_status IN ('DRAFT','ABANDONED','SUBMITTED','RETURNED_SUPERVISOR','PREVALIDATED','RETURNED_VALIDATOR','FINAL_VALIDATED'))"", 'add-phase2-status-check');"
SUP-0660	custom/mjlfinancement/scripts/rst006a_schema.lib.php:420	LEXICAL_DATABASE_CANDIDATE	database-operation@420	lexically indexed database-operation candidate; surrounding behavior requires manual reconciliation	included CLI lifecycle library	not established by this record	DB-004,LIFE-001,LIFE-002,LIFE-003	DEFINITION_INDEXED	mjl_rst006a_checked_ddl($db, 'ALTER TABLE '.$activity.' ADD CONSTRAINT chk_mjl_activity_rst006a_phase2 CHECK ('.$check.')', 'add-phase2-shape-check');
SUP-0661	custom/mjlfinancement/scripts/rst006a_schema.lib.php:493	LEXICAL_DATABASE_CANDIDATE	database-operation@493	lexically indexed database-operation candidate; surrounding behavior requires manual reconciliation	included CLI lifecycle library	not established by this record	DB-004,LIFE-001,LIFE-002,LIFE-003	DEFINITION_INDEXED	$actions[] = array('drop-current-revision-fk', !mjl_rst006a_object_exists($db,'constraint',$a,'fk_mjl_activity_current_revision'), 'ALTER TABLE '.$a.' DROP FOREIGN KEY fk_mjl_activity_current_revision');
SUP-0662	custom/mjlfinancement/scripts/rst006a_schema.lib.php:494	LEXICAL_DATABASE_CANDIDATE	database-operation@494	lexically indexed database-operation candidate; surrounding behavior requires manual reconciliation	included CLI lifecycle library	not established by this record	DB-004,LIFE-001,LIFE-002,LIFE-003	DEFINITION_INDEXED	$actions[] = array('drop-phase2-check', !mjl_rst006a_object_exists($db,'constraint',$a,'chk_mjl_activity_rst006a_phase2'), 'ALTER TABLE '.$a.' DROP CONSTRAINT chk_mjl_activity_rst006a_phase2');
SUP-0663	custom/mjlfinancement/scripts/rst006a_schema.lib.php:495	LEXICAL_DATABASE_CANDIDATE	database-operation@495	lexically indexed database-operation candidate; surrounding behavior requires manual reconciliation	included CLI lifecycle library	not established by this record	DB-004,LIFE-001,LIFE-002,LIFE-003	DEFINITION_INDEXED	$actions[] = array('drop-current-revision-index', !mjl_rst006a_object_exists($db,'index',$a,'idx_mjl_activity_current_revision'), 'ALTER TABLE '.$a.' DROP INDEX idx_mjl_activity_current_revision');
SUP-0664	custom/mjlfinancement/scripts/rst006a_schema.lib.php:496	LEXICAL_DATABASE_CANDIDATE	database-operation@496	lexically indexed database-operation candidate; surrounding behavior requires manual reconciliation	included CLI lifecycle library	not established by this record	DB-004,LIFE-001,LIFE-002,LIFE-003	DEFINITION_INDEXED	$actions[] = array('drop-activity-composite-index', !mjl_rst006a_object_exists($db,'index',$a,'uk_mjl_activity_entity_rowid'), 'ALTER TABLE '.$a.' DROP INDEX uk_mjl_activity_entity_rowid');
SUP-0665	custom/mjlfinancement/scripts/rst006a_schema.lib.php:497	LEXICAL_DATABASE_CANDIDATE	database-operation@497	lexically indexed database-operation candidate; surrounding behavior requires manual reconciliation	included CLI lifecycle library	not established by this record	DB-004,LIFE-001,LIFE-002,LIFE-003	DEFINITION_INDEXED	$actions[] = array('drop-current-revision-column', !mjl_rst006a_object_exists($db,'column',$a,'fk_current_revision'), 'ALTER TABLE '.$a.' DROP COLUMN fk_current_revision');
SUP-0666	custom/mjlfinancement/scripts/rst006a_schema.lib.php:499	LEXICAL_DATABASE_CANDIDATE	database-operation@499	lexically indexed database-operation candidate; surrounding behavior requires manual reconciliation	included CLI lifecycle library	not established by this record	DB-004,LIFE-001,LIFE-002,LIFE-003	DEFINITION_INDEXED	$actions[] = array('drop-phase2-status-check', !mjl_rst006a_check_equals($db,$a,'chk_mjl_activity_validation_status',$targetStatus), 'ALTER TABLE '.$a.' DROP CONSTRAINT chk_mjl_activity_validation_status');
SUP-0667	custom/mjlfinancement/scripts/rst006a_schema.lib.php:509	LEXICAL_DATABASE_CANDIDATE	database-operation@509	lexically indexed database-operation candidate; surrounding behavior requires manual reconciliation	included CLI lifecycle library	not established by this record	DB-004,LIFE-001,LIFE-002,LIFE-003	DEFINITION_INDEXED	$actions[] = array('drop-'.$name,$done,'ALTER TABLE '.$table.' DROP FOREIGN KEY '.$name);
SUP-0668	custom/mjlfinancement/scripts/rst006a_schema.lib.php:513	LEXICAL_DATABASE_CANDIDATE	database-operation@513	lexically indexed database-operation candidate; surrounding behavior requires manual reconciliation	included CLI lifecycle library	not established by this record	DB-004,LIFE-001,LIFE-002,LIFE-003	DEFINITION_INDEXED	$actions[] = array('drop-table-'.$suffix,!mjl_rst002b_table_exists($db,$table),'DROP TABLE '.$table);
SUP-0669	custom/mjlfinancement/scripts/rst006a_schema.lib.php:516	LEXICAL_DATABASE_CANDIDATE	database-operation@516	lexically indexed database-operation candidate; surrounding behavior requires manual reconciliation	included CLI lifecycle library	not established by this record	DB-004,LIFE-001,LIFE-002,LIFE-003	DEFINITION_INDEXED	"$actions[] = array('restore-predecessor-status-check', mjl_rst006a_check_equals($db,$a,'chk_mjl_activity_validation_status',$predecessorStatus), ""ALTER TABLE $a ADD CONSTRAINT chk_mjl_activity_validation_status CHECK ($predecessorStatus)"");"
SUP-0670	custom/mjlfinancement/scripts/rst006a_schema.lib.php:517	LEXICAL_DATABASE_CANDIDATE	database-operation@517	lexically indexed database-operation candidate; surrounding behavior requires manual reconciliation	included CLI lifecycle library	not established by this record	DB-004,LIFE-001,LIFE-002,LIFE-003	DEFINITION_INDEXED	"$actions[] = array('restore-predecessor-dormant-check', mjl_rst006a_object_exists($db,'constraint',$a,'chk_mjl_activity_rst005_dormant'), ""ALTER TABLE $a ADD CONSTRAINT chk_mjl_activity_rst005_dormant CHECK (validation_status='DRAFT' AND is_cancelled=0 AND first_submitted_amount IS NULL AND latest_validated_amount IS NULL)"");"
SUP-0671	custom/mjlfinancement/scripts/rst006a_schema.lib.php:544	LEXICAL_DATABASE_CANDIDATE	database-operation@544	lexically indexed database-operation candidate; surrounding behavior requires manual reconciliation	included CLI lifecycle library	not established by this record	DB-004,LIFE-001,LIFE-002,LIFE-003	DEFINITION_INDEXED	mjl_rst006a_require_new_table_contract($db,'activity-rollback',$contract,$activity,false);
SUP-0672	custom/mjlfinancement/scripts/rst006a_schema.lib.php:558	LEXICAL_DATABASE_CANDIDATE	database-operation@558	lexically indexed database-operation candidate; surrounding behavior requires manual reconciliation	included CLI lifecycle library	not established by this record	DB-004,LIFE-001,LIFE-002,LIFE-003	DEFINITION_INDEXED	mjl_rst006a_begin_ddl_sequence('rollback',$failurePoint);
SUP-0673	custom/mjlfinancement/scripts/rst006a_schema.lib.php:563	LEXICAL_DATABASE_CANDIDATE	database-operation@563	lexically indexed database-operation candidate; surrounding behavior requires manual reconciliation	included CLI lifecycle library	not established by this record	DB-004,LIFE-001,LIFE-002,LIFE-003	DEFINITION_INDEXED	if (!mjl_rst006a_is_known_rollback_prefix($db) && $position > 1) throw new RuntimeException('Unknown RST-006A rollback structural state.');
SUP-0674	custom/mjlfinancement/scripts/rst006a_schema.lib.php:565	LEXICAL_DATABASE_CANDIDATE	database-operation@565	lexically indexed database-operation candidate; surrounding behavior requires manual reconciliation	included CLI lifecycle library	not established by this record	DB-004,LIFE-001,LIFE-002,LIFE-003	DEFINITION_INDEXED	if ($failurePoint === $action[0] || $failurePoint === 'rollback-'.$position) throw new RuntimeException('Injected interruption after '.$action[0].'.');
SUP-0675	custom/mjlfinancement/scripts/rst006b_documents_evidence.php:1	TOP_LEVEL_HANDLER	<file>	executes a guarded one-off schema, reset, assignment, or bootstrap operation	operator-invoked CLI handler	database DDL/DML, transactions, locks, backup, diagnostics, and exit status	DB-004,LIFE-001,LIFE-002,LIFE-003	DEFINITION_INDEXED	<?php
SUP-0676	custom/mjlfinancement/scripts/rst006b_documents_evidence.php:5	PHP_FUNCTION	mjl_rst006b_hash_field	defines a lifecycle, schema, or verification routine	operator-invoked CLI handler	database DDL/DML, transactions, locks, backup, diagnostics, and exit status	DB-004,LIFE-001,LIFE-002,LIFE-003	DEFINITION_INDEXED	
SUP-0677	custom/mjlfinancement/scripts/rst006b_documents_evidence.php:10	PHP_FUNCTION	mjl_rst006b_documents_sha256	defines a lifecycle, schema, or verification routine	operator-invoked CLI handler	database DDL/DML, transactions, locks, backup, diagnostics, and exit status	DB-004,LIFE-001,LIFE-002,LIFE-003	DEFINITION_INDEXED	
SUP-0678	custom/mjlfinancement/scripts/rst006b_execution.php:1	TOP_LEVEL_HANDLER	<file>	executes a guarded one-off schema, reset, assignment, or bootstrap operation	operator-invoked CLI handler	database DDL/DML, transactions, locks, backup, diagnostics, and exit status	DB-004,LIFE-001,LIFE-002,LIFE-003	DEFINITION_INDEXED	<?php
SUP-0679	custom/mjlfinancement/scripts/rst006b_execution.php:8	PHP_FUNCTION	mjl_rst006b_disposable_tenant_attested	defines a lifecycle, schema, or verification routine	operator-invoked CLI handler	database DDL/DML, transactions, locks, backup, diagnostics, and exit status	DB-004,LIFE-001,LIFE-002,LIFE-003	DEFINITION_INDEXED	
SUP-0680	custom/mjlfinancement/scripts/rst006b_execution.php:17	PHP_FUNCTION	mjl_rst006b_shared_cutover_attested	defines a lifecycle, schema, or verification routine	operator-invoked CLI handler	database DDL/DML, transactions, locks, backup, diagnostics, and exit status	DB-004,LIFE-001,LIFE-002,LIFE-003	DEFINITION_INDEXED	
SUP-0681	custom/mjlfinancement/scripts/rst006b_execution.php:23	PHP_FUNCTION	mjl_rst006b_require_empty_tenant	defines a lifecycle, schema, or verification routine	operator-invoked CLI handler	database DDL/DML, transactions, locks, backup, diagnostics, and exit status	DB-004,LIFE-001,LIFE-002,LIFE-003	DEFINITION_INDEXED	
SUP-0682	custom/mjlfinancement/scripts/rst006b_execution.php:55	LEXICAL_DATABASE_CANDIDATE	database-operation@55	lexically indexed database-operation candidate; surrounding behavior requires manual reconciliation	operator-invoked CLI handler	not established by this record	DB-004,LIFE-001,LIFE-002,LIFE-003	DEFINITION_INDEXED	elseif ($mode === 'rollback' && $confirm === 'RST-006B') {if(!$disposable)throw new RuntimeException('RST-006B rollback is restricted to an attested disposable tenant.');mjl_rst006b_require_empty_tenant($db,true);mjl_rst006b_rollback_target($db);mjl_rst006b_require_empty_tenant($db,true);}
SUP-0683	custom/mjlfinancement/scripts/rst006b_schema.lib.php:1	TOP_LEVEL_HANDLER	<file>	provides guarded schema or lifecycle support routines for operator scripts	included CLI lifecycle library	database DDL/DML, locks, transactions, backups, or lifecycle checks	DB-004,LIFE-001,LIFE-002,LIFE-003	DEFINITION_INDEXED	<?php
SUP-0684	custom/mjlfinancement/scripts/rst006b_schema.lib.php:9	PHP_FUNCTION	mjl_rst006b_failpoint	defines a lifecycle, schema, or verification routine	included CLI lifecycle library	database DDL/DML, locks, transactions, backups, or lifecycle checks	DB-004,LIFE-001,LIFE-002,LIFE-003	DEFINITION_INDEXED	
SUP-0685	custom/mjlfinancement/scripts/rst006b_schema.lib.php:14	PHP_FUNCTION	mjl_rst006b_table	defines a lifecycle, schema, or verification routine	included CLI lifecycle library	database DDL/DML, locks, transactions, backups, or lifecycle checks	DB-004,LIFE-001,LIFE-002,LIFE-003	DEFINITION_INDEXED	
SUP-0686	custom/mjlfinancement/scripts/rst006b_schema.lib.php:19	PHP_FUNCTION	mjl_rst006b_constraint_exists	defines a lifecycle, schema, or verification routine	included CLI lifecycle library	database DDL/DML, locks, transactions, backups, or lifecycle checks	DB-004,LIFE-001,LIFE-002,LIFE-003	DEFINITION_INDEXED	
SUP-0687	custom/mjlfinancement/scripts/rst006b_schema.lib.php:24	PHP_FUNCTION	mjl_rst006b_trigger_exists	defines a lifecycle, schema, or verification routine	included CLI lifecycle library	database DDL/DML, locks, transactions, backups, or lifecycle checks	DB-004,LIFE-001,LIFE-002,LIFE-003	DEFINITION_INDEXED	
SUP-0688	custom/mjlfinancement/scripts/rst006b_schema.lib.php:29	PHP_FUNCTION	mjl_rst006b_request_checks	defines a lifecycle, schema, or verification routine	included CLI lifecycle library	database DDL/DML, locks, transactions, backups, or lifecycle checks	DB-004,LIFE-001,LIFE-002,LIFE-003	DEFINITION_INDEXED	
SUP-0689	custom/mjlfinancement/scripts/rst006b_schema.lib.php:40	PHP_FUNCTION	mjl_rst006b_table_contracts	defines a lifecycle, schema, or verification routine	included CLI lifecycle library	database DDL/DML, locks, transactions, backups, or lifecycle checks	DB-004,LIFE-001,LIFE-002,LIFE-003	DEFINITION_INDEXED	
SUP-0690	custom/mjlfinancement/scripts/rst006b_schema.lib.php:72	PHP_FUNCTION	mjl_rst006b_trigger_contract_maps	defines a lifecycle, schema, or verification routine	included CLI lifecycle library	database DDL/DML, locks, transactions, backups, or lifecycle checks	DB-004,LIFE-001,LIFE-002,LIFE-003	DEFINITION_INDEXED	
SUP-0691	custom/mjlfinancement/scripts/rst006b_schema.lib.php:88	PHP_FUNCTION	mjl_rst006b_add_trigger_contract	defines a lifecycle, schema, or verification routine	included CLI lifecycle library	database DDL/DML, locks, transactions, backups, or lifecycle checks	DB-004,LIFE-001,LIFE-002,LIFE-003	DEFINITION_INDEXED	
SUP-0692	custom/mjlfinancement/scripts/rst006b_schema.lib.php:95	PHP_FUNCTION	mjl_rst006b_require_trigger_contract	defines a lifecycle, schema, or verification routine	included CLI lifecycle library	database DDL/DML, locks, transactions, backups, or lifecycle checks	DB-004,LIFE-001,LIFE-002,LIFE-003	DEFINITION_INDEXED	
SUP-0693	custom/mjlfinancement/scripts/rst006b_schema.lib.php:101	PHP_FUNCTION	mjl_rst006b_require_prefix_trigger_contract	defines a lifecycle, schema, or verification routine	included CLI lifecycle library	database DDL/DML, locks, transactions, backups, or lifecycle checks	DB-004,LIFE-001,LIFE-002,LIFE-003	DEFINITION_INDEXED	
SUP-0694	custom/mjlfinancement/scripts/rst006b_schema.lib.php:111	PHP_FUNCTION	mjl_rst006b_contract_matches	defines a lifecycle, schema, or verification routine	included CLI lifecycle library	database DDL/DML, locks, transactions, backups, or lifecycle checks	DB-004,LIFE-001,LIFE-002,LIFE-003	DEFINITION_INDEXED	
SUP-0695	custom/mjlfinancement/scripts/rst006b_schema.lib.php:116	PHP_FUNCTION	mjl_rst006b_contract_stage	defines a lifecycle, schema, or verification routine	included CLI lifecycle library	database DDL/DML, locks, transactions, backups, or lifecycle checks	DB-004,LIFE-001,LIFE-002,LIFE-003	DEFINITION_INDEXED	
SUP-0696	custom/mjlfinancement/scripts/rst006b_schema.lib.php:122	PHP_FUNCTION	mjl_rst006b_request_contract_stages	defines a lifecycle, schema, or verification routine	included CLI lifecycle library	database DDL/DML, locks, transactions, backups, or lifecycle checks	DB-004,LIFE-001,LIFE-002,LIFE-003	DEFINITION_INDEXED	
SUP-0697	custom/mjlfinancement/scripts/rst006b_schema.lib.php:129	PHP_FUNCTION	mjl_rst006b_contract_valid	defines a lifecycle, schema, or verification routine	included CLI lifecycle library	database DDL/DML, locks, transactions, backups, or lifecycle checks	DB-004,LIFE-001,LIFE-002,LIFE-003	DEFINITION_INDEXED	
SUP-0698	custom/mjlfinancement/scripts/rst006b_schema.lib.php:145	PHP_FUNCTION	mjl_rst006b_is_known_prefix	defines a lifecycle, schema, or verification routine	included CLI lifecycle library	database DDL/DML, locks, transactions, backups, or lifecycle checks	DB-004,LIFE-001,LIFE-002,LIFE-003	DEFINITION_INDEXED	
SUP-0699	custom/mjlfinancement/scripts/rst006b_schema.lib.php:171	PHP_FUNCTION	mjl_rst006b_detect_schema	defines a lifecycle, schema, or verification routine	included CLI lifecycle library	database DDL/DML, locks, transactions, backups, or lifecycle checks	DB-004,LIFE-001,LIFE-002,LIFE-003	DEFINITION_INDEXED	
SUP-0700	custom/mjlfinancement/scripts/rst006b_schema.lib.php:194	PHP_FUNCTION	mjl_rst006b_activity_shape_check	defines a lifecycle, schema, or verification routine	included CLI lifecycle library	database DDL/DML, locks, transactions, backups, or lifecycle checks	DB-004,LIFE-001,LIFE-002,LIFE-003	DEFINITION_INDEXED	
SUP-0701	custom/mjlfinancement/scripts/rst006b_schema.lib.php:199	PHP_FUNCTION	mjl_rst006b_guard_statements	defines a lifecycle, schema, or verification routine	included CLI lifecycle library	database DDL/DML, locks, transactions, backups, or lifecycle checks	DB-004,LIFE-001,LIFE-002,LIFE-003	DEFINITION_INDEXED	
SUP-0702	custom/mjlfinancement/scripts/rst006b_schema.lib.php:224	PHP_FUNCTION	mjl_rst006b_load_table	defines a lifecycle, schema, or verification routine	included CLI lifecycle library	database DDL/DML, locks, transactions, backups, or lifecycle checks	DB-004,LIFE-001,LIFE-002,LIFE-003	DEFINITION_INDEXED	
SUP-0703	custom/mjlfinancement/scripts/rst006b_schema.lib.php:231	PHP_FUNCTION	mjl_rst006b_ensure_table_keys	defines a lifecycle, schema, or verification routine	included CLI lifecycle library	database DDL/DML, locks, transactions, backups, or lifecycle checks	DB-004,LIFE-001,LIFE-002,LIFE-003	DEFINITION_INDEXED	
SUP-0704	custom/mjlfinancement/scripts/rst006b_schema.lib.php:241	PHP_FUNCTION	mjl_rst006b_install_target	defines a lifecycle, schema, or verification routine	included CLI lifecycle library	database DDL/DML, locks, transactions, backups, or lifecycle checks	DB-004,LIFE-001,LIFE-002,LIFE-003	DEFINITION_INDEXED	
SUP-0705	custom/mjlfinancement/scripts/rst006b_schema.lib.php:276	PHP_FUNCTION	mjl_rst006b_require_target	defines a lifecycle, schema, or verification routine	included CLI lifecycle library	database DDL/DML, locks, transactions, backups, or lifecycle checks	DB-004,LIFE-001,LIFE-002,LIFE-003	DEFINITION_INDEXED	
SUP-0706	custom/mjlfinancement/scripts/rst006b_schema.lib.php:283	PHP_FUNCTION	mjl_rst006b_rollback_target	defines a lifecycle, schema, or verification routine	included CLI lifecycle library	database DDL/DML, locks, transactions, backups, or lifecycle checks	DB-004,LIFE-001,LIFE-002,LIFE-003	DEFINITION_INDEXED	
SUP-0707	custom/mjlfinancement/scripts/rst006b_schema.lib.php:56	LEXICAL_DATABASE_CANDIDATE	database-operation@56	lexically indexed database-operation candidate; surrounding behavior requires manual reconciliation	included CLI lifecycle library	not established by this record	DB-004,LIFE-001,LIFE-002,LIFE-003	DEFINITION_INDEXED	'columns'=>array('rowid'=>'bigint(20)|NO||auto_increment|','entity'=>'int(11)|NO|||','target_type'=>'varchar(16)|NO|||','target_id'=>'bigint(20)|NO|||','fk_activity'=>'int(11)|NO|||','fk_target_revision'=>'bigint(20)|YES|NULL||','target_version'=>'bigint(20)|NO|||','target_operation_set_hash'=>'char(64)|YES|NULL||','fk_requester'=>'int(11)|NO|||','requester_name_snapshot'=>'varchar(255)|NO|||','requester_role_snapsho
SUP-0708	custom/mjlfinancement/scripts/rst006b_schema.lib.php:64	LEXICAL_DATABASE_CANDIDATE	database-operation@64	lexically indexed database-operation candidate; surrounding behavior requires manual reconciliation	included CLI lifecycle library	not established by this record	DB-004,LIFE-001,LIFE-002,LIFE-003	DEFINITION_INDEXED	"'columns'=>array('rowid'=>'bigint(20)|NO||auto_increment|','entity'=>'int(11)|NO|||','fk_activity'=>'int(11)|NO|||','fk_operation'=>'bigint(20)|NO|||','fk_target_revision'=>'bigint(20)|NO|||','target_version'=>'bigint(20)|NO|||','fk_requester'=>'int(11)|NO|||','requester_name_snapshot'=>'varchar(255)|NO|||','requester_role_snapshot'=>'varchar(32)|NO|||','reason'=>'text|NO|||','status'=>""varchar(16)|NO|'PENDING'||"",'f"
SUP-0709	custom/mjlfinancement/scripts/rst006b_schema.lib.php:212	LEXICAL_DATABASE_CANDIDATE	database-operation@212	lexically indexed database-operation candidate; surrounding behavior requires manual reconciliation	included CLI lifecycle library	not established by this record	DB-004,LIFE-001,LIFE-002,LIFE-003	DEFINITION_INDEXED	"'CREATE OR REPLACE TRIGGER '.$p.""mjl_activity_rst006b_bu BEFORE UPDATE ON $a FOR EACH ROW BEGIN DECLARE final_amount BIGINT DEFAULT NULL; DECLARE approved_cancel INTEGER DEFAULT 0; IF NEW.is_cancelled=1 AND OLD.is_cancelled=0 THEN SELECT COUNT(*) INTO approved_cancel FROM $c WHERE entity=OLD.entity AND target_type='ACTIVITY' AND target_id=OLD.rowid AND target_version=OLD.version AND status='APPROVED'; END IF; IF NEW."
SUP-0710	custom/mjlfinancement/scripts/rst006b_schema.lib.php:215	LEXICAL_DATABASE_CANDIDATE	database-operation@215	lexically indexed database-operation candidate; surrounding behavior requires manual reconciliation	included CLI lifecycle library	not established by this record	DB-004,LIFE-001,LIFE-002,LIFE-003	DEFINITION_INDEXED	"'CREATE OR REPLACE TRIGGER '.$p.""mjl_operation_rst006b_bu BEFORE UPDATE ON $o FOR EACH ROW BEGIN DECLARE parent_status VARCHAR(32) DEFAULT ''; DECLARE parent_cancelled INTEGER DEFAULT 1; DECLARE parent_revision BIGINT DEFAULT NULL; DECLARE approved_exception INTEGER DEFAULT 0; SELECT validation_status,is_cancelled,fk_current_revision INTO parent_status,parent_cancelled,parent_revision FROM $a WHERE rowid=OLD.fk_activ"
SUP-0711	custom/mjlfinancement/scripts/rst006b_schema.lib.php:217	LEXICAL_DATABASE_CANDIDATE	database-operation@217	lexically indexed database-operation candidate; surrounding behavior requires manual reconciliation	included CLI lifecycle library	not established by this record	DB-004,LIFE-001,LIFE-002,LIFE-003	DEFINITION_INDEXED	"'CREATE OR REPLACE TRIGGER '.$p.""mjl_cancellation_rst006b_bu BEFORE UPDATE ON $c FOR EACH ROW BEGIN IF OLD.status<>'PENDING' OR NEW.status='PENDING' OR NEW.version<>OLD.version+1 OR NEW.rowid<>OLD.rowid OR NEW.entity<>OLD.entity OR NEW.target_type<>OLD.target_type OR NEW.target_id<>OLD.target_id OR NEW.fk_activity<>OLD.fk_activity OR NOT(NEW.fk_target_revision<=>OLD.fk_target_revision) OR NEW.target_version<>OLD.targ"
SUP-0712	custom/mjlfinancement/scripts/rst006b_schema.lib.php:220	LEXICAL_DATABASE_CANDIDATE	database-operation@220	lexically indexed database-operation candidate; surrounding behavior requires manual reconciliation	included CLI lifecycle library	not established by this record	DB-004,LIFE-001,LIFE-002,LIFE-003	DEFINITION_INDEXED	"'CREATE OR REPLACE TRIGGER '.$p.""mjl_reopening_rst006b_bu BEFORE UPDATE ON $reopen FOR EACH ROW BEGIN IF OLD.status<>'PENDING' OR NEW.status='PENDING' OR NEW.version<>OLD.version+1 OR NEW.rowid<>OLD.rowid OR NEW.entity<>OLD.entity OR NEW.fk_activity<>OLD.fk_activity OR NEW.fk_operation<>OLD.fk_operation OR NEW.fk_target_revision<>OLD.fk_target_revision OR NEW.target_version<>OLD.target_version OR NEW.fk_requester<>OL"
SUP-0713	custom/mjlfinancement/scripts/rst006b_schema.lib.php:251	LEXICAL_DATABASE_CANDIDATE	database-operation@251	lexically indexed database-operation candidate; surrounding behavior requires manual reconciliation	included CLI lifecycle library	not established by this record	DB-004,LIFE-001,LIFE-002,LIFE-003	DEFINITION_INDEXED	if (!$db->query('ALTER TABLE '.$operation.' DROP CONSTRAINT '.$name)) throw new RuntimeException('Unable to replace Phase 2 Operation constraint.');
SUP-0714	custom/mjlfinancement/scripts/rst006b_schema.lib.php:259	LEXICAL_DATABASE_CANDIDATE	database-operation@259	lexically indexed database-operation candidate; surrounding behavior requires manual reconciliation	included CLI lifecycle library	not established by this record	DB-004,LIFE-001,LIFE-002,LIFE-003	DEFINITION_INDEXED	foreach ($operationChecks as $name => $expression) if (!mjl_rst006b_constraint_exists($db, $operation, $name) && !$db->query('ALTER TABLE '.$operation.' ADD CONSTRAINT '.$name.' CHECK ('.$expression.')')) throw new RuntimeException('Unable to add '.$name.': '.$db->lasterror());
SUP-0715	custom/mjlfinancement/scripts/rst006b_schema.lib.php:261	LEXICAL_DATABASE_CANDIDATE	database-operation@261	lexically indexed database-operation candidate; surrounding behavior requires manual reconciliation	included CLI lifecycle library	not established by this record	DB-004,LIFE-001,LIFE-002,LIFE-003	DEFINITION_INDEXED	foreach (array('chk_mjl_activity_rst006a_phase2','chk_mjl_activity_validation_status') as $name) if (mjl_rst006b_constraint_exists($db, $activity, $name) && !$db->query('ALTER TABLE '.$activity.' DROP CONSTRAINT '.$name)) throw new RuntimeException('Unable to replace '.$name.'.');
SUP-0716	custom/mjlfinancement/scripts/rst006b_schema.lib.php:262	LEXICAL_DATABASE_CANDIDATE	database-operation@262	lexically indexed database-operation candidate; surrounding behavior requires manual reconciliation	included CLI lifecycle library	not established by this record	DB-004,LIFE-001,LIFE-002,LIFE-003	DEFINITION_INDEXED	"if (!mjl_rst006b_constraint_exists($db, $activity, 'chk_mjl_activity_validation_status') && !$db->query(""ALTER TABLE $activity ADD CONSTRAINT chk_mjl_activity_validation_status CHECK (validation_status IN ('DRAFT','ABANDONED','SUBMITTED','RETURNED_SUPERVISOR','PREVALIDATED','RETURNED_VALIDATOR','FINAL_VALIDATED','CANCELLED'))"")) throw new RuntimeException('Unable to enable Activity cancellation status.');"
SUP-0717	custom/mjlfinancement/scripts/rst006b_schema.lib.php:263	LEXICAL_DATABASE_CANDIDATE	database-operation@263	lexically indexed database-operation candidate; surrounding behavior requires manual reconciliation	included CLI lifecycle library	not established by this record	DB-004,LIFE-001,LIFE-002,LIFE-003	DEFINITION_INDEXED	if (!mjl_rst006b_constraint_exists($db, $activity, 'chk_mjl_activity_rst006b_phase3a') && !$db->query('ALTER TABLE '.$activity.' ADD CONSTRAINT chk_mjl_activity_rst006b_phase3a CHECK ('.mjl_rst006b_activity_shape_check().')')) throw new RuntimeException('Unable to add Phase 3A Activity shape.');
SUP-0718	custom/mjlfinancement/scripts/rst006b_schema.lib.php:288	LEXICAL_DATABASE_CANDIDATE	database-operation@288	lexically indexed database-operation candidate; surrounding behavior requires manual reconciliation	included CLI lifecycle library	not established by this record	DB-004,LIFE-001,LIFE-002,LIFE-003	DEFINITION_INDEXED	$required=function($sql)use($db){if(!$db->query($sql))throw new RuntimeException('RST-006B rollback statement failed: '.$db->lasterror());};
SUP-0719	custom/mjlfinancement/scripts/rst006b_schema.lib.php:294	LEXICAL_DATABASE_CANDIDATE	database-operation@294	lexically indexed database-operation candidate; surrounding behavior requires manual reconciliation	included CLI lifecycle library	not established by this record	DB-004,LIFE-001,LIFE-002,LIFE-003	DEFINITION_INDEXED	foreach (array('reopening_request','cancellation_request') as $suffix) if (!$db->query('DROP TABLE '.mjl_rst006b_table($db, $suffix))) throw new RuntimeException('Unable to remove '.$suffix.'.');
SUP-0720	custom/mjlfinancement/scripts/rst006b_schema.lib.php:297	LEXICAL_DATABASE_CANDIDATE	database-operation@297	lexically indexed database-operation candidate; surrounding behavior requires manual reconciliation	included CLI lifecycle library	not established by this record	DB-004,LIFE-001,LIFE-002,LIFE-003	DEFINITION_INDEXED	$required('ALTER TABLE '.$activity.' DROP CONSTRAINT chk_mjl_activity_rst006b_phase3a');
SUP-0721	custom/mjlfinancement/scripts/rst006b_schema.lib.php:298	LEXICAL_DATABASE_CANDIDATE	database-operation@298	lexically indexed database-operation candidate; surrounding behavior requires manual reconciliation	included CLI lifecycle library	not established by this record	DB-004,LIFE-001,LIFE-002,LIFE-003	DEFINITION_INDEXED	$required('ALTER TABLE '.$activity.' DROP CONSTRAINT chk_mjl_activity_validation_status');
SUP-0722	custom/mjlfinancement/scripts/rst006b_schema.lib.php:299	LEXICAL_DATABASE_CANDIDATE	database-operation@299	lexically indexed database-operation candidate; surrounding behavior requires manual reconciliation	included CLI lifecycle library	not established by this record	DB-004,LIFE-001,LIFE-002,LIFE-003	DEFINITION_INDEXED	"$required(""ALTER TABLE $activity ADD CONSTRAINT chk_mjl_activity_validation_status CHECK (validation_status IN ('DRAFT','ABANDONED','SUBMITTED','RETURNED_SUPERVISOR','PREVALIDATED','RETURNED_VALIDATOR','FINAL_VALIDATED'))"");"
SUP-0723	custom/mjlfinancement/scripts/rst006b_schema.lib.php:300	LEXICAL_DATABASE_CANDIDATE	database-operation@300	lexically indexed database-operation candidate; surrounding behavior requires manual reconciliation	included CLI lifecycle library	not established by this record	DB-004,LIFE-001,LIFE-002,LIFE-003	DEFINITION_INDEXED	"$required('ALTER TABLE '.$activity."" ADD CONSTRAINT chk_mjl_activity_rst006a_phase2 CHECK (validation_status IN ('DRAFT','ABANDONED','SUBMITTED','RETURNED_SUPERVISOR','PREVALIDATED','RETURNED_VALIDATOR','FINAL_VALIDATED') AND is_cancelled=0 AND ((validation_status IN ('DRAFT','ABANDONED') AND fk_current_revision IS NULL AND first_submitted_amount IS NULL AND latest_validated_amount IS NULL) OR (validation_status IN ("
SUP-0724	custom/mjlfinancement/scripts/rst006b_schema.lib.php:301	LEXICAL_DATABASE_CANDIDATE	database-operation@301	lexically indexed database-operation candidate; surrounding behavior requires manual reconciliation	included CLI lifecycle library	not established by this record	DB-004,LIFE-001,LIFE-002,LIFE-003	DEFINITION_INDEXED	foreach (array('chk_mjl_operation_execution_status','chk_mjl_operation_spent_amount','chk_mjl_operation_observation','chk_mjl_operation_execution_shape') as $name) $required('ALTER TABLE '.$operation.' DROP CONSTRAINT '.$name);
SUP-0725	custom/mjlfinancement/scripts/rst006b_schema.lib.php:302	LEXICAL_DATABASE_CANDIDATE	database-operation@302	lexically indexed database-operation candidate; surrounding behavior requires manual reconciliation	included CLI lifecycle library	not established by this record	DB-004,LIFE-001,LIFE-002,LIFE-003	DEFINITION_INDEXED	"$required(""ALTER TABLE $operation ADD CONSTRAINT chk_mjl_operation_phase2 CHECK (status='TODO' AND spent_amount IS NULL AND observation IS NULL)"");"
SUP-0726	custom/mjlfinancement/scripts/rst012_export_schema.php:1	TOP_LEVEL_HANDLER	<file>	executes a guarded one-off schema, reset, assignment, or bootstrap operation	operator-invoked CLI handler	database DDL/DML, transactions, locks, backup, diagnostics, and exit status	DB-004,LIFE-001,LIFE-002,LIFE-003	DEFINITION_INDEXED	<?php
SUP-0727	custom/mjlfinancement/scripts/rst012_export_schema.php:8	PHP_FUNCTION	mjl_rst012_disposable_attested	defines a lifecycle, schema, or verification routine	operator-invoked CLI handler	database DDL/DML, transactions, locks, backup, diagnostics, and exit status	DB-004,LIFE-001,LIFE-002,LIFE-003	DEFINITION_INDEXED	
SUP-0728	custom/mjlfinancement/scripts/rst012_export_schema.php:18	PHP_FUNCTION	mjl_rst012_shared_attested	defines a lifecycle, schema, or verification routine	operator-invoked CLI handler	database DDL/DML, transactions, locks, backup, diagnostics, and exit status	DB-004,LIFE-001,LIFE-002,LIFE-003	DEFINITION_INDEXED	
SUP-0729	custom/mjlfinancement/scripts/rst012_export_schema.php:24	PHP_FUNCTION	mjl_rst012_require_empty_business_tenant	defines a lifecycle, schema, or verification routine	operator-invoked CLI handler	database DDL/DML, transactions, locks, backup, diagnostics, and exit status	DB-004,LIFE-001,LIFE-002,LIFE-003	DEFINITION_INDEXED	
SUP-0730	custom/mjlfinancement/scripts/rst012_export_schema.php:47	LEXICAL_DATABASE_CANDIDATE	database-operation@47	lexically indexed database-operation candidate; surrounding behavior requires manual reconciliation	operator-invoked CLI handler	not established by this record	DB-004,LIFE-001,LIFE-002,LIFE-003	DEFINITION_INDEXED	elseif ($mode==='rollback'&&$confirm==='RST-012') { if (!$disposable) throw new RuntimeException('RST-012 rollback is restricted to an attested disposable tenant.');mjl_rst012_rollback_empty($db); }
SUP-0731	custom/mjlfinancement/scripts/rst012_schema.lib.php:1	TOP_LEVEL_HANDLER	<file>	provides guarded schema or lifecycle support routines for operator scripts	included CLI lifecycle library	database DDL/DML, locks, transactions, backups, or lifecycle checks	DB-004,LIFE-001,LIFE-002,LIFE-003	DEFINITION_INDEXED	<?php
SUP-0732	custom/mjlfinancement/scripts/rst012_schema.lib.php:6	PHP_FUNCTION	mjl_rst012_guard_statements	defines a lifecycle, schema, or verification routine	included CLI lifecycle library	database DDL/DML, locks, transactions, backups, or lifecycle checks	DB-004,LIFE-001,LIFE-002,LIFE-003	DEFINITION_INDEXED	function mjl_rst012_guard_statements(DoliDB $db)
SUP-0733	custom/mjlfinancement/scripts/rst012_schema.lib.php:16	PHP_FUNCTION	mjl_rst012_report_contract	defines a lifecycle, schema, or verification routine	included CLI lifecycle library	database DDL/DML, locks, transactions, backups, or lifecycle checks	DB-004,LIFE-001,LIFE-002,LIFE-003	DEFINITION_INDEXED	
SUP-0734	custom/mjlfinancement/scripts/rst012_schema.lib.php:43	PHP_FUNCTION	mjl_rst012_require_target	defines a lifecycle, schema, or verification routine	included CLI lifecycle library	database DDL/DML, locks, transactions, backups, or lifecycle checks	DB-004,LIFE-001,LIFE-002,LIFE-003	DEFINITION_INDEXED	
SUP-0735	custom/mjlfinancement/scripts/rst012_schema.lib.php:53	PHP_FUNCTION	mjl_rst012_expected_trigger_map	defines a lifecycle, schema, or verification routine	included CLI lifecycle library	database DDL/DML, locks, transactions, backups, or lifecycle checks	DB-004,LIFE-001,LIFE-002,LIFE-003	DEFINITION_INDEXED	
SUP-0736	custom/mjlfinancement/scripts/rst012_schema.lib.php:63	PHP_FUNCTION	mjl_rst012_prefix	defines a lifecycle, schema, or verification routine	included CLI lifecycle library	database DDL/DML, locks, transactions, backups, or lifecycle checks	DB-004,LIFE-001,LIFE-002,LIFE-003	DEFINITION_INDEXED	function mjl_rst012_prefix(DoliDB $db)
SUP-0737	custom/mjlfinancement/scripts/rst012_schema.lib.php:80	PHP_FUNCTION	mjl_rst012_fail_after	defines a lifecycle, schema, or verification routine	included CLI lifecycle library	database DDL/DML, locks, transactions, backups, or lifecycle checks	DB-004,LIFE-001,LIFE-002,LIFE-003	DEFINITION_INDEXED	
SUP-0738	custom/mjlfinancement/scripts/rst012_schema.lib.php:87	PHP_FUNCTION	mjl_rst012_install	defines a lifecycle, schema, or verification routine	included CLI lifecycle library	database DDL/DML, locks, transactions, backups, or lifecycle checks	DB-004,LIFE-001,LIFE-002,LIFE-003	DEFINITION_INDEXED	function mjl_rst012_install(DoliDB $db)
SUP-0739	custom/mjlfinancement/scripts/rst012_schema.lib.php:106	PHP_FUNCTION	mjl_rst012_rollback_empty	defines a lifecycle, schema, or verification routine	included CLI lifecycle library	database DDL/DML, locks, transactions, backups, or lifecycle checks	DB-004,LIFE-001,LIFE-002,LIFE-003	DEFINITION_INDEXED	
SUP-0740	custom/mjlfinancement/scripts/rst012_schema.lib.php:12	LEXICAL_DATABASE_CANDIDATE	database-operation@12	lexically indexed database-operation candidate; surrounding behavior requires manual reconciliation	included CLI lifecycle library	not established by this record	DB-004,LIFE-001,LIFE-002,LIFE-003	DEFINITION_INDEXED	"'CREATE TRIGGER '.$p.""mjl_report_bu BEFORE UPDATE ON $table FOR EACH ROW SIGNAL SQLSTATE '45000' SET MESSAGE_TEXT='MJL export records are immutable'"","
SUP-0741	custom/mjlfinancement/scripts/rst012_schema.lib.php:117	LEXICAL_DATABASE_CANDIDATE	database-operation@117	lexically indexed database-operation candidate; surrounding behavior requires manual reconciliation	included CLI lifecycle library	not established by this record	DB-004,LIFE-001,LIFE-002,LIFE-003	DEFINITION_INDEXED	if (!$db->query('DROP TABLE '.$table)) throw new RuntimeException('RST012_ROLLBACK_TABLE_FAILED');
SUP-0742	custom/mjlfinancement/scripts/rst_phase1_reset.php:1	TOP_LEVEL_HANDLER	<file>	executes a guarded one-off schema, reset, assignment, or bootstrap operation	operator-invoked CLI handler	database DDL/DML, transactions, locks, backup, diagnostics, and exit status	DB-004,LIFE-001,LIFE-002,LIFE-003	DEFINITION_INDEXED	<?php
SUP-0743	custom/mjlfinancement/scripts/rst_phase1_reset.php:37	PHP_FUNCTION	rst_fail	defines a lifecycle, schema, or verification routine	operator-invoked CLI handler	database DDL/DML, transactions, locks, backup, diagnostics, and exit status	DB-004,LIFE-001,LIFE-002,LIFE-003	DEFINITION_INDEXED	
SUP-0744	custom/mjlfinancement/scripts/rst_phase1_reset.php:39	PHP_FUNCTION	rst_query	defines a lifecycle, schema, or verification routine	operator-invoked CLI handler	database DDL/DML, transactions, locks, backup, diagnostics, and exit status	DB-004,LIFE-001,LIFE-002,LIFE-003	DEFINITION_INDEXED	function rst_query($sql) { global $db; if (!$db->query($sql)) rst_fail($db->lasterror().' | '.$sql); }
SUP-0745	custom/mjlfinancement/scripts/rst_phase1_reset.php:40	PHP_FUNCTION	rst_scalar	defines a lifecycle, schema, or verification routine	operator-invoked CLI handler	database DDL/DML, transactions, locks, backup, diagnostics, and exit status	DB-004,LIFE-001,LIFE-002,LIFE-003	DEFINITION_INDEXED	function rst_scalar($sql) { global $db; $resql = $db->query($sql); if (!$resql) rst_fail($db->lasterror()); $row = $db->fetch_row($resql); return (int) $row[0]; }
SUP-0746	custom/mjlfinancement/scripts/rst_phase1_reset.php:41	PHP_FUNCTION	rst_table_exists	defines a lifecycle, schema, or verification routine	operator-invoked CLI handler	database DDL/DML, transactions, locks, backup, diagnostics, and exit status	DB-004,LIFE-001,LIFE-002,LIFE-003	DEFINITION_INDEXED	"function rst_table_exists($name) { global $db; return rst_scalar(""SELECT COUNT(*) FROM information_schema.TABLES WHERE TABLE_SCHEMA=DATABASE() AND TABLE_NAME='"".$db->escape($db->prefix().$name).""'"") === 1; }"
SUP-0747	custom/mjlfinancement/scripts/rst_phase1_reset.php:42	PHP_FUNCTION	rst_column_exists	defines a lifecycle, schema, or verification routine	operator-invoked CLI handler	database DDL/DML, transactions, locks, backup, diagnostics, and exit status	DB-004,LIFE-001,LIFE-002,LIFE-003	DEFINITION_INDEXED	"function rst_column_exists($table, $column) { global $db; return rst_scalar(""SELECT COUNT(*) FROM information_schema.COLUMNS WHERE TABLE_SCHEMA=DATABASE() AND TABLE_NAME='"".$db->escape($db->prefix().$table).""' AND COLUMN_NAME='"".$db->escape($column).""'"") === 1; }"
SUP-0748	custom/mjlfinancement/scripts/rst_phase1_reset.php:43	PHP_FUNCTION	rst_require_cutover_evidence	defines a lifecycle, schema, or verification routine	operator-invoked CLI handler	database DDL/DML, transactions, locks, backup, diagnostics, and exit status	DB-004,LIFE-001,LIFE-002,LIFE-003	DEFINITION_INDEXED	function rst_require_cutover_evidence($manifest, $expectedHash) {
SUP-0749	custom/mjlfinancement/scripts/rst_phase1_reset.php:59	LEXICAL_DATABASE_CANDIDATE	database-operation@59	lexically indexed database-operation candidate; surrounding behavior requires manual reconciliation	operator-invoked CLI handler	not established by this record	DB-004,LIFE-001,LIFE-002,LIFE-003	DEFINITION_INDEXED	if (!in_array($mode, array('preflight', 'apply', 'finalize', 'rollback'), true)) rst_fail('Use --mode=preflight|apply|finalize|rollback.');
SUP-0750	custom/mjlfinancement/scripts/rst_phase1_reset.php:83	LEXICAL_DATABASE_CANDIDATE	database-operation@83	lexically indexed database-operation candidate; surrounding behavior requires manual reconciliation	operator-invoked CLI handler	not established by this record	DB-004,LIFE-001,LIFE-002,LIFE-003	DEFINITION_INDEXED	rst_query('ALTER TABLE '.$activity.' DROP FOREIGN KEY fk_mjlfinancement_activity_convention, DROP INDEX idx_mjlfinancement_activity_fk_convention, DROP COLUMN fk_convention');
SUP-0751	custom/mjlfinancement/scripts/rst_phase1_reset.php:89	LEXICAL_DATABASE_CANDIDATE	database-operation@89	lexically indexed database-operation candidate; surrounding behavior requires manual reconciliation	operator-invoked CLI handler	not established by this record	DB-004,LIFE-001,LIFE-002,LIFE-003	DEFINITION_INDEXED	} elseif ($mode === 'rollback') {
SUP-0752	custom/mjlfinancement/scripts/rst_phase1_reset.php:96	LEXICAL_DATABASE_CANDIDATE	database-operation@96	lexically indexed database-operation candidate; surrounding behavior requires manual reconciliation	operator-invoked CLI handler	not established by this record	DB-004,LIFE-001,LIFE-002,LIFE-003	DEFINITION_INDEXED	if (!rst_table_exists($table.$suffix)) rst_fail('Rollback quarantine is missing: '.$table);
SUP-0753	custom/mjlfinancement/scripts/rst_phase1_reset.php:97	LEXICAL_DATABASE_CANDIDATE	database-operation@97	lexically indexed database-operation candidate; surrounding behavior requires manual reconciliation	operator-invoked CLI handler	not established by this record	DB-004,LIFE-001,LIFE-002,LIFE-003	DEFINITION_INDEXED	if (rst_scalar('SELECT COUNT(*) FROM '.$db->prefix().$table.$suffix) !== 0) rst_fail('Rollback quarantine is not empty: '.$table);
SUP-0754	custom/mjlfinancement/scripts/rst_phase1_reset.php:98	LEXICAL_DATABASE_CANDIDATE	database-operation@98	lexically indexed database-operation candidate; surrounding behavior requires manual reconciliation	operator-invoked CLI handler	not established by this record	DB-004,LIFE-001,LIFE-002,LIFE-003	DEFINITION_INDEXED	if (!in_array($table, $authTargets, true) && rst_table_exists($table)) rst_fail('Unexpected live legacy table blocks rollback: '.$table);
SUP-0755	custom/mjlfinancement/scripts/rst_phase1_reset.php:100	LEXICAL_DATABASE_CANDIDATE	database-operation@100	lexically indexed database-operation candidate; surrounding behavior requires manual reconciliation	operator-invoked CLI handler	not established by this record	DB-004,LIFE-001,LIFE-002,LIFE-003	DEFINITION_INDEXED	if (rst_table_exists('mjlfinancement_audit_event') && rst_scalar('SELECT COUNT(*) FROM '.$db->prefix().'mjlfinancement_audit_event') !== 0) rst_fail('Non-empty target audit blocks rollback.');
SUP-0756	custom/mjlfinancement/scripts/rst_phase1_reset.php:104	LEXICAL_DATABASE_CANDIDATE	database-operation@104	lexically indexed database-operation candidate; surrounding behavior requires manual reconciliation	operator-invoked CLI handler	not established by this record	DB-004,LIFE-001,LIFE-002,LIFE-003	DEFINITION_INDEXED	if (rst_table_exists($target.$targetSuffix)) rst_fail('Rollback target quarantine already exists: '.$target);
SUP-0757	custom/mjlfinancement/scripts/rst_phase1_reset.php:106	LEXICAL_DATABASE_CANDIDATE	database-operation@106	lexically indexed database-operation candidate; surrounding behavior requires manual reconciliation	operator-invoked CLI handler	not established by this record	DB-004,LIFE-001,LIFE-002,LIFE-003	DEFINITION_INDEXED	if (rst_scalar('SELECT COUNT(*) FROM '.$db->prefix().$target) !== 0) rst_fail('Non-empty target auth table blocks rollback: '.$target);
SUP-0758	custom/mjlfinancement/scripts/rst_phase1_reset.php:113	LEXICAL_DATABASE_CANDIDATE	database-operation@113	lexically indexed database-operation candidate; surrounding behavior requires manual reconciliation	operator-invoked CLI handler	not established by this record	DB-004,LIFE-001,LIFE-002,LIFE-003	DEFINITION_INDEXED	if (rst_table_exists('mjlfinancement_audit_event')) rst_query('DROP TABLE '.$db->prefix().'mjlfinancement_audit_event');
SUP-0759	custom/mjlfinancement/scripts/rst_phase1_reset.php:114	LEXICAL_DATABASE_CANDIDATE	database-operation@114	lexically indexed database-operation candidate; surrounding behavior requires manual reconciliation	operator-invoked CLI handler	not established by this record	DB-004,LIFE-001,LIFE-002,LIFE-003	DEFINITION_INDEXED	foreach ($renamedTargets as $target) rst_query('DROP TABLE '.$db->prefix().$target.$targetSuffix);
SUP-0760	custom/mjlfinancement/scripts/rst_phase1_reset.php:117	LEXICAL_DATABASE_CANDIDATE	database-operation@117	lexically indexed database-operation candidate; surrounding behavior requires manual reconciliation	operator-invoked CLI handler	not established by this record	DB-004,LIFE-001,LIFE-002,LIFE-003	DEFINITION_INDEXED	if (rst_scalar('SELECT COUNT(*) FROM '.$db->prefix().'mjlfinancement_audit_event') !== 0) rst_fail('Non-empty target audit blocks rollback cleanup.');
SUP-0761	custom/mjlfinancement/scripts/rst_phase1_reset.php:118	LEXICAL_DATABASE_CANDIDATE	database-operation@118	lexically indexed database-operation candidate; surrounding behavior requires manual reconciliation	operator-invoked CLI handler	not established by this record	DB-004,LIFE-001,LIFE-002,LIFE-003	DEFINITION_INDEXED	rst_query('DROP TABLE '.$db->prefix().'mjlfinancement_audit_event');
SUP-0762	custom/mjlfinancement/scripts/rst_phase1_reset.php:121	LEXICAL_DATABASE_CANDIDATE	database-operation@121	lexically indexed database-operation candidate; surrounding behavior requires manual reconciliation	operator-invoked CLI handler	not established by this record	DB-004,LIFE-001,LIFE-002,LIFE-003	DEFINITION_INDEXED	if (rst_scalar('SELECT COUNT(*) FROM '.$db->prefix().$target.$targetSuffix) !== 0) rst_fail('Non-empty target auth quarantine blocks rollback cleanup: '.$target);
SUP-0763	custom/mjlfinancement/scripts/rst_phase1_reset.php:122	LEXICAL_DATABASE_CANDIDATE	database-operation@122	lexically indexed database-operation candidate; surrounding behavior requires manual reconciliation	operator-invoked CLI handler	not established by this record	DB-004,LIFE-001,LIFE-002,LIFE-003	DEFINITION_INDEXED	rst_query('DROP TABLE '.$db->prefix().$target.$targetSuffix);
SUP-0764	custom/mjlfinancement/scripts/rst_phase1_reset.php:126	LEXICAL_DATABASE_CANDIDATE	database-operation@126	lexically indexed database-operation candidate; surrounding behavior requires manual reconciliation	operator-invoked CLI handler	not established by this record	DB-004,LIFE-001,LIFE-002,LIFE-003	DEFINITION_INDEXED	rst_query('ALTER TABLE '.$db->prefix().'mjlfinancement_activity ADD COLUMN fk_convention INTEGER NOT NULL AFTER fk_project, ADD INDEX idx_mjlfinancement_activity_fk_convention (fk_convention), ADD CONSTRAINT fk_mjlfinancement_activity_convention FOREIGN KEY (fk_convention) REFERENCES '.$db->prefix().'mjlfinancement_convention(rowid)');
SUP-0765	custom/mjlfinancement/scripts/rst_phase1_reset.php:133	LEXICAL_DATABASE_CANDIDATE	database-operation@133	lexically indexed database-operation candidate; surrounding behavior requires manual reconciliation	operator-invoked CLI handler	not established by this record	DB-004,LIFE-001,LIFE-002,LIFE-003	DEFINITION_INDEXED	foreach ($legacy as $table) rst_query('DROP TABLE '.$db->prefix().$table.$suffix);
SUP-0766	custom/mjlfinancement/scripts/rst_phase1_reset.php:136	LEXICAL_DATABASE_CANDIDATE	database-operation@136	lexically indexed database-operation candidate; surrounding behavior requires manual reconciliation	operator-invoked CLI handler	not established by this record	DB-004,LIFE-001,LIFE-002,LIFE-003	DEFINITION_INDEXED	$status = $mode === 'rollback' ? 'schema_rollback_complete_full_backup_restore_required' : 'complete';
SUP-0767	custom/mjlfinancement/scripts/schema/rst006a_operation.sql:1	SQL_FILE	<file>	declares or migrates MJL relational schema and database invariants	module installation or guarded schema lifecycle script	DDL, indexes, constraints, triggers, and persisted invariants	DB-001,DB-002,DB-003,LIFE-001	DEFINITION_INDEXED	CREATE TABLE llx_mjlfinancement_operation (
SUP-0768	custom/mjlfinancement/scripts/schema/rst006a_operation.sql:1	SQL_CREATE_TABLE	CREATE TABLE:llx_mjlfinancement_operation	creates or changes a persisted table, trigger, or schema object	module installation or guarded schema lifecycle script	DDL, indexes, constraints, triggers, and persisted invariants	DB-001,DB-002,DB-003,LIFE-001	DEFINITION_INDEXED	CREATE TABLE llx_mjlfinancement_operation ( rowid BIGINT(20) AUTO_INCREMENT PRIMARY KEY, entity INT(11) NOT NULL, fk_activity INT(11) NOT NULL, fk_operation_type INT(11) NOT NULL, name VARCHAR(255) NOT NULL, authorized_amount BIGINT(20) NOT NULL, status VARCHAR(16) DEFAULT 'TODO' NOT NULL, spent_amount BIGINT(20) DEFAULT NULL, observation TEXT DEFAULT NULL, version BIGINT(20) DEFAULT 1 NOT NULL, date_removed DATETIME
SUP-0769	custom/mjlfinancement/scripts/schema/rst006a_operation.sql:18	SQL_CONSTRAINT_OR_INDEX	uk_mjl_operation_entity_rowid	declares a database uniqueness, referential, check, or lookup invariant	module installation or guarded schema lifecycle script	DDL, indexes, constraints, triggers, and persisted invariants	DB-001,DB-002,DB-003,LIFE-001	DEFINITION_INDEXED	UNIQUE INDEX uk_mjl_operation_entity_rowid (entity,rowid)
SUP-0770	custom/mjlfinancement/scripts/schema/rst006a_operation.sql:19	SQL_CONSTRAINT_OR_INDEX	idx_mjl_operation_activity	declares a database uniqueness, referential, check, or lookup invariant	module installation or guarded schema lifecycle script	DDL, indexes, constraints, triggers, and persisted invariants	DB-001,DB-002,DB-003,LIFE-001	DEFINITION_INDEXED	INDEX idx_mjl_operation_activity (entity,fk_activity,date_removed)
SUP-0771	custom/mjlfinancement/scripts/schema/rst006a_operation.sql:20	SQL_CONSTRAINT_OR_INDEX	idx_mjl_operation_type	declares a database uniqueness, referential, check, or lookup invariant	module installation or guarded schema lifecycle script	DDL, indexes, constraints, triggers, and persisted invariants	DB-001,DB-002,DB-003,LIFE-001	DEFINITION_INDEXED	INDEX idx_mjl_operation_type (entity,fk_operation_type)
SUP-0772	custom/mjlfinancement/scripts/schema/rst006a_operation.sql:21	SQL_CONSTRAINT_OR_INDEX	chk_mjl_operation_entity	declares a database uniqueness, referential, check, or lookup invariant	module installation or guarded schema lifecycle script	DDL, indexes, constraints, triggers, and persisted invariants	DB-001,DB-002,DB-003,LIFE-001	DEFINITION_INDEXED	CONSTRAINT chk_mjl_operation_entity CHECK (entity > 0)
SUP-0773	custom/mjlfinancement/scripts/schema/rst006a_operation.sql:22	SQL_CONSTRAINT_OR_INDEX	chk_mjl_operation_name	declares a database uniqueness, referential, check, or lookup invariant	module installation or guarded schema lifecycle script	DDL, indexes, constraints, triggers, and persisted invariants	DB-001,DB-002,DB-003,LIFE-001	DEFINITION_INDEXED	CONSTRAINT chk_mjl_operation_name CHECK (name REGEXP '[^[:space:]]')
SUP-0774	custom/mjlfinancement/scripts/schema/rst006a_operation.sql:23	SQL_CONSTRAINT_OR_INDEX	chk_mjl_operation_amount	declares a database uniqueness, referential, check, or lookup invariant	module installation or guarded schema lifecycle script	DDL, indexes, constraints, triggers, and persisted invariants	DB-001,DB-002,DB-003,LIFE-001	DEFINITION_INDEXED	CONSTRAINT chk_mjl_operation_amount CHECK (authorized_amount > 0)
SUP-0775	custom/mjlfinancement/scripts/schema/rst006a_operation.sql:24	SQL_CONSTRAINT_OR_INDEX	chk_mjl_operation_version	declares a database uniqueness, referential, check, or lookup invariant	module installation or guarded schema lifecycle script	DDL, indexes, constraints, triggers, and persisted invariants	DB-001,DB-002,DB-003,LIFE-001	DEFINITION_INDEXED	CONSTRAINT chk_mjl_operation_version CHECK (version > 0)
SUP-0776	custom/mjlfinancement/scripts/schema/rst006a_operation.sql:25	SQL_CONSTRAINT_OR_INDEX	chk_mjl_operation_phase2	declares a database uniqueness, referential, check, or lookup invariant	module installation or guarded schema lifecycle script	DDL, indexes, constraints, triggers, and persisted invariants	DB-001,DB-002,DB-003,LIFE-001	DEFINITION_INDEXED	CONSTRAINT chk_mjl_operation_phase2 CHECK (status='TODO' AND spent_amount IS NULL AND observation IS NULL)
SUP-0777	custom/mjlfinancement/scripts/schema/rst006a_operation.sql:26	SQL_CONSTRAINT_OR_INDEX	chk_mjl_operation_removal	declares a database uniqueness, referential, check, or lookup invariant	module installation or guarded schema lifecycle script	DDL, indexes, constraints, triggers, and persisted invariants	DB-001,DB-002,DB-003,LIFE-001	DEFINITION_INDEXED	CONSTRAINT chk_mjl_operation_removal CHECK ((date_removed IS NULL AND fk_user_removed IS NULL) OR (date_removed IS NOT NULL AND fk_user_removed IS NOT NULL))
SUP-0778	custom/mjlfinancement/scripts/schema/rst012_report.sql:1	SQL_FILE	<file>	declares or migrates MJL relational schema and database invariants	module installation or guarded schema lifecycle script	DDL, indexes, constraints, triggers, and persisted invariants	DB-001,DB-002,DB-003,LIFE-001	DEFINITION_INDEXED	CREATE TABLE llx_mjlfinancement_export_record (
SUP-0779	custom/mjlfinancement/scripts/schema/rst012_report.sql:1	SQL_CREATE_TABLE	CREATE TABLE:llx_mjlfinancement_export_record	creates or changes a persisted table, trigger, or schema object	module installation or guarded schema lifecycle script	DDL, indexes, constraints, triggers, and persisted invariants	DB-001,DB-002,DB-003,LIFE-001	DEFINITION_INDEXED	CREATE TABLE llx_mjlfinancement_export_record ( rowid BIGINT AUTO_INCREMENT PRIMARY KEY, entity INT NOT NULL, ref VARCHAR(64) NOT NULL, report_type VARCHAR(24) NOT NULL, projection_version INT NOT NULL, format VARCHAR(8) NOT NULL, status VARCHAR(16) NOT NULL DEFAULT 'GENERATED', fk_generator INT NOT NULL, generator_name_snapshot VARCHAR(255) NOT NULL, generator_role_snapshot VARCHAR(32) NOT NULL, date_snapshot DATETI
SUP-0780	custom/mjlfinancement/scripts/schema/rst012_report.sql:20	SQL_CONSTRAINT_OR_INDEX	uk_mjl_report_ref	declares a database uniqueness, referential, check, or lookup invariant	module installation or guarded schema lifecycle script	DDL, indexes, constraints, triggers, and persisted invariants	DB-001,DB-002,DB-003,LIFE-001	DEFINITION_INDEXED	UNIQUE KEY uk_mjl_report_ref (entity,ref)
SUP-0781	custom/mjlfinancement/scripts/schema/rst012_report.sql:21	SQL_CONSTRAINT_OR_INDEX	uk_mjl_report_audit	declares a database uniqueness, referential, check, or lookup invariant	module installation or guarded schema lifecycle script	DDL, indexes, constraints, triggers, and persisted invariants	DB-001,DB-002,DB-003,LIFE-001	DEFINITION_INDEXED	UNIQUE KEY uk_mjl_report_audit (fk_audit_event)
SUP-0782	custom/mjlfinancement/scripts/schema/rst012_report.sql:22	SQL_CONSTRAINT_OR_INDEX	idx_mjl_report_date	declares a database uniqueness, referential, check, or lookup invariant	module installation or guarded schema lifecycle script	DDL, indexes, constraints, triggers, and persisted invariants	DB-001,DB-002,DB-003,LIFE-001	DEFINITION_INDEXED	KEY idx_mjl_report_date (entity,date_generation,rowid)
SUP-0783	custom/mjlfinancement/scripts/schema/rst012_report.sql:23	SQL_CONSTRAINT_OR_INDEX	fk_mjl_report_audit	declares a database uniqueness, referential, check, or lookup invariant	module installation or guarded schema lifecycle script	DDL, indexes, constraints, triggers, and persisted invariants	DB-001,DB-002,DB-003,LIFE-001	DEFINITION_INDEXED	CONSTRAINT fk_mjl_report_audit FOREIGN KEY (fk_audit_event) REFERENCES llx_mjlfinancement_audit_event(rowid) ON UPDATE RESTRICT ON DELETE RESTRICT
SUP-0784	custom/mjlfinancement/scripts/schema/rst012_report.sql:24	SQL_CONSTRAINT_OR_INDEX	chk_mjl_report_entity	declares a database uniqueness, referential, check, or lookup invariant	module installation or guarded schema lifecycle script	DDL, indexes, constraints, triggers, and persisted invariants	DB-001,DB-002,DB-003,LIFE-001	DEFINITION_INDEXED	CONSTRAINT chk_mjl_report_entity CHECK (entity > 0)
SUP-0785	custom/mjlfinancement/scripts/schema/rst012_report.sql:25	SQL_CONSTRAINT_OR_INDEX	chk_mjl_report_projection	declares a database uniqueness, referential, check, or lookup invariant	module installation or guarded schema lifecycle script	DDL, indexes, constraints, triggers, and persisted invariants	DB-001,DB-002,DB-003,LIFE-001	DEFINITION_INDEXED	CONSTRAINT chk_mjl_report_projection CHECK (projection_version=1)
SUP-0786	custom/mjlfinancement/scripts/schema/rst012_report.sql:26	SQL_CONSTRAINT_OR_INDEX	chk_mjl_report_type	declares a database uniqueness, referential, check, or lookup invariant	module installation or guarded schema lifecycle script	DDL, indexes, constraints, triggers, and persisted invariants	DB-001,DB-002,DB-003,LIFE-001	DEFINITION_INDEXED	CONSTRAINT chk_mjl_report_type CHECK (report_type IN ('activities','operations','activity_detail','portfolio','audit'))
SUP-0787	custom/mjlfinancement/scripts/schema/rst012_report.sql:27	SQL_CONSTRAINT_OR_INDEX	chk_mjl_report_format	declares a database uniqueness, referential, check, or lookup invariant	module installation or guarded schema lifecycle script	DDL, indexes, constraints, triggers, and persisted invariants	DB-001,DB-002,DB-003,LIFE-001	DEFINITION_INDEXED	CONSTRAINT chk_mjl_report_format CHECK (format IN ('pdf','xlsx','csv'))
SUP-0788	custom/mjlfinancement/scripts/schema/rst012_report.sql:28	SQL_CONSTRAINT_OR_INDEX	chk_mjl_report_status	declares a database uniqueness, referential, check, or lookup invariant	module installation or guarded schema lifecycle script	DDL, indexes, constraints, triggers, and persisted invariants	DB-001,DB-002,DB-003,LIFE-001	DEFINITION_INDEXED	CONSTRAINT chk_mjl_report_status CHECK (status='GENERATED')
SUP-0789	custom/mjlfinancement/scripts/schema/rst012_report.sql:29	SQL_CONSTRAINT_OR_INDEX	chk_mjl_report_generator	declares a database uniqueness, referential, check, or lookup invariant	module installation or guarded schema lifecycle script	DDL, indexes, constraints, triggers, and persisted invariants	DB-001,DB-002,DB-003,LIFE-001	DEFINITION_INDEXED	CONSTRAINT chk_mjl_report_generator CHECK (fk_generator > 0 AND generator_role_snapshot IN ('AGENT_SAISIE','AGENT_VERIFICATEUR','VALIDATEUR_DEFINITIF','ADMIN_PLATEFORME') AND (generator_role_snapshot <> 'ADMIN_PLATEFORME' OR report_type='audit'))
SUP-0790	custom/mjlfinancement/scripts/schema/rst012_report.sql:30	SQL_CONSTRAINT_OR_INDEX	chk_mjl_report_filters	declares a database uniqueness, referential, check, or lookup invariant	module installation or guarded schema lifecycle script	DDL, indexes, constraints, triggers, and persisted invariants	DB-001,DB-002,DB-003,LIFE-001	DEFINITION_INDEXED	CONSTRAINT chk_mjl_report_filters CHECK (JSON_VALID(filters_json))
SUP-0791	custom/mjlfinancement/scripts/schema/rst012_report.sql:31	SQL_CONSTRAINT_OR_INDEX	chk_mjl_report_scope	declares a database uniqueness, referential, check, or lookup invariant	module installation or guarded schema lifecycle script	DDL, indexes, constraints, triggers, and persisted invariants	DB-001,DB-002,DB-003,LIFE-001	DEFINITION_INDEXED	CONSTRAINT chk_mjl_report_scope CHECK (JSON_VALID(scope_json))
SUP-0792	custom/mjlfinancement/scripts/schema/rst012_report.sql:32	SQL_CONSTRAINT_OR_INDEX	chk_mjl_report_size	declares a database uniqueness, referential, check, or lookup invariant	module installation or guarded schema lifecycle script	DDL, indexes, constraints, triggers, and persisted invariants	DB-001,DB-002,DB-003,LIFE-001	DEFINITION_INDEXED	CONSTRAINT chk_mjl_report_size CHECK (body_row_count >= 0 AND body_row_count <= 10000 AND (format <> 'pdf' OR body_row_count <= 500) AND byte_count > 0 AND byte_count <= 20971520)
SUP-0793	custom/mjlfinancement/scripts/schema/rst012_report.sql:33	SQL_CONSTRAINT_OR_INDEX	chk_mjl_report_hash	declares a database uniqueness, referential, check, or lookup invariant	module installation or guarded schema lifecycle script	DDL, indexes, constraints, triggers, and persisted invariants	DB-001,DB-002,DB-003,LIFE-001	DEFINITION_INDEXED	CONSTRAINT chk_mjl_report_hash CHECK (content_sha256 REGEXP '^[0-9a-f]{64}$')
SUP-0794	custom/mjlfinancement/scripts/verification/schema/activity_assignment.php:1	TOP_LEVEL_HANDLER	<file>	verifies an explicit schema, reset, or behavior contract against an isolated tenant	operator-invoked CLI verification	database reads, assertions, diagnostics, and exit status	LIFE-002,DB-004	DEFINITION_INDEXED	<?php
SUP-0795	custom/mjlfinancement/scripts/verification/schema/activity_execution_schema.php:1	TOP_LEVEL_HANDLER	<file>	verifies an explicit schema, reset, or behavior contract against an isolated tenant	operator-invoked CLI verification	database reads, assertions, diagnostics, and exit status	LIFE-002,DB-004	DEFINITION_INDEXED	<?php
SUP-0796	custom/mjlfinancement/scripts/verification/schema/activity_foundation.php:1	TOP_LEVEL_HANDLER	<file>	verifies an explicit schema, reset, or behavior contract against an isolated tenant	operator-invoked CLI verification	database reads, assertions, diagnostics, and exit status	LIFE-002,DB-004	DEFINITION_INDEXED	<?php
SUP-0797	custom/mjlfinancement/scripts/verification/schema/activity_planning.php:1	TOP_LEVEL_HANDLER	<file>	verifies an explicit schema, reset, or behavior contract against an isolated tenant	operator-invoked CLI verification	database reads, assertions, diagnostics, and exit status	LIFE-002,DB-004	DEFINITION_INDEXED	<?php
SUP-0798	custom/mjlfinancement/scripts/verification/schema/reference_foundation.php:1	TOP_LEVEL_HANDLER	<file>	verifies an explicit schema, reset, or behavior contract against an isolated tenant	operator-invoked CLI verification	database reads, assertions, diagnostics, and exit status	LIFE-002,DB-004	DEFINITION_INDEXED	<?php
SUP-0799	custom/mjlfinancement/scripts/verification/schema/reference_foundation.php:11	PHP_FUNCTION	out	defines a lifecycle, schema, or verification routine	operator-invoked CLI verification	database reads, assertions, diagnostics, and exit status	LIFE-002,DB-004	DEFINITION_INDEXED	
SUP-0800	custom/mjlfinancement/scripts/verification/schema/reference_foundation.php:16	PHP_FUNCTION	fail	defines a lifecycle, schema, or verification routine	operator-invoked CLI verification	database reads, assertions, diagnostics, and exit status	LIFE-002,DB-004	DEFINITION_INDEXED	
SUP-0801	custom/mjlfinancement/scripts/verification/schema/reference_foundation.php:22	PHP_FUNCTION	finding	defines a lifecycle, schema, or verification routine	operator-invoked CLI verification	database reads, assertions, diagnostics, and exit status	LIFE-002,DB-004	DEFINITION_INDEXED	
SUP-0802	custom/mjlfinancement/scripts/verification/schema/reference_foundation.php:27	PHP_FUNCTION	rst003_scalar	defines a lifecycle, schema, or verification routine	operator-invoked CLI verification	database reads, assertions, diagnostics, and exit status	LIFE-002,DB-004	DEFINITION_INDEXED	
SUP-0803	custom/mjlfinancement/scripts/verification/schema/reference_foundation.php:38	PHP_FUNCTION	rst003_expect	defines a lifecycle, schema, or verification routine	operator-invoked CLI verification	database reads, assertions, diagnostics, and exit status	LIFE-002,DB-004	DEFINITION_INDEXED	
SUP-0804	custom/mjlfinancement/scripts/verification/schema/reference_foundation.php:59	LEXICAL_DATABASE_CANDIDATE	database-operation@59	lexically indexed database-operation candidate; surrounding behavior requires manual reconciliation	operator-invoked CLI verification	not established by this record	LIFE-002,DB-004	DEFINITION_INDEXED	'tms' => array('timestamp', 'YES', 'current_timestamp()', 'on update current_timestamp()'),
SUP-0805	custom/mjlfinancement/scripts/verify_phase1_behavior.php:1	TOP_LEVEL_HANDLER	<file>	verifies an explicit schema, reset, or behavior contract against an isolated tenant	operator-invoked CLI verification	database reads, assertions, diagnostics, and exit status	LIFE-002,DB-004	DEFINITION_INDEXED	<?php
SUP-0806	custom/mjlfinancement/scripts/verify_phase1_behavior.php:9	PHP_FUNCTION	phase1_behavior_fail	defines a lifecycle, schema, or verification routine	operator-invoked CLI verification	database reads, assertions, diagnostics, and exit status	LIFE-002,DB-004	DEFINITION_INDEXED	
SUP-0807	custom/mjlfinancement/scripts/verify_phase1_behavior.php:13	LEXICAL_DATABASE_CANDIDATE	database-operation@13	lexically indexed database-operation candidate; surrounding behavior requires manual reconciliation	operator-invoked CLI verification	not established by this record	LIFE-002,DB-004	DEFINITION_INDEXED	if ($db->transaction_opened > 0) $db->rollback('Phase 1 behavior verifier failure');
SUP-0808	custom/mjlfinancement/scripts/verify_phase1_behavior.php:33	LEXICAL_DATABASE_CANDIDATE	database-operation@33	lexically indexed database-operation candidate; surrounding behavior requires manual reconciliation	operator-invoked CLI verification	not established by this record	LIFE-002,DB-004	DEFINITION_INDEXED	if ($db->query('UPDATE '.$db->prefix().'mjlfinancement_audit_event SET action=\'tampered\' WHERE rowid='.$auditId)) phase1_behavior_fail('Audit UPDATE trigger did not reject mutation.');
SUP-0809	custom/mjlfinancement/scripts/verify_phase1_behavior.php:35	LEXICAL_DATABASE_CANDIDATE	database-operation@35	lexically indexed database-operation candidate; surrounding behavior requires manual reconciliation	operator-invoked CLI verification	not established by this record	LIFE-002,DB-004	DEFINITION_INDEXED	$db->rollback('Phase 1 audit behavior verifier');
SUP-0810	custom/mjlfinancement/scripts/verify_phase1_behavior.php:42	LEXICAL_DATABASE_CANDIDATE	database-operation@42	lexically indexed database-operation candidate; surrounding behavior requires manual reconciliation	operator-invoked CLI verification	not established by this record	LIFE-002,DB-004	DEFINITION_INDEXED	"$sql = 'INSERT INTO '.$db->prefix().""user (entity, login, lastname, firstname, email, pass_crypted, statut, admin, datec) SELECT 1, 'phase1.service.denied', 'Verifier', 'Service', 'phase1.service.denied@example.test', pass_crypted, 1, 0, NOW() FROM "".$db->prefix().'user WHERE rowid=1';"
SUP-0811	custom/mjlfinancement/scripts/verify_phase1_behavior.php:43	LEXICAL_DATABASE_CANDIDATE	database-operation@43	lexically indexed database-operation candidate; surrounding behavior requires manual reconciliation	operator-invoked CLI verification	not established by this record	LIFE-002,DB-004	DEFINITION_INDEXED	if (!$db->query($sql)) phase1_behavior_fail('Could not create rollback-only service actor.');
SUP-0812	custom/mjlfinancement/scripts/verify_phase1_behavior.php:46	LEXICAL_DATABASE_CANDIDATE	database-operation@46	lexically indexed database-operation candidate; surrounding behavior requires manual reconciliation	operator-invoked CLI verification	not established by this record	LIFE-002,DB-004	DEFINITION_INDEXED	if ($actor->fetch($actorId) <= 0) phase1_behavior_fail('Could not load rollback-only service actor.');
SUP-0813	custom/mjlfinancement/scripts/verify_phase1_behavior.php:50	LEXICAL_DATABASE_CANDIDATE	database-operation@50	lexically indexed database-operation candidate; surrounding behavior requires manual reconciliation	operator-invoked CLI verification	not established by this record	LIFE-002,DB-004	DEFINITION_INDEXED	$db->rollback('Phase 1 service authorization verifier');
SUP-0814	custom/mjlfinancement/scripts/verify_phase1_reset.php:1	TOP_LEVEL_HANDLER	<file>	verifies an explicit schema, reset, or behavior contract against an isolated tenant	operator-invoked CLI verification	database reads, assertions, diagnostics, and exit status	LIFE-002,DB-004	DEFINITION_INDEXED	<?php
SUP-0815	custom/mjlfinancement/scripts/verify_phase1_reset.php:8	PHP_FUNCTION	phase1_fail	defines a lifecycle, schema, or verification routine	operator-invoked CLI verification	database reads, assertions, diagnostics, and exit status	LIFE-002,DB-004	DEFINITION_INDEXED	
SUP-0816	custom/mjlfinancement/scripts/verify_phase1_reset.php:10	PHP_FUNCTION	phase1_scalar	defines a lifecycle, schema, or verification routine	operator-invoked CLI verification	database reads, assertions, diagnostics, and exit status	LIFE-002,DB-004	DEFINITION_INDEXED	function phase1_scalar($sql) { global $db; $resql = $db->query($sql); if (!$resql) phase1_fail($db->lasterror()); $row = $db->fetch_row($resql); return (int) $row[0]; }
SUP-0817	custom/mjlfinancement/scripts/verify_phase1_reset.php:11	PHP_FUNCTION	phase1_table	defines a lifecycle, schema, or verification routine	operator-invoked CLI verification	database reads, assertions, diagnostics, and exit status	LIFE-002,DB-004	DEFINITION_INDEXED	"function phase1_table($name) { global $db; return phase1_scalar(""SELECT COUNT(*) FROM information_schema.TABLES WHERE TABLE_SCHEMA=DATABASE() AND TABLE_NAME='"".$db->escape($db->prefix().$name).""'""); }"
SUP-0818	custom/mjlfinancement/scripts/verify_phase1_reset.php:12	PHP_FUNCTION	phase1_column	defines a lifecycle, schema, or verification routine	operator-invoked CLI verification	database reads, assertions, diagnostics, and exit status	LIFE-002,DB-004	DEFINITION_INDEXED	"function phase1_column($table, $column) { global $db; return phase1_scalar(""SELECT COUNT(*) FROM information_schema.COLUMNS WHERE TABLE_SCHEMA=DATABASE() AND TABLE_NAME='"".$db->escape($db->prefix().$table).""' AND COLUMN_NAME='"".$db->escape($column).""'""); }"
SUP-0819	custom/mjlfinancement/scripts/verify_phase1_reset.php:25	LEXICAL_DATABASE_CANDIDATE	database-operation@25	lexically indexed database-operation candidate; surrounding behavior requires manual reconciliation	operator-invoked CLI verification	not established by this record	LIFE-002,DB-004	DEFINITION_INDEXED	"if (phase1_scalar(""SELECT COUNT(*) FROM information_schema.TABLES WHERE TABLE_SCHEMA=DATABASE() AND (TABLE_NAME LIKE '%\\_rst\\_phase1\\_20260814' OR TABLE_NAME LIKE '%\\_rst\\_phase1\\_target\\_20260814')"") !== 0) phase1_fail('Phase 1 quarantine/rollback tables remain.');"
SUP-0820	custom/mjlfinancement/scripts/verify_phase1_schema_exact.php:1	TOP_LEVEL_HANDLER	<file>	verifies an explicit schema, reset, or behavior contract against an isolated tenant	operator-invoked CLI verification	database reads, assertions, diagnostics, and exit status	LIFE-002,DB-004	DEFINITION_INDEXED	<?php
SUP-0821	custom/mjlfinancement/scripts/verify_phase1_schema_exact.php:7	PHP_FUNCTION	exact_fail	defines a lifecycle, schema, or verification routine	operator-invoked CLI verification	database reads, assertions, diagnostics, and exit status	LIFE-002,DB-004	DEFINITION_INDEXED	
SUP-0822	custom/mjlfinancement/scripts/verify_phase1_schema_exact.php:9	PHP_FUNCTION	exact_rows	defines a lifecycle, schema, or verification routine	operator-invoked CLI verification	database reads, assertions, diagnostics, and exit status	LIFE-002,DB-004	DEFINITION_INDEXED	function exact_rows($sql) {
SUP-0823	custom/mjlfinancement/scripts/verify_phase1_schema_exact.php:17	PHP_FUNCTION	exact_normalize	defines a lifecycle, schema, or verification routine	operator-invoked CLI verification	database reads, assertions, diagnostics, and exit status	LIFE-002,DB-004	DEFINITION_INDEXED	function exact_normalize($value) {
SUP-0824	custom/mjlfinancement/scripts/verify_phase1_schema_exact.php:24	PHP_FUNCTION	exact_assert_map	defines a lifecycle, schema, or verification routine	operator-invoked CLI verification	database reads, assertions, diagnostics, and exit status	LIFE-002,DB-004	DEFINITION_INDEXED	function exact_assert_map($label, array $actual, array $expected) {
SUP-0825	custom/mjlfinancement/scripts/verify_phase1_schema_exact.php:50	LEXICAL_DATABASE_CANDIDATE	database-operation@50	lexically indexed database-operation candidate; surrounding behavior requires manual reconciliation	operator-invoked CLI verification	not established by this record	LIFE-002,DB-004	DEFINITION_INDEXED	'date_creation'=>'datetime|NO|||', 'tms'=>'timestamp|NO|current_timestamp()|on update current_timestamp()|',
SUP-0826	custom/mjlfinancement/scripts/verify_phase1_schema_exact.php:67	LEXICAL_DATABASE_CANDIDATE	database-operation@67	lexically indexed database-operation candidate; surrounding behavior requires manual reconciliation	operator-invoked CLI verification	not established by this record	LIFE-002,DB-004	DEFINITION_INDEXED	'tms'=>'timestamp|YES|current_timestamp()|on update current_timestamp()|', 'fk_user_creat'=>'int(11)|NO|||', 'fk_user_modif'=>'int(11)|YES|NULL||',
SUP-0827	custom/mjlfinancement/scripts/verify_phase1_schema_exact.php:74	LEXICAL_DATABASE_CANDIDATE	database-operation@74	lexically indexed database-operation candidate; surrounding behavior requires manual reconciliation	operator-invoked CLI verification	not established by this record	LIFE-002,DB-004	DEFINITION_INDEXED	'tms'=>'timestamp|YES|current_timestamp()|on update current_timestamp()|', 'fk_user_creat'=>'int(11)|NO|||', 'fk_user_modif'=>'int(11)|YES|NULL||',
SUP-0828	custom/mjlfinancement/sql/llx_mjlfinancement_activity.key.sql:1	SQL_FILE	<file>	declares or migrates MJL relational schema and database invariants	module installation or guarded schema lifecycle script	DDL, indexes, constraints, triggers, and persisted invariants	DB-001,DB-002,DB-003,LIFE-001	DEFINITION_INDEXED	ALTER TABLE llx_mjlfinancement_activity ADD UNIQUE INDEX uk_mjl_activity_entity_ref (entity, ref);
SUP-0829	custom/mjlfinancement/sql/llx_mjlfinancement_activity.key.sql:1	SQL_ALTER_TABLE	ALTER TABLE:llx_mjlfinancement_activity	creates or changes a persisted table, trigger, or schema object	module installation or guarded schema lifecycle script	DDL, indexes, constraints, triggers, and persisted invariants	DB-001,DB-002,DB-003,LIFE-001	DEFINITION_INDEXED	ALTER TABLE llx_mjlfinancement_activity ADD UNIQUE INDEX uk_mjl_activity_entity_ref (entity, ref);
SUP-0830	custom/mjlfinancement/sql/llx_mjlfinancement_activity.key.sql:2	SQL_ALTER_TABLE	ALTER TABLE:llx_mjlfinancement_activity	creates or changes a persisted table, trigger, or schema object	module installation or guarded schema lifecycle script	DDL, indexes, constraints, triggers, and persisted invariants	DB-001,DB-002,DB-003,LIFE-001	DEFINITION_INDEXED	ALTER TABLE llx_mjlfinancement_activity ADD INDEX idx_mjl_activity_entity_project (entity, fk_project);
SUP-0831	custom/mjlfinancement/sql/llx_mjlfinancement_activity.key.sql:3	SQL_ALTER_TABLE	ALTER TABLE:llx_mjlfinancement_activity	creates or changes a persisted table, trigger, or schema object	module installation or guarded schema lifecycle script	DDL, indexes, constraints, triggers, and persisted invariants	DB-001,DB-002,DB-003,LIFE-001	DEFINITION_INDEXED	ALTER TABLE llx_mjlfinancement_activity ADD INDEX idx_mjl_activity_entity_partner (entity, fk_partner);
SUP-0832	custom/mjlfinancement/sql/llx_mjlfinancement_activity.key.sql:4	SQL_ALTER_TABLE	ALTER TABLE:llx_mjlfinancement_activity	creates or changes a persisted table, trigger, or schema object	module installation or guarded schema lifecycle script	DDL, indexes, constraints, triggers, and persisted invariants	DB-001,DB-002,DB-003,LIFE-001	DEFINITION_INDEXED	ALTER TABLE llx_mjlfinancement_activity ADD INDEX idx_mjl_activity_entity_validation (entity, validation_status);
SUP-0833	custom/mjlfinancement/sql/llx_mjlfinancement_activity.key.sql:5	SQL_ALTER_TABLE	ALTER TABLE:llx_mjlfinancement_activity	creates or changes a persisted table, trigger, or schema object	module installation or guarded schema lifecycle script	DDL, indexes, constraints, triggers, and persisted invariants	DB-001,DB-002,DB-003,LIFE-001	DEFINITION_INDEXED	ALTER TABLE llx_mjlfinancement_activity ADD INDEX idx_mjl_activity_project_fk (fk_project);
SUP-0834	custom/mjlfinancement/sql/llx_mjlfinancement_activity.key.sql:6	SQL_ALTER_TABLE	ALTER TABLE:llx_mjlfinancement_activity	creates or changes a persisted table, trigger, or schema object	module installation or guarded schema lifecycle script	DDL, indexes, constraints, triggers, and persisted invariants	DB-001,DB-002,DB-003,LIFE-001	DEFINITION_INDEXED	ALTER TABLE llx_mjlfinancement_activity ADD INDEX idx_mjl_activity_partner_fk (fk_partner);
SUP-0835	custom/mjlfinancement/sql/llx_mjlfinancement_activity.key.sql:7	SQL_ALTER_TABLE	ALTER TABLE:llx_mjlfinancement_activity	creates or changes a persisted table, trigger, or schema object	module installation or guarded schema lifecycle script	DDL, indexes, constraints, triggers, and persisted invariants	DB-001,DB-002,DB-003,LIFE-001	DEFINITION_INDEXED	ALTER TABLE llx_mjlfinancement_activity ADD INDEX idx_mjl_activity_creator (fk_user_creat);
SUP-0836	custom/mjlfinancement/sql/llx_mjlfinancement_activity.key.sql:8	SQL_ALTER_TABLE	ALTER TABLE:llx_mjlfinancement_activity	creates or changes a persisted table, trigger, or schema object	module installation or guarded schema lifecycle script	DDL, indexes, constraints, triggers, and persisted invariants	DB-001,DB-002,DB-003,LIFE-001	DEFINITION_INDEXED	ALTER TABLE llx_mjlfinancement_activity ADD INDEX idx_mjl_activity_modifier (fk_user_modif);
SUP-0837	custom/mjlfinancement/sql/llx_mjlfinancement_activity.key.sql:9	SQL_ALTER_TABLE	ALTER TABLE:llx_mjlfinancement_activity	creates or changes a persisted table, trigger, or schema object	module installation or guarded schema lifecycle script	DDL, indexes, constraints, triggers, and persisted invariants	DB-001,DB-002,DB-003,LIFE-001	DEFINITION_INDEXED	ALTER TABLE llx_mjlfinancement_activity ADD CONSTRAINT fk_mjl_activity_target_partner FOREIGN KEY (fk_partner) REFERENCES llx_societe(rowid) ON UPDATE RESTRICT ON DELETE RESTRICT;
SUP-0838	custom/mjlfinancement/sql/llx_mjlfinancement_activity.key.sql:10	SQL_ALTER_TABLE	ALTER TABLE:llx_mjlfinancement_activity	creates or changes a persisted table, trigger, or schema object	module installation or guarded schema lifecycle script	DDL, indexes, constraints, triggers, and persisted invariants	DB-001,DB-002,DB-003,LIFE-001	DEFINITION_INDEXED	ALTER TABLE llx_mjlfinancement_activity ADD CONSTRAINT fk_mjl_activity_target_project FOREIGN KEY (fk_project) REFERENCES llx_projet(rowid) ON UPDATE RESTRICT ON DELETE RESTRICT;
SUP-0839	custom/mjlfinancement/sql/llx_mjlfinancement_activity.key.sql:11	SQL_ALTER_TABLE	ALTER TABLE:llx_mjlfinancement_activity	creates or changes a persisted table, trigger, or schema object	module installation or guarded schema lifecycle script	DDL, indexes, constraints, triggers, and persisted invariants	DB-001,DB-002,DB-003,LIFE-001	DEFINITION_INDEXED	ALTER TABLE llx_mjlfinancement_activity ADD CONSTRAINT fk_mjl_activity_target_creator FOREIGN KEY (fk_user_creat) REFERENCES llx_user(rowid) ON UPDATE RESTRICT ON DELETE RESTRICT;
SUP-0840	custom/mjlfinancement/sql/llx_mjlfinancement_activity.key.sql:12	SQL_ALTER_TABLE	ALTER TABLE:llx_mjlfinancement_activity	creates or changes a persisted table, trigger, or schema object	module installation or guarded schema lifecycle script	DDL, indexes, constraints, triggers, and persisted invariants	DB-001,DB-002,DB-003,LIFE-001	DEFINITION_INDEXED	ALTER TABLE llx_mjlfinancement_activity ADD CONSTRAINT fk_mjl_activity_target_modifier FOREIGN KEY (fk_user_modif) REFERENCES llx_user(rowid) ON UPDATE RESTRICT ON DELETE RESTRICT;
SUP-0841	custom/mjlfinancement/sql/llx_mjlfinancement_activity.key.sql:14	SQL_TRIGGER	CREATE TRIGGER:llx_mjl_activity_rst005_bd	creates or changes a persisted table, trigger, or schema object	module installation or guarded schema lifecycle script	DDL, indexes, constraints, triggers, and persisted invariants	DB-001,DB-002,DB-003,LIFE-001	DEFINITION_INDEXED	CREATE TRIGGER llx_mjl_activity_rst005_bd BEFORE DELETE ON llx_mjlfinancement_activity FOR EACH ROW SIGNAL SQLSTATE '45000' SET MESSAGE_TEXT = 'MJL Activity deletion is dormant in RST-005';
SUP-0842	custom/mjlfinancement/sql/llx_mjlfinancement_activity.key.sql:1	SQL_CONSTRAINT_OR_INDEX	uk_mjl_activity_entity_ref	declares a database uniqueness, referential, check, or lookup invariant	module installation or guarded schema lifecycle script	DDL, indexes, constraints, triggers, and persisted invariants	DB-001,DB-002,DB-003,LIFE-001	DEFINITION_INDEXED	ALTER TABLE llx_mjlfinancement_activity ADD UNIQUE INDEX uk_mjl_activity_entity_ref (entity, ref)
SUP-0843	custom/mjlfinancement/sql/llx_mjlfinancement_activity.key.sql:2	SQL_CONSTRAINT_OR_INDEX	idx_mjl_activity_entity_project	declares a database uniqueness, referential, check, or lookup invariant	module installation or guarded schema lifecycle script	DDL, indexes, constraints, triggers, and persisted invariants	DB-001,DB-002,DB-003,LIFE-001	DEFINITION_INDEXED	ALTER TABLE llx_mjlfinancement_activity ADD INDEX idx_mjl_activity_entity_project (entity, fk_project)
SUP-0844	custom/mjlfinancement/sql/llx_mjlfinancement_activity.key.sql:3	SQL_CONSTRAINT_OR_INDEX	idx_mjl_activity_entity_partner	declares a database uniqueness, referential, check, or lookup invariant	module installation or guarded schema lifecycle script	DDL, indexes, constraints, triggers, and persisted invariants	DB-001,DB-002,DB-003,LIFE-001	DEFINITION_INDEXED	ALTER TABLE llx_mjlfinancement_activity ADD INDEX idx_mjl_activity_entity_partner (entity, fk_partner)
SUP-0845	custom/mjlfinancement/sql/llx_mjlfinancement_activity.key.sql:4	SQL_CONSTRAINT_OR_INDEX	idx_mjl_activity_entity_validation	declares a database uniqueness, referential, check, or lookup invariant	module installation or guarded schema lifecycle script	DDL, indexes, constraints, triggers, and persisted invariants	DB-001,DB-002,DB-003,LIFE-001	DEFINITION_INDEXED	ALTER TABLE llx_mjlfinancement_activity ADD INDEX idx_mjl_activity_entity_validation (entity, validation_status)
SUP-0846	custom/mjlfinancement/sql/llx_mjlfinancement_activity.key.sql:5	SQL_CONSTRAINT_OR_INDEX	idx_mjl_activity_project_fk	declares a database uniqueness, referential, check, or lookup invariant	module installation or guarded schema lifecycle script	DDL, indexes, constraints, triggers, and persisted invariants	DB-001,DB-002,DB-003,LIFE-001	DEFINITION_INDEXED	ALTER TABLE llx_mjlfinancement_activity ADD INDEX idx_mjl_activity_project_fk (fk_project)
SUP-0847	custom/mjlfinancement/sql/llx_mjlfinancement_activity.key.sql:6	SQL_CONSTRAINT_OR_INDEX	idx_mjl_activity_partner_fk	declares a database uniqueness, referential, check, or lookup invariant	module installation or guarded schema lifecycle script	DDL, indexes, constraints, triggers, and persisted invariants	DB-001,DB-002,DB-003,LIFE-001	DEFINITION_INDEXED	ALTER TABLE llx_mjlfinancement_activity ADD INDEX idx_mjl_activity_partner_fk (fk_partner)
SUP-0848	custom/mjlfinancement/sql/llx_mjlfinancement_activity.key.sql:7	SQL_CONSTRAINT_OR_INDEX	idx_mjl_activity_creator	declares a database uniqueness, referential, check, or lookup invariant	module installation or guarded schema lifecycle script	DDL, indexes, constraints, triggers, and persisted invariants	DB-001,DB-002,DB-003,LIFE-001	DEFINITION_INDEXED	ALTER TABLE llx_mjlfinancement_activity ADD INDEX idx_mjl_activity_creator (fk_user_creat)
SUP-0849	custom/mjlfinancement/sql/llx_mjlfinancement_activity.key.sql:8	SQL_CONSTRAINT_OR_INDEX	idx_mjl_activity_modifier	declares a database uniqueness, referential, check, or lookup invariant	module installation or guarded schema lifecycle script	DDL, indexes, constraints, triggers, and persisted invariants	DB-001,DB-002,DB-003,LIFE-001	DEFINITION_INDEXED	ALTER TABLE llx_mjlfinancement_activity ADD INDEX idx_mjl_activity_modifier (fk_user_modif)
SUP-0850	custom/mjlfinancement/sql/llx_mjlfinancement_activity.key.sql:9	SQL_CONSTRAINT_OR_INDEX	fk_mjl_activity_target_partner	declares a database uniqueness, referential, check, or lookup invariant	module installation or guarded schema lifecycle script	DDL, indexes, constraints, triggers, and persisted invariants	DB-001,DB-002,DB-003,LIFE-001	DEFINITION_INDEXED	ALTER TABLE llx_mjlfinancement_activity ADD CONSTRAINT fk_mjl_activity_target_partner FOREIGN KEY (fk_partner) REFERENCES llx_societe(rowid) ON UPDATE RESTRICT ON DELETE RESTRICT
SUP-0851	custom/mjlfinancement/sql/llx_mjlfinancement_activity.key.sql:10	SQL_CONSTRAINT_OR_INDEX	fk_mjl_activity_target_project	declares a database uniqueness, referential, check, or lookup invariant	module installation or guarded schema lifecycle script	DDL, indexes, constraints, triggers, and persisted invariants	DB-001,DB-002,DB-003,LIFE-001	DEFINITION_INDEXED	ALTER TABLE llx_mjlfinancement_activity ADD CONSTRAINT fk_mjl_activity_target_project FOREIGN KEY (fk_project) REFERENCES llx_projet(rowid) ON UPDATE RESTRICT ON DELETE RESTRICT
SUP-0852	custom/mjlfinancement/sql/llx_mjlfinancement_activity.key.sql:11	SQL_CONSTRAINT_OR_INDEX	fk_mjl_activity_target_creator	declares a database uniqueness, referential, check, or lookup invariant	module installation or guarded schema lifecycle script	DDL, indexes, constraints, triggers, and persisted invariants	DB-001,DB-002,DB-003,LIFE-001	DEFINITION_INDEXED	ALTER TABLE llx_mjlfinancement_activity ADD CONSTRAINT fk_mjl_activity_target_creator FOREIGN KEY (fk_user_creat) REFERENCES llx_user(rowid) ON UPDATE RESTRICT ON DELETE RESTRICT
SUP-0853	custom/mjlfinancement/sql/llx_mjlfinancement_activity.key.sql:12	SQL_CONSTRAINT_OR_INDEX	fk_mjl_activity_target_modifier	declares a database uniqueness, referential, check, or lookup invariant	module installation or guarded schema lifecycle script	DDL, indexes, constraints, triggers, and persisted invariants	DB-001,DB-002,DB-003,LIFE-001	DEFINITION_INDEXED	ALTER TABLE llx_mjlfinancement_activity ADD CONSTRAINT fk_mjl_activity_target_modifier FOREIGN KEY (fk_user_modif) REFERENCES llx_user(rowid) ON UPDATE RESTRICT ON DELETE RESTRICT
SUP-0854	custom/mjlfinancement/sql/llx_mjlfinancement_activity.sql:1	SQL_FILE	<file>	declares or migrates MJL relational schema and database invariants	module installation or guarded schema lifecycle script	DDL, indexes, constraints, triggers, and persisted invariants	DB-001,DB-002,DB-003,LIFE-001	DEFINITION_INDEXED	CREATE TABLE llx_mjlfinancement_activity (
SUP-0855	custom/mjlfinancement/sql/llx_mjlfinancement_activity.sql:1	SQL_CREATE_TABLE	CREATE TABLE:llx_mjlfinancement_activity	creates or changes a persisted table, trigger, or schema object	module installation or guarded schema lifecycle script	DDL, indexes, constraints, triggers, and persisted invariants	DB-001,DB-002,DB-003,LIFE-001	DEFINITION_INDEXED	CREATE TABLE llx_mjlfinancement_activity ( rowid INT(11) AUTO_INCREMENT PRIMARY KEY, entity INT(11) NOT NULL, ref VARCHAR(128) NOT NULL, fk_partner INT(11) NOT NULL, fk_project INT(11) NOT NULL, name VARCHAR(255) NOT NULL, description TEXT NOT NULL, date_start DATE NOT NULL, date_end DATE NOT NULL, draft_authorized_amount BIGINT(20) NOT NULL, first_submitted_amount BIGINT(20) DEFAULT NULL, latest_validated_amount BIG
SUP-0856	custom/mjlfinancement/sql/llx_mjlfinancement_activity.sql:21	SQL_CONSTRAINT_OR_INDEX	chk_mjl_activity_entity_positive	declares a database uniqueness, referential, check, or lookup invariant	module installation or guarded schema lifecycle script	DDL, indexes, constraints, triggers, and persisted invariants	DB-001,DB-002,DB-003,LIFE-001	DEFINITION_INDEXED	CONSTRAINT chk_mjl_activity_entity_positive CHECK (entity > 0)
SUP-0857	custom/mjlfinancement/sql/llx_mjlfinancement_activity.sql:22	SQL_CONSTRAINT_OR_INDEX	chk_mjl_activity_ref_nonblank	declares a database uniqueness, referential, check, or lookup invariant	module installation or guarded schema lifecycle script	DDL, indexes, constraints, triggers, and persisted invariants	DB-001,DB-002,DB-003,LIFE-001	DEFINITION_INDEXED	CONSTRAINT chk_mjl_activity_ref_nonblank CHECK (ref REGEXP '[^[:space:]]')
SUP-0858	custom/mjlfinancement/sql/llx_mjlfinancement_activity.sql:23	SQL_CONSTRAINT_OR_INDEX	chk_mjl_activity_name_nonblank	declares a database uniqueness, referential, check, or lookup invariant	module installation or guarded schema lifecycle script	DDL, indexes, constraints, triggers, and persisted invariants	DB-001,DB-002,DB-003,LIFE-001	DEFINITION_INDEXED	CONSTRAINT chk_mjl_activity_name_nonblank CHECK (name REGEXP '[^[:space:]]')
SUP-0859	custom/mjlfinancement/sql/llx_mjlfinancement_activity.sql:24	SQL_CONSTRAINT_OR_INDEX	chk_mjl_activity_description_nonblank	declares a database uniqueness, referential, check, or lookup invariant	module installation or guarded schema lifecycle script	DDL, indexes, constraints, triggers, and persisted invariants	DB-001,DB-002,DB-003,LIFE-001	DEFINITION_INDEXED	CONSTRAINT chk_mjl_activity_description_nonblank CHECK (description REGEXP '[^[:space:]]')
SUP-0860	custom/mjlfinancement/sql/llx_mjlfinancement_activity.sql:25	SQL_CONSTRAINT_OR_INDEX	chk_mjl_activity_dates	declares a database uniqueness, referential, check, or lookup invariant	module installation or guarded schema lifecycle script	DDL, indexes, constraints, triggers, and persisted invariants	DB-001,DB-002,DB-003,LIFE-001	DEFINITION_INDEXED	CONSTRAINT chk_mjl_activity_dates CHECK (date_end >= date_start)
SUP-0861	custom/mjlfinancement/sql/llx_mjlfinancement_activity.sql:26	SQL_CONSTRAINT_OR_INDEX	chk_mjl_activity_draft_amount	declares a database uniqueness, referential, check, or lookup invariant	module installation or guarded schema lifecycle script	DDL, indexes, constraints, triggers, and persisted invariants	DB-001,DB-002,DB-003,LIFE-001	DEFINITION_INDEXED	CONSTRAINT chk_mjl_activity_draft_amount CHECK (draft_authorized_amount >= 0)
SUP-0862	custom/mjlfinancement/sql/llx_mjlfinancement_activity.sql:27	SQL_CONSTRAINT_OR_INDEX	chk_mjl_activity_first_amount	declares a database uniqueness, referential, check, or lookup invariant	module installation or guarded schema lifecycle script	DDL, indexes, constraints, triggers, and persisted invariants	DB-001,DB-002,DB-003,LIFE-001	DEFINITION_INDEXED	CONSTRAINT chk_mjl_activity_first_amount CHECK (first_submitted_amount IS NULL OR first_submitted_amount >= 0)
SUP-0863	custom/mjlfinancement/sql/llx_mjlfinancement_activity.sql:28	SQL_CONSTRAINT_OR_INDEX	chk_mjl_activity_validated_amount	declares a database uniqueness, referential, check, or lookup invariant	module installation or guarded schema lifecycle script	DDL, indexes, constraints, triggers, and persisted invariants	DB-001,DB-002,DB-003,LIFE-001	DEFINITION_INDEXED	CONSTRAINT chk_mjl_activity_validated_amount CHECK (latest_validated_amount IS NULL OR latest_validated_amount >= 0)
SUP-0864	custom/mjlfinancement/sql/llx_mjlfinancement_activity.sql:29	SQL_CONSTRAINT_OR_INDEX	chk_mjl_activity_validation_status	declares a database uniqueness, referential, check, or lookup invariant	module installation or guarded schema lifecycle script	DDL, indexes, constraints, triggers, and persisted invariants	DB-001,DB-002,DB-003,LIFE-001	DEFINITION_INDEXED	CONSTRAINT chk_mjl_activity_validation_status CHECK (validation_status IN ('DRAFT','SUBMITTED','RETURNED_SUPERVISOR','PREVALIDATED','RETURNED_VALIDATOR','FINAL_VALIDATED','CANCELLED'))
SUP-0865	custom/mjlfinancement/sql/llx_mjlfinancement_activity.sql:30	SQL_CONSTRAINT_OR_INDEX	chk_mjl_activity_cancelled	declares a database uniqueness, referential, check, or lookup invariant	module installation or guarded schema lifecycle script	DDL, indexes, constraints, triggers, and persisted invariants	DB-001,DB-002,DB-003,LIFE-001	DEFINITION_INDEXED	CONSTRAINT chk_mjl_activity_cancelled CHECK (is_cancelled IN (0,1) AND ((is_cancelled = 1 AND validation_status = 'CANCELLED') OR (is_cancelled = 0 AND validation_status <> 'CANCELLED')))
SUP-0866	custom/mjlfinancement/sql/llx_mjlfinancement_activity.sql:31	SQL_CONSTRAINT_OR_INDEX	chk_mjl_activity_version	declares a database uniqueness, referential, check, or lookup invariant	module installation or guarded schema lifecycle script	DDL, indexes, constraints, triggers, and persisted invariants	DB-001,DB-002,DB-003,LIFE-001	DEFINITION_INDEXED	CONSTRAINT chk_mjl_activity_version CHECK (version >= 1)
SUP-0867	custom/mjlfinancement/sql/llx_mjlfinancement_activity.sql:32	SQL_CONSTRAINT_OR_INDEX	chk_mjl_activity_rst005_dormant	declares a database uniqueness, referential, check, or lookup invariant	module installation or guarded schema lifecycle script	DDL, indexes, constraints, triggers, and persisted invariants	DB-001,DB-002,DB-003,LIFE-001	DEFINITION_INDEXED	CONSTRAINT chk_mjl_activity_rst005_dormant CHECK (validation_status = 'DRAFT' AND is_cancelled = 0 AND first_submitted_amount IS NULL AND latest_validated_amount IS NULL)
SUP-0868	custom/mjlfinancement/sql/llx_mjlfinancement_activity_assignment.key.sql:1	SQL_FILE	<file>	declares or migrates MJL relational schema and database invariants	module installation or guarded schema lifecycle script	DDL, indexes, constraints, triggers, and persisted invariants	DB-001,DB-002,DB-003,LIFE-001	DEFINITION_INDEXED	-- llx_mjl_activity_assignment_bi, llx_mjl_activity_assignment_bu, and llx_mjl_activity_assignment_bd are installed as driver statements by activity_schema_installer.lib.php.
SUP-0869	custom/mjlfinancement/sql/llx_mjlfinancement_activity_assignment.sql:1	SQL_FILE	<file>	declares or migrates MJL relational schema and database invariants	module installation or guarded schema lifecycle script	DDL, indexes, constraints, triggers, and persisted invariants	DB-001,DB-002,DB-003,LIFE-001	DEFINITION_INDEXED	CREATE TABLE llx_mjlfinancement_activity_assignment (
SUP-0870	custom/mjlfinancement/sql/llx_mjlfinancement_activity_assignment.sql:1	SQL_CREATE_TABLE	CREATE TABLE:llx_mjlfinancement_activity_assignment	creates or changes a persisted table, trigger, or schema object	module installation or guarded schema lifecycle script	DDL, indexes, constraints, triggers, and persisted invariants	DB-001,DB-002,DB-003,LIFE-001	DEFINITION_INDEXED	CREATE TABLE llx_mjlfinancement_activity_assignment ( rowid BIGINT(20) AUTO_INCREMENT PRIMARY KEY, entity INT(11) NOT NULL, fk_activity INT(11) NOT NULL, fk_user INT(11) NOT NULL, is_primary TINYINT(1) DEFAULT 0 NOT NULL, date_start DATETIME NOT NULL, date_end DATETIME DEFAULT NULL, fk_user_assign INT(11) DEFAULT NULL, reason TEXT NOT NULL, date_creation DATETIME NOT NULL, tms TIMESTAMP DEFAULT CURRENT_TIMESTAMP ON U
SUP-0871	custom/mjlfinancement/sql/llx_mjlfinancement_activity_assignment.sql:15	SQL_CONSTRAINT_OR_INDEX	uk_mjl_activity_assignment_current_user	declares a database uniqueness, referential, check, or lookup invariant	module installation or guarded schema lifecycle script	DDL, indexes, constraints, triggers, and persisted invariants	DB-001,DB-002,DB-003,LIFE-001	DEFINITION_INDEXED	UNIQUE INDEX uk_mjl_activity_assignment_current_user (entity, fk_activity, current_user_id)
SUP-0872	custom/mjlfinancement/sql/llx_mjlfinancement_activity_assignment.sql:16	SQL_CONSTRAINT_OR_INDEX	uk_mjl_activity_assignment_current_primary	declares a database uniqueness, referential, check, or lookup invariant	module installation or guarded schema lifecycle script	DDL, indexes, constraints, triggers, and persisted invariants	DB-001,DB-002,DB-003,LIFE-001	DEFINITION_INDEXED	UNIQUE INDEX uk_mjl_activity_assignment_current_primary (entity, current_primary_activity_id)
SUP-0873	custom/mjlfinancement/sql/llx_mjlfinancement_activity_assignment.sql:17	SQL_CONSTRAINT_OR_INDEX	idx_mjl_activity_assignment_current_activity	declares a database uniqueness, referential, check, or lookup invariant	module installation or guarded schema lifecycle script	DDL, indexes, constraints, triggers, and persisted invariants	DB-001,DB-002,DB-003,LIFE-001	DEFINITION_INDEXED	INDEX idx_mjl_activity_assignment_current_activity (entity, fk_activity, date_end)
SUP-0874	custom/mjlfinancement/sql/llx_mjlfinancement_activity_assignment.sql:18	SQL_CONSTRAINT_OR_INDEX	idx_mjl_activity_assignment_current_agent	declares a database uniqueness, referential, check, or lookup invariant	module installation or guarded schema lifecycle script	DDL, indexes, constraints, triggers, and persisted invariants	DB-001,DB-002,DB-003,LIFE-001	DEFINITION_INDEXED	INDEX idx_mjl_activity_assignment_current_agent (entity, fk_user, date_end)
SUP-0875	custom/mjlfinancement/sql/llx_mjlfinancement_activity_assignment.sql:19	SQL_CONSTRAINT_OR_INDEX	idx_mjl_activity_assignment_activity_fk	declares a database uniqueness, referential, check, or lookup invariant	module installation or guarded schema lifecycle script	DDL, indexes, constraints, triggers, and persisted invariants	DB-001,DB-002,DB-003,LIFE-001	DEFINITION_INDEXED	INDEX idx_mjl_activity_assignment_activity_fk (fk_activity)
SUP-0876	custom/mjlfinancement/sql/llx_mjlfinancement_activity_assignment.sql:20	SQL_CONSTRAINT_OR_INDEX	idx_mjl_activity_assignment_agent_fk	declares a database uniqueness, referential, check, or lookup invariant	module installation or guarded schema lifecycle script	DDL, indexes, constraints, triggers, and persisted invariants	DB-001,DB-002,DB-003,LIFE-001	DEFINITION_INDEXED	INDEX idx_mjl_activity_assignment_agent_fk (fk_user)
SUP-0877	custom/mjlfinancement/sql/llx_mjlfinancement_activity_assignment.sql:21	SQL_CONSTRAINT_OR_INDEX	idx_mjl_activity_assignment_assigner	declares a database uniqueness, referential, check, or lookup invariant	module installation or guarded schema lifecycle script	DDL, indexes, constraints, triggers, and persisted invariants	DB-001,DB-002,DB-003,LIFE-001	DEFINITION_INDEXED	INDEX idx_mjl_activity_assignment_assigner (fk_user_assign)
SUP-0878	custom/mjlfinancement/sql/llx_mjlfinancement_activity_assignment.sql:22	SQL_CONSTRAINT_OR_INDEX	chk_mjl_activity_assignment_entity_positive	declares a database uniqueness, referential, check, or lookup invariant	module installation or guarded schema lifecycle script	DDL, indexes, constraints, triggers, and persisted invariants	DB-001,DB-002,DB-003,LIFE-001	DEFINITION_INDEXED	CONSTRAINT chk_mjl_activity_assignment_entity_positive CHECK (entity > 0)
SUP-0879	custom/mjlfinancement/sql/llx_mjlfinancement_activity_assignment.sql:23	SQL_CONSTRAINT_OR_INDEX	chk_mjl_activity_assignment_primary	declares a database uniqueness, referential, check, or lookup invariant	module installation or guarded schema lifecycle script	DDL, indexes, constraints, triggers, and persisted invariants	DB-001,DB-002,DB-003,LIFE-001	DEFINITION_INDEXED	CONSTRAINT chk_mjl_activity_assignment_primary CHECK (is_primary IN (0, 1))
SUP-0880	custom/mjlfinancement/sql/llx_mjlfinancement_activity_assignment.sql:24	SQL_CONSTRAINT_OR_INDEX	chk_mjl_activity_assignment_reason_nonblank	declares a database uniqueness, referential, check, or lookup invariant	module installation or guarded schema lifecycle script	DDL, indexes, constraints, triggers, and persisted invariants	DB-001,DB-002,DB-003,LIFE-001	DEFINITION_INDEXED	CONSTRAINT chk_mjl_activity_assignment_reason_nonblank CHECK (reason REGEXP '[^[:space:]]')
SUP-0881	custom/mjlfinancement/sql/llx_mjlfinancement_activity_assignment.sql:25	SQL_CONSTRAINT_OR_INDEX	chk_mjl_activity_assignment_dates	declares a database uniqueness, referential, check, or lookup invariant	module installation or guarded schema lifecycle script	DDL, indexes, constraints, triggers, and persisted invariants	DB-001,DB-002,DB-003,LIFE-001	DEFINITION_INDEXED	CONSTRAINT chk_mjl_activity_assignment_dates CHECK (date_end IS NULL OR date_end >= date_start)
SUP-0882	custom/mjlfinancement/sql/llx_mjlfinancement_activity_assignment.sql:26	SQL_CONSTRAINT_OR_INDEX	fk_mjl_activity_assignment_activity	declares a database uniqueness, referential, check, or lookup invariant	module installation or guarded schema lifecycle script	DDL, indexes, constraints, triggers, and persisted invariants	DB-001,DB-002,DB-003,LIFE-001	DEFINITION_INDEXED	CONSTRAINT fk_mjl_activity_assignment_activity FOREIGN KEY (fk_activity) REFERENCES llx_mjlfinancement_activity(rowid) ON UPDATE RESTRICT ON DELETE RESTRICT
SUP-0883	custom/mjlfinancement/sql/llx_mjlfinancement_activity_assignment.sql:27	SQL_CONSTRAINT_OR_INDEX	fk_mjl_activity_assignment_agent	declares a database uniqueness, referential, check, or lookup invariant	module installation or guarded schema lifecycle script	DDL, indexes, constraints, triggers, and persisted invariants	DB-001,DB-002,DB-003,LIFE-001	DEFINITION_INDEXED	CONSTRAINT fk_mjl_activity_assignment_agent FOREIGN KEY (fk_user) REFERENCES llx_user(rowid) ON UPDATE RESTRICT ON DELETE RESTRICT
SUP-0884	custom/mjlfinancement/sql/llx_mjlfinancement_activity_assignment.sql:28	SQL_CONSTRAINT_OR_INDEX	fk_mjl_activity_assignment_assigner	declares a database uniqueness, referential, check, or lookup invariant	module installation or guarded schema lifecycle script	DDL, indexes, constraints, triggers, and persisted invariants	DB-001,DB-002,DB-003,LIFE-001	DEFINITION_INDEXED	CONSTRAINT fk_mjl_activity_assignment_assigner FOREIGN KEY (fk_user_assign) REFERENCES llx_user(rowid) ON UPDATE RESTRICT ON DELETE RESTRICT
SUP-0885	custom/mjlfinancement/sql/llx_mjlfinancement_activity_reference_sequence.sql:1	SQL_FILE	<file>	declares or migrates MJL relational schema and database invariants	module installation or guarded schema lifecycle script	DDL, indexes, constraints, triggers, and persisted invariants	DB-001,DB-002,DB-003,LIFE-001	DEFINITION_INDEXED	CREATE TABLE llx_mjlfinancement_activity_reference_sequence (
SUP-0886	custom/mjlfinancement/sql/llx_mjlfinancement_activity_reference_sequence.sql:1	SQL_CREATE_TABLE	CREATE TABLE:llx_mjlfinancement_activity_reference_sequence	creates or changes a persisted table, trigger, or schema object	module installation or guarded schema lifecycle script	DDL, indexes, constraints, triggers, and persisted invariants	DB-001,DB-002,DB-003,LIFE-001	DEFINITION_INDEXED	CREATE TABLE llx_mjlfinancement_activity_reference_sequence ( entity INT(11) NOT NULL PRIMARY KEY, next_value BIGINT(20) NOT NULL, date_creation DATETIME NOT NULL, tms TIMESTAMP DEFAULT CURRENT_TIMESTAMP ON UPDATE CURRENT_TIMESTAMP NOT NULL, CONSTRAINT chk_mjl_activity_sequence_entity CHECK (entity > 0), CONSTRAINT chk_mjl_activity_sequence_next CHECK (next_value > 0) ) ENGINE=innodb DEFAULT CHARSET=utf8mb4 COLLATE=u
SUP-0887	custom/mjlfinancement/sql/llx_mjlfinancement_activity_reference_sequence.sql:6	SQL_CONSTRAINT_OR_INDEX	chk_mjl_activity_sequence_entity	declares a database uniqueness, referential, check, or lookup invariant	module installation or guarded schema lifecycle script	DDL, indexes, constraints, triggers, and persisted invariants	DB-001,DB-002,DB-003,LIFE-001	DEFINITION_INDEXED	CONSTRAINT chk_mjl_activity_sequence_entity CHECK (entity > 0)
SUP-0888	custom/mjlfinancement/sql/llx_mjlfinancement_activity_reference_sequence.sql:7	SQL_CONSTRAINT_OR_INDEX	chk_mjl_activity_sequence_next	declares a database uniqueness, referential, check, or lookup invariant	module installation or guarded schema lifecycle script	DDL, indexes, constraints, triggers, and persisted invariants	DB-001,DB-002,DB-003,LIFE-001	DEFINITION_INDEXED	CONSTRAINT chk_mjl_activity_sequence_next CHECK (next_value > 0)
SUP-0889	custom/mjlfinancement/sql/llx_mjlfinancement_activity_revision.key.sql:1	SQL_FILE	<file>	declares or migrates MJL relational schema and database invariants	module installation or guarded schema lifecycle script	DDL, indexes, constraints, triggers, and persisted invariants	DB-001,DB-002,DB-003,LIFE-001	DEFINITION_INDEXED	ALTER TABLE llx_mjlfinancement_activity_revision ADD CONSTRAINT fk_mjl_revision_activity FOREIGN KEY (fk_activity) REFERENCES llx_mjlfinancement_activity(rowid) ON UPDATE RESTRICT ON DELETE RESTRICT;
SUP-0890	custom/mjlfinancement/sql/llx_mjlfinancement_activity_revision.key.sql:1	SQL_ALTER_TABLE	ALTER TABLE:llx_mjlfinancement_activity_revision	creates or changes a persisted table, trigger, or schema object	module installation or guarded schema lifecycle script	DDL, indexes, constraints, triggers, and persisted invariants	DB-001,DB-002,DB-003,LIFE-001	DEFINITION_INDEXED	ALTER TABLE llx_mjlfinancement_activity_revision ADD CONSTRAINT fk_mjl_revision_activity FOREIGN KEY (fk_activity) REFERENCES llx_mjlfinancement_activity(rowid) ON UPDATE RESTRICT ON DELETE RESTRICT;
SUP-0891	custom/mjlfinancement/sql/llx_mjlfinancement_activity_revision.key.sql:2	SQL_ALTER_TABLE	ALTER TABLE:llx_mjlfinancement_activity_revision	creates or changes a persisted table, trigger, or schema object	module installation or guarded schema lifecycle script	DDL, indexes, constraints, triggers, and persisted invariants	DB-001,DB-002,DB-003,LIFE-001	DEFINITION_INDEXED	ALTER TABLE llx_mjlfinancement_activity_revision ADD CONSTRAINT fk_mjl_revision_submitter FOREIGN KEY (fk_submitter) REFERENCES llx_user(rowid) ON UPDATE RESTRICT ON DELETE RESTRICT;
SUP-0892	custom/mjlfinancement/sql/llx_mjlfinancement_activity_revision.key.sql:1	SQL_CONSTRAINT_OR_INDEX	fk_mjl_revision_activity	declares a database uniqueness, referential, check, or lookup invariant	module installation or guarded schema lifecycle script	DDL, indexes, constraints, triggers, and persisted invariants	DB-001,DB-002,DB-003,LIFE-001	DEFINITION_INDEXED	ALTER TABLE llx_mjlfinancement_activity_revision ADD CONSTRAINT fk_mjl_revision_activity FOREIGN KEY (fk_activity) REFERENCES llx_mjlfinancement_activity(rowid) ON UPDATE RESTRICT ON DELETE RESTRICT
SUP-0893	custom/mjlfinancement/sql/llx_mjlfinancement_activity_revision.key.sql:2	SQL_CONSTRAINT_OR_INDEX	fk_mjl_revision_submitter	declares a database uniqueness, referential, check, or lookup invariant	module installation or guarded schema lifecycle script	DDL, indexes, constraints, triggers, and persisted invariants	DB-001,DB-002,DB-003,LIFE-001	DEFINITION_INDEXED	ALTER TABLE llx_mjlfinancement_activity_revision ADD CONSTRAINT fk_mjl_revision_submitter FOREIGN KEY (fk_submitter) REFERENCES llx_user(rowid) ON UPDATE RESTRICT ON DELETE RESTRICT
SUP-0894	custom/mjlfinancement/sql/llx_mjlfinancement_activity_revision.sql:1	SQL_FILE	<file>	declares or migrates MJL relational schema and database invariants	module installation or guarded schema lifecycle script	DDL, indexes, constraints, triggers, and persisted invariants	DB-001,DB-002,DB-003,LIFE-001	DEFINITION_INDEXED	CREATE TABLE llx_mjlfinancement_activity_revision (
SUP-0895	custom/mjlfinancement/sql/llx_mjlfinancement_activity_revision.sql:1	SQL_CREATE_TABLE	CREATE TABLE:llx_mjlfinancement_activity_revision	creates or changes a persisted table, trigger, or schema object	module installation or guarded schema lifecycle script	DDL, indexes, constraints, triggers, and persisted invariants	DB-001,DB-002,DB-003,LIFE-001	DEFINITION_INDEXED	CREATE TABLE llx_mjlfinancement_activity_revision ( rowid BIGINT(20) AUTO_INCREMENT PRIMARY KEY, entity INT(11) NOT NULL, fk_activity INT(11) NOT NULL, revision_number BIGINT(20) NOT NULL, activity_version BIGINT(20) NOT NULL, schema_version INT(11) DEFAULT 1 NOT NULL, snapshot_json LONGTEXT NOT NULL, structural_hash CHAR(64) NOT NULL, integrity_hash CHAR(64) NOT NULL, proposed_amount BIGINT(20) NOT NULL, fk_submitte
SUP-0896	custom/mjlfinancement/sql/llx_mjlfinancement_activity_revision.sql:16	SQL_CONSTRAINT_OR_INDEX	uk_mjl_revision_entity_rowid_activity	declares a database uniqueness, referential, check, or lookup invariant	module installation or guarded schema lifecycle script	DDL, indexes, constraints, triggers, and persisted invariants	DB-001,DB-002,DB-003,LIFE-001	DEFINITION_INDEXED	UNIQUE INDEX uk_mjl_revision_entity_rowid_activity (entity,rowid,fk_activity)
SUP-0897	custom/mjlfinancement/sql/llx_mjlfinancement_activity_revision.sql:17	SQL_CONSTRAINT_OR_INDEX	uk_mjl_revision_number	declares a database uniqueness, referential, check, or lookup invariant	module installation or guarded schema lifecycle script	DDL, indexes, constraints, triggers, and persisted invariants	DB-001,DB-002,DB-003,LIFE-001	DEFINITION_INDEXED	UNIQUE INDEX uk_mjl_revision_number (entity,fk_activity,revision_number)
SUP-0898	custom/mjlfinancement/sql/llx_mjlfinancement_activity_revision.sql:18	SQL_CONSTRAINT_OR_INDEX	chk_mjl_revision_entity	declares a database uniqueness, referential, check, or lookup invariant	module installation or guarded schema lifecycle script	DDL, indexes, constraints, triggers, and persisted invariants	DB-001,DB-002,DB-003,LIFE-001	DEFINITION_INDEXED	CONSTRAINT chk_mjl_revision_entity CHECK (entity > 0)
SUP-0899	custom/mjlfinancement/sql/llx_mjlfinancement_activity_revision.sql:19	SQL_CONSTRAINT_OR_INDEX	chk_mjl_revision_numbers	declares a database uniqueness, referential, check, or lookup invariant	module installation or guarded schema lifecycle script	DDL, indexes, constraints, triggers, and persisted invariants	DB-001,DB-002,DB-003,LIFE-001	DEFINITION_INDEXED	CONSTRAINT chk_mjl_revision_numbers CHECK (revision_number > 0 AND activity_version > 0 AND schema_version=1)
SUP-0900	custom/mjlfinancement/sql/llx_mjlfinancement_activity_revision.sql:20	SQL_CONSTRAINT_OR_INDEX	chk_mjl_revision_hashes	declares a database uniqueness, referential, check, or lookup invariant	module installation or guarded schema lifecycle script	DDL, indexes, constraints, triggers, and persisted invariants	DB-001,DB-002,DB-003,LIFE-001	DEFINITION_INDEXED	CONSTRAINT chk_mjl_revision_hashes CHECK (structural_hash REGEXP '^[0-9a-f]{64}$' AND integrity_hash REGEXP '^[0-9a-f]{64}$')
SUP-0901	custom/mjlfinancement/sql/llx_mjlfinancement_activity_revision.sql:21	SQL_CONSTRAINT_OR_INDEX	chk_mjl_revision_amount	declares a database uniqueness, referential, check, or lookup invariant	module installation or guarded schema lifecycle script	DDL, indexes, constraints, triggers, and persisted invariants	DB-001,DB-002,DB-003,LIFE-001	DEFINITION_INDEXED	CONSTRAINT chk_mjl_revision_amount CHECK (proposed_amount > 0)
SUP-0902	custom/mjlfinancement/sql/llx_mjlfinancement_activity_revision.sql:22	SQL_CONSTRAINT_OR_INDEX	chk_mjl_revision_snapshot	declares a database uniqueness, referential, check, or lookup invariant	module installation or guarded schema lifecycle script	DDL, indexes, constraints, triggers, and persisted invariants	DB-001,DB-002,DB-003,LIFE-001	DEFINITION_INDEXED	CONSTRAINT chk_mjl_revision_snapshot CHECK (JSON_VALID(snapshot_json))
SUP-0903	custom/mjlfinancement/sql/llx_mjlfinancement_audit_event.key.sql:1	SQL_FILE	<file>	declares or migrates MJL relational schema and database invariants	module installation or guarded schema lifecycle script	DDL, indexes, constraints, triggers, and persisted invariants	DB-001,DB-002,DB-003,LIFE-001	DEFINITION_INDEXED	ALTER TABLE llx_mjlfinancement_audit_event ADD INDEX idx_mjl_audit_entity_date (entity, event_date, rowid);
SUP-0904	custom/mjlfinancement/sql/llx_mjlfinancement_audit_event.key.sql:1	SQL_ALTER_TABLE	ALTER TABLE:llx_mjlfinancement_audit_event	creates or changes a persisted table, trigger, or schema object	module installation or guarded schema lifecycle script	DDL, indexes, constraints, triggers, and persisted invariants	DB-001,DB-002,DB-003,LIFE-001	DEFINITION_INDEXED	ALTER TABLE llx_mjlfinancement_audit_event ADD INDEX idx_mjl_audit_entity_date (entity, event_date, rowid);
SUP-0905	custom/mjlfinancement/sql/llx_mjlfinancement_audit_event.key.sql:2	SQL_ALTER_TABLE	ALTER TABLE:llx_mjlfinancement_audit_event	creates or changes a persisted table, trigger, or schema object	module installation or guarded schema lifecycle script	DDL, indexes, constraints, triggers, and persisted invariants	DB-001,DB-002,DB-003,LIFE-001	DEFINITION_INDEXED	ALTER TABLE llx_mjlfinancement_audit_event ADD INDEX idx_mjl_audit_object (entity, object_type, object_id);
SUP-0906	custom/mjlfinancement/sql/llx_mjlfinancement_audit_event.key.sql:3	SQL_ALTER_TABLE	ALTER TABLE:llx_mjlfinancement_audit_event	creates or changes a persisted table, trigger, or schema object	module installation or guarded schema lifecycle script	DDL, indexes, constraints, triggers, and persisted invariants	DB-001,DB-002,DB-003,LIFE-001	DEFINITION_INDEXED	ALTER TABLE llx_mjlfinancement_audit_event ADD INDEX idx_mjl_audit_activity (entity, activity_id);
SUP-0907	custom/mjlfinancement/sql/llx_mjlfinancement_audit_event.key.sql:4	SQL_ALTER_TABLE	ALTER TABLE:llx_mjlfinancement_audit_event	creates or changes a persisted table, trigger, or schema object	module installation or guarded schema lifecycle script	DDL, indexes, constraints, triggers, and persisted invariants	DB-001,DB-002,DB-003,LIFE-001	DEFINITION_INDEXED	ALTER TABLE llx_mjlfinancement_audit_event ADD INDEX idx_mjl_audit_operation (entity, operation_id);
SUP-0908	custom/mjlfinancement/sql/llx_mjlfinancement_audit_event.key.sql:5	SQL_ALTER_TABLE	ALTER TABLE:llx_mjlfinancement_audit_event	creates or changes a persisted table, trigger, or schema object	module installation or guarded schema lifecycle script	DDL, indexes, constraints, triggers, and persisted invariants	DB-001,DB-002,DB-003,LIFE-001	DEFINITION_INDEXED	ALTER TABLE llx_mjlfinancement_audit_event ADD INDEX idx_mjl_audit_actor (entity, actor_id);
SUP-0909	custom/mjlfinancement/sql/llx_mjlfinancement_audit_event.key.sql:6	SQL_ALTER_TABLE	ALTER TABLE:llx_mjlfinancement_audit_event	creates or changes a persisted table, trigger, or schema object	module installation or guarded schema lifecycle script	DDL, indexes, constraints, triggers, and persisted invariants	DB-001,DB-002,DB-003,LIFE-001	DEFINITION_INDEXED	ALTER TABLE llx_mjlfinancement_audit_event ADD INDEX idx_mjl_audit_action (entity, action);
SUP-0910	custom/mjlfinancement/sql/llx_mjlfinancement_audit_event.key.sql:7	SQL_TRIGGER	DROP TRIGGER:llx_mjlfinancement_audit_event_bu	creates or changes a persisted table, trigger, or schema object	module installation or guarded schema lifecycle script	DDL, indexes, constraints, triggers, and persisted invariants	DB-001,DB-002,DB-003,LIFE-001	DEFINITION_INDEXED	DROP TRIGGER IF EXISTS llx_mjlfinancement_audit_event_bu;
SUP-0911	custom/mjlfinancement/sql/llx_mjlfinancement_audit_event.key.sql:8	SQL_TRIGGER	CREATE TRIGGER:llx_mjlfinancement_audit_event_bu	creates or changes a persisted table, trigger, or schema object	module installation or guarded schema lifecycle script	DDL, indexes, constraints, triggers, and persisted invariants	DB-001,DB-002,DB-003,LIFE-001	DEFINITION_INDEXED	CREATE TRIGGER llx_mjlfinancement_audit_event_bu BEFORE UPDATE ON llx_mjlfinancement_audit_event FOR EACH ROW SIGNAL SQLSTATE '45000' SET MESSAGE_TEXT = 'MJL audit events are append-only';
SUP-0912	custom/mjlfinancement/sql/llx_mjlfinancement_audit_event.key.sql:9	SQL_TRIGGER	DROP TRIGGER:llx_mjlfinancement_audit_event_bd	creates or changes a persisted table, trigger, or schema object	module installation or guarded schema lifecycle script	DDL, indexes, constraints, triggers, and persisted invariants	DB-001,DB-002,DB-003,LIFE-001	DEFINITION_INDEXED	DROP TRIGGER IF EXISTS llx_mjlfinancement_audit_event_bd;
SUP-0913	custom/mjlfinancement/sql/llx_mjlfinancement_audit_event.key.sql:10	SQL_TRIGGER	CREATE TRIGGER:llx_mjlfinancement_audit_event_bd	creates or changes a persisted table, trigger, or schema object	module installation or guarded schema lifecycle script	DDL, indexes, constraints, triggers, and persisted invariants	DB-001,DB-002,DB-003,LIFE-001	DEFINITION_INDEXED	CREATE TRIGGER llx_mjlfinancement_audit_event_bd BEFORE DELETE ON llx_mjlfinancement_audit_event FOR EACH ROW SIGNAL SQLSTATE '45000' SET MESSAGE_TEXT = 'MJL audit events are append-only';
SUP-0914	custom/mjlfinancement/sql/llx_mjlfinancement_audit_event.key.sql:1	SQL_CONSTRAINT_OR_INDEX	idx_mjl_audit_entity_date	declares a database uniqueness, referential, check, or lookup invariant	module installation or guarded schema lifecycle script	DDL, indexes, constraints, triggers, and persisted invariants	DB-001,DB-002,DB-003,LIFE-001	DEFINITION_INDEXED	ALTER TABLE llx_mjlfinancement_audit_event ADD INDEX idx_mjl_audit_entity_date (entity, event_date, rowid)
SUP-0915	custom/mjlfinancement/sql/llx_mjlfinancement_audit_event.key.sql:2	SQL_CONSTRAINT_OR_INDEX	idx_mjl_audit_object	declares a database uniqueness, referential, check, or lookup invariant	module installation or guarded schema lifecycle script	DDL, indexes, constraints, triggers, and persisted invariants	DB-001,DB-002,DB-003,LIFE-001	DEFINITION_INDEXED	ALTER TABLE llx_mjlfinancement_audit_event ADD INDEX idx_mjl_audit_object (entity, object_type, object_id)
SUP-0916	custom/mjlfinancement/sql/llx_mjlfinancement_audit_event.key.sql:3	SQL_CONSTRAINT_OR_INDEX	idx_mjl_audit_activity	declares a database uniqueness, referential, check, or lookup invariant	module installation or guarded schema lifecycle script	DDL, indexes, constraints, triggers, and persisted invariants	DB-001,DB-002,DB-003,LIFE-001	DEFINITION_INDEXED	ALTER TABLE llx_mjlfinancement_audit_event ADD INDEX idx_mjl_audit_activity (entity, activity_id)
SUP-0917	custom/mjlfinancement/sql/llx_mjlfinancement_audit_event.key.sql:4	SQL_CONSTRAINT_OR_INDEX	idx_mjl_audit_operation	declares a database uniqueness, referential, check, or lookup invariant	module installation or guarded schema lifecycle script	DDL, indexes, constraints, triggers, and persisted invariants	DB-001,DB-002,DB-003,LIFE-001	DEFINITION_INDEXED	ALTER TABLE llx_mjlfinancement_audit_event ADD INDEX idx_mjl_audit_operation (entity, operation_id)
SUP-0918	custom/mjlfinancement/sql/llx_mjlfinancement_audit_event.key.sql:5	SQL_CONSTRAINT_OR_INDEX	idx_mjl_audit_actor	declares a database uniqueness, referential, check, or lookup invariant	module installation or guarded schema lifecycle script	DDL, indexes, constraints, triggers, and persisted invariants	DB-001,DB-002,DB-003,LIFE-001	DEFINITION_INDEXED	ALTER TABLE llx_mjlfinancement_audit_event ADD INDEX idx_mjl_audit_actor (entity, actor_id)
SUP-0919	custom/mjlfinancement/sql/llx_mjlfinancement_audit_event.key.sql:6	SQL_CONSTRAINT_OR_INDEX	idx_mjl_audit_action	declares a database uniqueness, referential, check, or lookup invariant	module installation or guarded schema lifecycle script	DDL, indexes, constraints, triggers, and persisted invariants	DB-001,DB-002,DB-003,LIFE-001	DEFINITION_INDEXED	ALTER TABLE llx_mjlfinancement_audit_event ADD INDEX idx_mjl_audit_action (entity, action)
SUP-0920	custom/mjlfinancement/sql/llx_mjlfinancement_audit_event.sql:1	SQL_FILE	<file>	declares or migrates MJL relational schema and database invariants	module installation or guarded schema lifecycle script	DDL, indexes, constraints, triggers, and persisted invariants	DB-001,DB-002,DB-003,LIFE-001	DEFINITION_INDEXED	CREATE TABLE llx_mjlfinancement_audit_event (
SUP-0921	custom/mjlfinancement/sql/llx_mjlfinancement_audit_event.sql:1	SQL_CREATE_TABLE	CREATE TABLE:llx_mjlfinancement_audit_event	creates or changes a persisted table, trigger, or schema object	module installation or guarded schema lifecycle script	DDL, indexes, constraints, triggers, and persisted invariants	DB-001,DB-002,DB-003,LIFE-001	DEFINITION_INDEXED	CREATE TABLE llx_mjlfinancement_audit_event ( rowid BIGINT AUTO_INCREMENT PRIMARY KEY, entity INTEGER DEFAULT 1 NOT NULL, object_type VARCHAR(64) NOT NULL, object_id BIGINT DEFAULT NULL, object_ref VARCHAR(128) DEFAULT NULL, activity_id BIGINT DEFAULT NULL, operation_id BIGINT DEFAULT NULL, revision_id BIGINT DEFAULT NULL, actor_id INTEGER DEFAULT NULL, actor_name_snapshot VARCHAR(255) NOT NULL, actor_role_snapshot V
SUP-0922	custom/mjlfinancement/sql/llx_mjlfinancement_audit_event.sql:24	SQL_CONSTRAINT_OR_INDEX	chk_mjl_audit_result	declares a database uniqueness, referential, check, or lookup invariant	module installation or guarded schema lifecycle script	DDL, indexes, constraints, triggers, and persisted invariants	DB-001,DB-002,DB-003,LIFE-001	DEFINITION_INDEXED	CONSTRAINT chk_mjl_audit_result CHECK (result IN ('SUCCESS', 'DENIED', 'FAILED'))
SUP-0923	custom/mjlfinancement/sql/llx_mjlfinancement_audit_event.sql:25	SQL_CONSTRAINT_OR_INDEX	chk_mjl_audit_previous_json	declares a database uniqueness, referential, check, or lookup invariant	module installation or guarded schema lifecycle script	DDL, indexes, constraints, triggers, and persisted invariants	DB-001,DB-002,DB-003,LIFE-001	DEFINITION_INDEXED	CONSTRAINT chk_mjl_audit_previous_json CHECK (previous_values_json IS NULL OR JSON_VALID(previous_values_json))
SUP-0924	custom/mjlfinancement/sql/llx_mjlfinancement_audit_event.sql:26	SQL_CONSTRAINT_OR_INDEX	chk_mjl_audit_new_json	declares a database uniqueness, referential, check, or lookup invariant	module installation or guarded schema lifecycle script	DDL, indexes, constraints, triggers, and persisted invariants	DB-001,DB-002,DB-003,LIFE-001	DEFINITION_INDEXED	CONSTRAINT chk_mjl_audit_new_json CHECK (new_values_json IS NULL OR JSON_VALID(new_values_json))
SUP-0925	custom/mjlfinancement/sql/llx_mjlfinancement_audit_event.sql:27	SQL_CONSTRAINT_OR_INDEX	chk_mjl_audit_context_json	declares a database uniqueness, referential, check, or lookup invariant	module installation or guarded schema lifecycle script	DDL, indexes, constraints, triggers, and persisted invariants	DB-001,DB-002,DB-003,LIFE-001	DEFINITION_INDEXED	CONSTRAINT chk_mjl_audit_context_json CHECK (context_json IS NULL OR JSON_VALID(context_json))
SUP-0926	custom/mjlfinancement/sql/llx_mjlfinancement_cancellation_request.key.sql:1	SQL_FILE	<file>	declares or migrates MJL relational schema and database invariants	module installation or guarded schema lifecycle script	DDL, indexes, constraints, triggers, and persisted invariants	DB-001,DB-002,DB-003,LIFE-001	DEFINITION_INDEXED	ALTER TABLE llx_mjlfinancement_cancellation_request ADD CONSTRAINT fk_mjl_cancellation_activity FOREIGN KEY (entity,fk_activity) REFERENCES llx_mjlfinancement_activity(entity,rowid) ON UPDATE RESTRICT ON DELETE RESTRICT;
SUP-0927	custom/mjlfinancement/sql/llx_mjlfinancement_cancellation_request.key.sql:1	SQL_ALTER_TABLE	ALTER TABLE:llx_mjlfinancement_cancellation_request	creates or changes a persisted table, trigger, or schema object	module installation or guarded schema lifecycle script	DDL, indexes, constraints, triggers, and persisted invariants	DB-001,DB-002,DB-003,LIFE-001	DEFINITION_INDEXED	ALTER TABLE llx_mjlfinancement_cancellation_request ADD CONSTRAINT fk_mjl_cancellation_activity FOREIGN KEY (entity,fk_activity) REFERENCES llx_mjlfinancement_activity(entity,rowid) ON UPDATE RESTRICT ON DELETE RESTRICT;
SUP-0928	custom/mjlfinancement/sql/llx_mjlfinancement_cancellation_request.key.sql:2	SQL_ALTER_TABLE	ALTER TABLE:llx_mjlfinancement_cancellation_request	creates or changes a persisted table, trigger, or schema object	module installation or guarded schema lifecycle script	DDL, indexes, constraints, triggers, and persisted invariants	DB-001,DB-002,DB-003,LIFE-001	DEFINITION_INDEXED	ALTER TABLE llx_mjlfinancement_cancellation_request ADD CONSTRAINT fk_mjl_cancellation_revision FOREIGN KEY (entity,fk_target_revision,fk_activity) REFERENCES llx_mjlfinancement_activity_revision(entity,rowid,fk_activity) ON UPDATE RESTRICT ON DELETE RESTRICT;
SUP-0929	custom/mjlfinancement/sql/llx_mjlfinancement_cancellation_request.key.sql:3	SQL_ALTER_TABLE	ALTER TABLE:llx_mjlfinancement_cancellation_request	creates or changes a persisted table, trigger, or schema object	module installation or guarded schema lifecycle script	DDL, indexes, constraints, triggers, and persisted invariants	DB-001,DB-002,DB-003,LIFE-001	DEFINITION_INDEXED	ALTER TABLE llx_mjlfinancement_cancellation_request ADD CONSTRAINT fk_mjl_cancellation_requester FOREIGN KEY (fk_requester) REFERENCES llx_user(rowid) ON UPDATE RESTRICT ON DELETE RESTRICT;
SUP-0930	custom/mjlfinancement/sql/llx_mjlfinancement_cancellation_request.key.sql:4	SQL_ALTER_TABLE	ALTER TABLE:llx_mjlfinancement_cancellation_request	creates or changes a persisted table, trigger, or schema object	module installation or guarded schema lifecycle script	DDL, indexes, constraints, triggers, and persisted invariants	DB-001,DB-002,DB-003,LIFE-001	DEFINITION_INDEXED	ALTER TABLE llx_mjlfinancement_cancellation_request ADD CONSTRAINT fk_mjl_cancellation_reviewer FOREIGN KEY (fk_reviewer) REFERENCES llx_user(rowid) ON UPDATE RESTRICT ON DELETE RESTRICT;
SUP-0931	custom/mjlfinancement/sql/llx_mjlfinancement_cancellation_request.key.sql:1	SQL_CONSTRAINT_OR_INDEX	fk_mjl_cancellation_activity	declares a database uniqueness, referential, check, or lookup invariant	module installation or guarded schema lifecycle script	DDL, indexes, constraints, triggers, and persisted invariants	DB-001,DB-002,DB-003,LIFE-001	DEFINITION_INDEXED	ALTER TABLE llx_mjlfinancement_cancellation_request ADD CONSTRAINT fk_mjl_cancellation_activity FOREIGN KEY (entity,fk_activity) REFERENCES llx_mjlfinancement_activity(entity,rowid) ON UPDATE RESTRICT ON DELETE RESTRICT
SUP-0932	custom/mjlfinancement/sql/llx_mjlfinancement_cancellation_request.key.sql:2	SQL_CONSTRAINT_OR_INDEX	fk_mjl_cancellation_revision	declares a database uniqueness, referential, check, or lookup invariant	module installation or guarded schema lifecycle script	DDL, indexes, constraints, triggers, and persisted invariants	DB-001,DB-002,DB-003,LIFE-001	DEFINITION_INDEXED	ALTER TABLE llx_mjlfinancement_cancellation_request ADD CONSTRAINT fk_mjl_cancellation_revision FOREIGN KEY (entity,fk_target_revision,fk_activity) REFERENCES llx_mjlfinancement_activity_revision(entity,rowid,fk_activity) ON UPDATE RESTRICT ON DELETE RESTRICT
SUP-0933	custom/mjlfinancement/sql/llx_mjlfinancement_cancellation_request.key.sql:3	SQL_CONSTRAINT_OR_INDEX	fk_mjl_cancellation_requester	declares a database uniqueness, referential, check, or lookup invariant	module installation or guarded schema lifecycle script	DDL, indexes, constraints, triggers, and persisted invariants	DB-001,DB-002,DB-003,LIFE-001	DEFINITION_INDEXED	ALTER TABLE llx_mjlfinancement_cancellation_request ADD CONSTRAINT fk_mjl_cancellation_requester FOREIGN KEY (fk_requester) REFERENCES llx_user(rowid) ON UPDATE RESTRICT ON DELETE RESTRICT
SUP-0934	custom/mjlfinancement/sql/llx_mjlfinancement_cancellation_request.key.sql:4	SQL_CONSTRAINT_OR_INDEX	fk_mjl_cancellation_reviewer	declares a database uniqueness, referential, check, or lookup invariant	module installation or guarded schema lifecycle script	DDL, indexes, constraints, triggers, and persisted invariants	DB-001,DB-002,DB-003,LIFE-001	DEFINITION_INDEXED	ALTER TABLE llx_mjlfinancement_cancellation_request ADD CONSTRAINT fk_mjl_cancellation_reviewer FOREIGN KEY (fk_reviewer) REFERENCES llx_user(rowid) ON UPDATE RESTRICT ON DELETE RESTRICT
SUP-0935	custom/mjlfinancement/sql/llx_mjlfinancement_cancellation_request.sql:1	SQL_FILE	<file>	declares or migrates MJL relational schema and database invariants	module installation or guarded schema lifecycle script	DDL, indexes, constraints, triggers, and persisted invariants	DB-001,DB-002,DB-003,LIFE-001	DEFINITION_INDEXED	CREATE TABLE llx_mjlfinancement_cancellation_request (
SUP-0936	custom/mjlfinancement/sql/llx_mjlfinancement_cancellation_request.sql:1	SQL_CREATE_TABLE	CREATE TABLE:llx_mjlfinancement_cancellation_request	creates or changes a persisted table, trigger, or schema object	module installation or guarded schema lifecycle script	DDL, indexes, constraints, triggers, and persisted invariants	DB-001,DB-002,DB-003,LIFE-001	DEFINITION_INDEXED	CREATE TABLE llx_mjlfinancement_cancellation_request ( rowid BIGINT(20) AUTO_INCREMENT PRIMARY KEY, entity INT(11) NOT NULL, target_type VARCHAR(16) NOT NULL, target_id BIGINT(20) NOT NULL, fk_activity INT(11) NOT NULL, fk_target_revision BIGINT(20) DEFAULT NULL, target_version BIGINT(20) NOT NULL, target_operation_set_hash CHAR(64) DEFAULT NULL, fk_requester INT(11) NOT NULL, requester_name_snapshot VARCHAR(255) NOT
SUP-0937	custom/mjlfinancement/sql/llx_mjlfinancement_cancellation_request.sql:25	SQL_CONSTRAINT_OR_INDEX	uk_mjl_cancellation_entity_rowid	declares a database uniqueness, referential, check, or lookup invariant	module installation or guarded schema lifecycle script	DDL, indexes, constraints, triggers, and persisted invariants	DB-001,DB-002,DB-003,LIFE-001	DEFINITION_INDEXED	UNIQUE INDEX uk_mjl_cancellation_entity_rowid (entity,rowid)
SUP-0938	custom/mjlfinancement/sql/llx_mjlfinancement_cancellation_request.sql:26	SQL_CONSTRAINT_OR_INDEX	uk_mjl_cancellation_pending	declares a database uniqueness, referential, check, or lookup invariant	module installation or guarded schema lifecycle script	DDL, indexes, constraints, triggers, and persisted invariants	DB-001,DB-002,DB-003,LIFE-001	DEFINITION_INDEXED	UNIQUE INDEX uk_mjl_cancellation_pending (entity,pending_target_key)
SUP-0939	custom/mjlfinancement/sql/llx_mjlfinancement_cancellation_request.sql:27	SQL_CONSTRAINT_OR_INDEX	idx_mjl_cancellation_activity	declares a database uniqueness, referential, check, or lookup invariant	module installation or guarded schema lifecycle script	DDL, indexes, constraints, triggers, and persisted invariants	DB-001,DB-002,DB-003,LIFE-001	DEFINITION_INDEXED	INDEX idx_mjl_cancellation_activity (entity,fk_activity,status,rowid)
SUP-0940	custom/mjlfinancement/sql/llx_mjlfinancement_cancellation_request.sql:28	SQL_CONSTRAINT_OR_INDEX	idx_mjl_cancellation_requester	declares a database uniqueness, referential, check, or lookup invariant	module installation or guarded schema lifecycle script	DDL, indexes, constraints, triggers, and persisted invariants	DB-001,DB-002,DB-003,LIFE-001	DEFINITION_INDEXED	INDEX idx_mjl_cancellation_requester (fk_requester)
SUP-0941	custom/mjlfinancement/sql/llx_mjlfinancement_cancellation_request.sql:29	SQL_CONSTRAINT_OR_INDEX	idx_mjl_cancellation_reviewer	declares a database uniqueness, referential, check, or lookup invariant	module installation or guarded schema lifecycle script	DDL, indexes, constraints, triggers, and persisted invariants	DB-001,DB-002,DB-003,LIFE-001	DEFINITION_INDEXED	INDEX idx_mjl_cancellation_reviewer (fk_reviewer)
SUP-0942	custom/mjlfinancement/sql/llx_mjlfinancement_cancellation_request.sql:30	SQL_CONSTRAINT_OR_INDEX	chk_mjl_cancellation_entity	declares a database uniqueness, referential, check, or lookup invariant	module installation or guarded schema lifecycle script	DDL, indexes, constraints, triggers, and persisted invariants	DB-001,DB-002,DB-003,LIFE-001	DEFINITION_INDEXED	CONSTRAINT chk_mjl_cancellation_entity CHECK (entity > 0)
SUP-0943	custom/mjlfinancement/sql/llx_mjlfinancement_cancellation_request.sql:31	SQL_CONSTRAINT_OR_INDEX	chk_mjl_cancellation_target	declares a database uniqueness, referential, check, or lookup invariant	module installation or guarded schema lifecycle script	DDL, indexes, constraints, triggers, and persisted invariants	DB-001,DB-002,DB-003,LIFE-001	DEFINITION_INDEXED	CONSTRAINT chk_mjl_cancellation_target CHECK ((target_type='ACTIVITY' AND target_id=fk_activity AND fk_target_revision IS NOT NULL AND target_operation_set_hash IS NOT NULL AND target_operation_set_hash REGEXP '^[0-9a-f]{64}$') OR (target_type='OPERATION' AND fk_target_revision IS NOT NULL AND target_operation_set_hash IS NULL))
SUP-0944	custom/mjlfinancement/sql/llx_mjlfinancement_cancellation_request.sql:32	SQL_CONSTRAINT_OR_INDEX	chk_mjl_cancellation_version	declares a database uniqueness, referential, check, or lookup invariant	module installation or guarded schema lifecycle script	DDL, indexes, constraints, triggers, and persisted invariants	DB-001,DB-002,DB-003,LIFE-001	DEFINITION_INDEXED	CONSTRAINT chk_mjl_cancellation_version CHECK (target_version > 0 AND version > 0)
SUP-0945	custom/mjlfinancement/sql/llx_mjlfinancement_cancellation_request.sql:33	SQL_CONSTRAINT_OR_INDEX	chk_mjl_cancellation_reason	declares a database uniqueness, referential, check, or lookup invariant	module installation or guarded schema lifecycle script	DDL, indexes, constraints, triggers, and persisted invariants	DB-001,DB-002,DB-003,LIFE-001	DEFINITION_INDEXED	CONSTRAINT chk_mjl_cancellation_reason CHECK (reason REGEXP '[^[:space:]]')
SUP-0946	custom/mjlfinancement/sql/llx_mjlfinancement_cancellation_request.sql:34	SQL_CONSTRAINT_OR_INDEX	chk_mjl_cancellation_status	declares a database uniqueness, referential, check, or lookup invariant	module installation or guarded schema lifecycle script	DDL, indexes, constraints, triggers, and persisted invariants	DB-001,DB-002,DB-003,LIFE-001	DEFINITION_INDEXED	CONSTRAINT chk_mjl_cancellation_status CHECK (status IN ('PENDING','APPROVED','REJECTED','WITHDRAWN'))
SUP-0947	custom/mjlfinancement/sql/llx_mjlfinancement_cancellation_request.sql:35	SQL_CONSTRAINT_OR_INDEX	chk_mjl_cancellation_state	declares a database uniqueness, referential, check, or lookup invariant	module installation or guarded schema lifecycle script	DDL, indexes, constraints, triggers, and persisted invariants	DB-001,DB-002,DB-003,LIFE-001	DEFINITION_INDEXED	CONSTRAINT chk_mjl_cancellation_state CHECK ((status='PENDING' AND fk_reviewer IS NULL AND reviewer_name_snapshot IS NULL AND reviewer_role_snapshot IS NULL AND decision_reason IS NULL AND date_decision IS NULL AND date_withdrawal IS NULL) OR (status IN ('APPROVED','REJECTED') AND fk_reviewer IS NOT NULL AND reviewer_name_snapshot IS NOT NULL AND reviewer_name_snapshot REGEXP '[^[:space:]]' AND reviewer_role_snapshot
SUP-0948	custom/mjlfinancement/sql/llx_mjlfinancement_invitation.key.sql:1	SQL_FILE	<file>	declares or migrates MJL relational schema and database invariants	module installation or guarded schema lifecycle script	DDL, indexes, constraints, triggers, and persisted invariants	DB-001,DB-002,DB-003,LIFE-001	DEFINITION_INDEXED	ALTER TABLE llx_mjlfinancement_invitation ADD UNIQUE INDEX uk_mjl_invitation_selector (entity, token_selector);
SUP-0949	custom/mjlfinancement/sql/llx_mjlfinancement_invitation.key.sql:1	SQL_ALTER_TABLE	ALTER TABLE:llx_mjlfinancement_invitation	creates or changes a persisted table, trigger, or schema object	module installation or guarded schema lifecycle script	DDL, indexes, constraints, triggers, and persisted invariants	DB-001,DB-002,DB-003,LIFE-001	DEFINITION_INDEXED	ALTER TABLE llx_mjlfinancement_invitation ADD UNIQUE INDEX uk_mjl_invitation_selector (entity, token_selector);
SUP-0950	custom/mjlfinancement/sql/llx_mjlfinancement_invitation.key.sql:2	SQL_ALTER_TABLE	ALTER TABLE:llx_mjlfinancement_invitation	creates or changes a persisted table, trigger, or schema object	module installation or guarded schema lifecycle script	DDL, indexes, constraints, triggers, and persisted invariants	DB-001,DB-002,DB-003,LIFE-001	DEFINITION_INDEXED	ALTER TABLE llx_mjlfinancement_invitation ADD UNIQUE INDEX uk_mjl_invitation_hash (entity, token_hash);
SUP-0951	custom/mjlfinancement/sql/llx_mjlfinancement_invitation.key.sql:3	SQL_ALTER_TABLE	ALTER TABLE:llx_mjlfinancement_invitation	creates or changes a persisted table, trigger, or schema object	module installation or guarded schema lifecycle script	DDL, indexes, constraints, triggers, and persisted invariants	DB-001,DB-002,DB-003,LIFE-001	DEFINITION_INDEXED	ALTER TABLE llx_mjlfinancement_invitation ADD UNIQUE INDEX uk_mjl_invitation_live_user (entity, live_user_id);
SUP-0952	custom/mjlfinancement/sql/llx_mjlfinancement_invitation.key.sql:4	SQL_ALTER_TABLE	ALTER TABLE:llx_mjlfinancement_invitation	creates or changes a persisted table, trigger, or schema object	module installation or guarded schema lifecycle script	DDL, indexes, constraints, triggers, and persisted invariants	DB-001,DB-002,DB-003,LIFE-001	DEFINITION_INDEXED	ALTER TABLE llx_mjlfinancement_invitation ADD INDEX idx_mjl_invitation_user (entity, fk_user);
SUP-0953	custom/mjlfinancement/sql/llx_mjlfinancement_invitation.key.sql:5	SQL_ALTER_TABLE	ALTER TABLE:llx_mjlfinancement_invitation	creates or changes a persisted table, trigger, or schema object	module installation or guarded schema lifecycle script	DDL, indexes, constraints, triggers, and persisted invariants	DB-001,DB-002,DB-003,LIFE-001	DEFINITION_INDEXED	ALTER TABLE llx_mjlfinancement_invitation ADD INDEX idx_mjl_invitation_status (entity, status);
SUP-0954	custom/mjlfinancement/sql/llx_mjlfinancement_invitation.key.sql:6	SQL_ALTER_TABLE	ALTER TABLE:llx_mjlfinancement_invitation	creates or changes a persisted table, trigger, or schema object	module installation or guarded schema lifecycle script	DDL, indexes, constraints, triggers, and persisted invariants	DB-001,DB-002,DB-003,LIFE-001	DEFINITION_INDEXED	ALTER TABLE llx_mjlfinancement_invitation ADD CONSTRAINT fk_mjl_invitation_target_user FOREIGN KEY (fk_user) REFERENCES llx_user(rowid);
SUP-0955	custom/mjlfinancement/sql/llx_mjlfinancement_invitation.key.sql:1	SQL_CONSTRAINT_OR_INDEX	uk_mjl_invitation_selector	declares a database uniqueness, referential, check, or lookup invariant	module installation or guarded schema lifecycle script	DDL, indexes, constraints, triggers, and persisted invariants	DB-001,DB-002,DB-003,LIFE-001	DEFINITION_INDEXED	ALTER TABLE llx_mjlfinancement_invitation ADD UNIQUE INDEX uk_mjl_invitation_selector (entity, token_selector)
SUP-0956	custom/mjlfinancement/sql/llx_mjlfinancement_invitation.key.sql:2	SQL_CONSTRAINT_OR_INDEX	uk_mjl_invitation_hash	declares a database uniqueness, referential, check, or lookup invariant	module installation or guarded schema lifecycle script	DDL, indexes, constraints, triggers, and persisted invariants	DB-001,DB-002,DB-003,LIFE-001	DEFINITION_INDEXED	ALTER TABLE llx_mjlfinancement_invitation ADD UNIQUE INDEX uk_mjl_invitation_hash (entity, token_hash)
SUP-0957	custom/mjlfinancement/sql/llx_mjlfinancement_invitation.key.sql:3	SQL_CONSTRAINT_OR_INDEX	uk_mjl_invitation_live_user	declares a database uniqueness, referential, check, or lookup invariant	module installation or guarded schema lifecycle script	DDL, indexes, constraints, triggers, and persisted invariants	DB-001,DB-002,DB-003,LIFE-001	DEFINITION_INDEXED	ALTER TABLE llx_mjlfinancement_invitation ADD UNIQUE INDEX uk_mjl_invitation_live_user (entity, live_user_id)
SUP-0958	custom/mjlfinancement/sql/llx_mjlfinancement_invitation.key.sql:4	SQL_CONSTRAINT_OR_INDEX	idx_mjl_invitation_user	declares a database uniqueness, referential, check, or lookup invariant	module installation or guarded schema lifecycle script	DDL, indexes, constraints, triggers, and persisted invariants	DB-001,DB-002,DB-003,LIFE-001	DEFINITION_INDEXED	ALTER TABLE llx_mjlfinancement_invitation ADD INDEX idx_mjl_invitation_user (entity, fk_user)
SUP-0959	custom/mjlfinancement/sql/llx_mjlfinancement_invitation.key.sql:5	SQL_CONSTRAINT_OR_INDEX	idx_mjl_invitation_status	declares a database uniqueness, referential, check, or lookup invariant	module installation or guarded schema lifecycle script	DDL, indexes, constraints, triggers, and persisted invariants	DB-001,DB-002,DB-003,LIFE-001	DEFINITION_INDEXED	ALTER TABLE llx_mjlfinancement_invitation ADD INDEX idx_mjl_invitation_status (entity, status)
SUP-0960	custom/mjlfinancement/sql/llx_mjlfinancement_invitation.key.sql:6	SQL_CONSTRAINT_OR_INDEX	fk_mjl_invitation_target_user	declares a database uniqueness, referential, check, or lookup invariant	module installation or guarded schema lifecycle script	DDL, indexes, constraints, triggers, and persisted invariants	DB-001,DB-002,DB-003,LIFE-001	DEFINITION_INDEXED	ALTER TABLE llx_mjlfinancement_invitation ADD CONSTRAINT fk_mjl_invitation_target_user FOREIGN KEY (fk_user) REFERENCES llx_user(rowid)
SUP-0961	custom/mjlfinancement/sql/llx_mjlfinancement_invitation.sql:1	SQL_FILE	<file>	declares or migrates MJL relational schema and database invariants	module installation or guarded schema lifecycle script	DDL, indexes, constraints, triggers, and persisted invariants	DB-001,DB-002,DB-003,LIFE-001	DEFINITION_INDEXED	CREATE TABLE llx_mjlfinancement_invitation (
SUP-0962	custom/mjlfinancement/sql/llx_mjlfinancement_invitation.sql:1	SQL_CREATE_TABLE	CREATE TABLE:llx_mjlfinancement_invitation	creates or changes a persisted table, trigger, or schema object	module installation or guarded schema lifecycle script	DDL, indexes, constraints, triggers, and persisted invariants	DB-001,DB-002,DB-003,LIFE-001	DEFINITION_INDEXED	CREATE TABLE llx_mjlfinancement_invitation ( rowid INTEGER AUTO_INCREMENT PRIMARY KEY, entity INTEGER DEFAULT 1 NOT NULL, fk_user INTEGER NOT NULL, role_code VARCHAR(64) NOT NULL, status VARCHAR(32) NOT NULL, token_selector VARCHAR(64) NOT NULL, token_hash CHAR(64) DEFAULT NULL, live_user_id INTEGER AS (CASE WHEN status IN ('pending_send', 'sent') THEN fk_user ELSE NULL END) PERSISTENT, date_expiry DATETIME NOT NULL,
SUP-0963	custom/mjlfinancement/sql/llx_mjlfinancement_invitation.sql:20	SQL_CONSTRAINT_OR_INDEX	chk_mjl_invitation_role	declares a database uniqueness, referential, check, or lookup invariant	module installation or guarded schema lifecycle script	DDL, indexes, constraints, triggers, and persisted invariants	DB-001,DB-002,DB-003,LIFE-001	DEFINITION_INDEXED	CONSTRAINT chk_mjl_invitation_role CHECK (role_code IN ('AGENT_SAISIE', 'AGENT_VERIFICATEUR', 'VALIDATEUR_DEFINITIF'))
SUP-0964	custom/mjlfinancement/sql/llx_mjlfinancement_invitation.sql:21	SQL_CONSTRAINT_OR_INDEX	chk_mjl_invitation_status	declares a database uniqueness, referential, check, or lookup invariant	module installation or guarded schema lifecycle script	DDL, indexes, constraints, triggers, and persisted invariants	DB-001,DB-002,DB-003,LIFE-001	DEFINITION_INDEXED	CONSTRAINT chk_mjl_invitation_status CHECK (status IN ('pending_send', 'sent', 'accepted', 'revoked', 'send_failed'))
SUP-0965	custom/mjlfinancement/sql/llx_mjlfinancement_invitation.sql:22	SQL_CONSTRAINT_OR_INDEX	chk_mjl_invitation_credential_state	declares a database uniqueness, referential, check, or lookup invariant	module installation or guarded schema lifecycle script	DDL, indexes, constraints, triggers, and persisted invariants	DB-001,DB-002,DB-003,LIFE-001	DEFINITION_INDEXED	CONSTRAINT chk_mjl_invitation_credential_state CHECK ((status IN ('pending_send', 'sent') AND token_hash IS NOT NULL) OR (status IN ('accepted', 'revoked', 'send_failed') AND token_hash IS NULL))
SUP-0966	custom/mjlfinancement/sql/llx_mjlfinancement_invitation.sql:23	SQL_CONSTRAINT_OR_INDEX	chk_mjl_invitation_terminal_date	declares a database uniqueness, referential, check, or lookup invariant	module installation or guarded schema lifecycle script	DDL, indexes, constraints, triggers, and persisted invariants	DB-001,DB-002,DB-003,LIFE-001	DEFINITION_INDEXED	CONSTRAINT chk_mjl_invitation_terminal_date CHECK ((status IN ('pending_send', 'sent') AND date_accepted IS NULL AND date_revoked IS NULL) OR (status = 'accepted' AND date_accepted IS NOT NULL) OR (status IN ('revoked', 'send_failed') AND date_revoked IS NOT NULL))
SUP-0967	custom/mjlfinancement/sql/llx_mjlfinancement_login_otp.key.sql:1	SQL_FILE	<file>	declares or migrates MJL relational schema and database invariants	module installation or guarded schema lifecycle script	DDL, indexes, constraints, triggers, and persisted invariants	DB-001,DB-002,DB-003,LIFE-001	DEFINITION_INDEXED	ALTER TABLE llx_mjlfinancement_login_otp ADD UNIQUE INDEX uk_mjl_login_otp_live_user (entity, live_user_id);
SUP-0968	custom/mjlfinancement/sql/llx_mjlfinancement_login_otp.key.sql:1	SQL_ALTER_TABLE	ALTER TABLE:llx_mjlfinancement_login_otp	creates or changes a persisted table, trigger, or schema object	module installation or guarded schema lifecycle script	DDL, indexes, constraints, triggers, and persisted invariants	DB-001,DB-002,DB-003,LIFE-001	DEFINITION_INDEXED	ALTER TABLE llx_mjlfinancement_login_otp ADD UNIQUE INDEX uk_mjl_login_otp_live_user (entity, live_user_id);
SUP-0969	custom/mjlfinancement/sql/llx_mjlfinancement_login_otp.key.sql:2	SQL_ALTER_TABLE	ALTER TABLE:llx_mjlfinancement_login_otp	creates or changes a persisted table, trigger, or schema object	module installation or guarded schema lifecycle script	DDL, indexes, constraints, triggers, and persisted invariants	DB-001,DB-002,DB-003,LIFE-001	DEFINITION_INDEXED	ALTER TABLE llx_mjlfinancement_login_otp ADD INDEX idx_mjl_login_otp_user (entity, fk_user, status);
SUP-0970	custom/mjlfinancement/sql/llx_mjlfinancement_login_otp.key.sql:3	SQL_ALTER_TABLE	ALTER TABLE:llx_mjlfinancement_login_otp	creates or changes a persisted table, trigger, or schema object	module installation or guarded schema lifecycle script	DDL, indexes, constraints, triggers, and persisted invariants	DB-001,DB-002,DB-003,LIFE-001	DEFINITION_INDEXED	ALTER TABLE llx_mjlfinancement_login_otp ADD INDEX idx_mjl_login_otp_lockout (entity, fk_user, date_lockout_until);
SUP-0971	custom/mjlfinancement/sql/llx_mjlfinancement_login_otp.key.sql:4	SQL_ALTER_TABLE	ALTER TABLE:llx_mjlfinancement_login_otp	creates or changes a persisted table, trigger, or schema object	module installation or guarded schema lifecycle script	DDL, indexes, constraints, triggers, and persisted invariants	DB-001,DB-002,DB-003,LIFE-001	DEFINITION_INDEXED	ALTER TABLE llx_mjlfinancement_login_otp ADD CONSTRAINT fk_mjl_login_otp_user FOREIGN KEY (fk_user) REFERENCES llx_user(rowid);
SUP-0972	custom/mjlfinancement/sql/llx_mjlfinancement_login_otp.key.sql:1	SQL_CONSTRAINT_OR_INDEX	uk_mjl_login_otp_live_user	declares a database uniqueness, referential, check, or lookup invariant	module installation or guarded schema lifecycle script	DDL, indexes, constraints, triggers, and persisted invariants	DB-001,DB-002,DB-003,LIFE-001	DEFINITION_INDEXED	ALTER TABLE llx_mjlfinancement_login_otp ADD UNIQUE INDEX uk_mjl_login_otp_live_user (entity, live_user_id)
SUP-0973	custom/mjlfinancement/sql/llx_mjlfinancement_login_otp.key.sql:2	SQL_CONSTRAINT_OR_INDEX	idx_mjl_login_otp_user	declares a database uniqueness, referential, check, or lookup invariant	module installation or guarded schema lifecycle script	DDL, indexes, constraints, triggers, and persisted invariants	DB-001,DB-002,DB-003,LIFE-001	DEFINITION_INDEXED	ALTER TABLE llx_mjlfinancement_login_otp ADD INDEX idx_mjl_login_otp_user (entity, fk_user, status)
SUP-0974	custom/mjlfinancement/sql/llx_mjlfinancement_login_otp.key.sql:3	SQL_CONSTRAINT_OR_INDEX	idx_mjl_login_otp_lockout	declares a database uniqueness, referential, check, or lookup invariant	module installation or guarded schema lifecycle script	DDL, indexes, constraints, triggers, and persisted invariants	DB-001,DB-002,DB-003,LIFE-001	DEFINITION_INDEXED	ALTER TABLE llx_mjlfinancement_login_otp ADD INDEX idx_mjl_login_otp_lockout (entity, fk_user, date_lockout_until)
SUP-0975	custom/mjlfinancement/sql/llx_mjlfinancement_login_otp.key.sql:4	SQL_CONSTRAINT_OR_INDEX	fk_mjl_login_otp_user	declares a database uniqueness, referential, check, or lookup invariant	module installation or guarded schema lifecycle script	DDL, indexes, constraints, triggers, and persisted invariants	DB-001,DB-002,DB-003,LIFE-001	DEFINITION_INDEXED	ALTER TABLE llx_mjlfinancement_login_otp ADD CONSTRAINT fk_mjl_login_otp_user FOREIGN KEY (fk_user) REFERENCES llx_user(rowid)
SUP-0976	custom/mjlfinancement/sql/llx_mjlfinancement_login_otp.sql:1	SQL_FILE	<file>	declares or migrates MJL relational schema and database invariants	module installation or guarded schema lifecycle script	DDL, indexes, constraints, triggers, and persisted invariants	DB-001,DB-002,DB-003,LIFE-001	DEFINITION_INDEXED	CREATE TABLE llx_mjlfinancement_login_otp (
SUP-0977	custom/mjlfinancement/sql/llx_mjlfinancement_login_otp.sql:1	SQL_CREATE_TABLE	CREATE TABLE:llx_mjlfinancement_login_otp	creates or changes a persisted table, trigger, or schema object	module installation or guarded schema lifecycle script	DDL, indexes, constraints, triggers, and persisted invariants	DB-001,DB-002,DB-003,LIFE-001	DEFINITION_INDEXED	CREATE TABLE llx_mjlfinancement_login_otp ( rowid INTEGER AUTO_INCREMENT PRIMARY KEY, entity INTEGER DEFAULT 1 NOT NULL, fk_user INTEGER NOT NULL, status VARCHAR(32) DEFAULT 'pending' NOT NULL, code_hash CHAR(64) DEFAULT NULL, session_hash CHAR(64) NOT NULL, credential_hash CHAR(64) NOT NULL, attempt_count INTEGER DEFAULT 0 NOT NULL, resend_count INTEGER DEFAULT 0 NOT NULL, live_user_id INTEGER AS (CASE WHEN status =
SUP-0978	custom/mjlfinancement/sql/llx_mjlfinancement_login_otp.sql:19	SQL_CONSTRAINT_OR_INDEX	chk_mjl_login_otp_status	declares a database uniqueness, referential, check, or lookup invariant	module installation or guarded schema lifecycle script	DDL, indexes, constraints, triggers, and persisted invariants	DB-001,DB-002,DB-003,LIFE-001	DEFINITION_INDEXED	CONSTRAINT chk_mjl_login_otp_status CHECK (status IN ('pending', 'verified', 'cancelled', 'delivery_failed', 'locked'))
SUP-0979	custom/mjlfinancement/sql/llx_mjlfinancement_login_otp.sql:20	SQL_CONSTRAINT_OR_INDEX	chk_mjl_login_otp_counts	declares a database uniqueness, referential, check, or lookup invariant	module installation or guarded schema lifecycle script	DDL, indexes, constraints, triggers, and persisted invariants	DB-001,DB-002,DB-003,LIFE-001	DEFINITION_INDEXED	CONSTRAINT chk_mjl_login_otp_counts CHECK (attempt_count BETWEEN 0 AND 5 AND resend_count BETWEEN 0 AND 3)
SUP-0980	custom/mjlfinancement/sql/llx_mjlfinancement_login_otp.sql:21	SQL_CONSTRAINT_OR_INDEX	chk_mjl_login_otp_secret	declares a database uniqueness, referential, check, or lookup invariant	module installation or guarded schema lifecycle script	DDL, indexes, constraints, triggers, and persisted invariants	DB-001,DB-002,DB-003,LIFE-001	DEFINITION_INDEXED	CONSTRAINT chk_mjl_login_otp_secret CHECK ((status = 'pending' AND code_hash IS NOT NULL) OR (status <> 'pending' AND code_hash IS NULL))
SUP-0981	custom/mjlfinancement/sql/llx_mjlfinancement_operation.key.sql:1	SQL_FILE	<file>	declares or migrates MJL relational schema and database invariants	module installation or guarded schema lifecycle script	DDL, indexes, constraints, triggers, and persisted invariants	DB-001,DB-002,DB-003,LIFE-001	DEFINITION_INDEXED	ALTER TABLE llx_mjlfinancement_operation ADD CONSTRAINT fk_mjl_operation_activity FOREIGN KEY (fk_activity) REFERENCES llx_mjlfinancement_activity(rowid) ON UPDATE RESTRICT ON DELETE RESTRICT;
SUP-0982	custom/mjlfinancement/sql/llx_mjlfinancement_operation.key.sql:1	SQL_ALTER_TABLE	ALTER TABLE:llx_mjlfinancement_operation	creates or changes a persisted table, trigger, or schema object	module installation or guarded schema lifecycle script	DDL, indexes, constraints, triggers, and persisted invariants	DB-001,DB-002,DB-003,LIFE-001	DEFINITION_INDEXED	ALTER TABLE llx_mjlfinancement_operation ADD CONSTRAINT fk_mjl_operation_activity FOREIGN KEY (fk_activity) REFERENCES llx_mjlfinancement_activity(rowid) ON UPDATE RESTRICT ON DELETE RESTRICT;
SUP-0983	custom/mjlfinancement/sql/llx_mjlfinancement_operation.key.sql:2	SQL_ALTER_TABLE	ALTER TABLE:llx_mjlfinancement_operation	creates or changes a persisted table, trigger, or schema object	module installation or guarded schema lifecycle script	DDL, indexes, constraints, triggers, and persisted invariants	DB-001,DB-002,DB-003,LIFE-001	DEFINITION_INDEXED	ALTER TABLE llx_mjlfinancement_operation ADD CONSTRAINT fk_mjl_operation_type FOREIGN KEY (fk_operation_type) REFERENCES llx_mjlfinancement_operation_type(rowid) ON UPDATE RESTRICT ON DELETE RESTRICT;
SUP-0984	custom/mjlfinancement/sql/llx_mjlfinancement_operation.key.sql:3	SQL_ALTER_TABLE	ALTER TABLE:llx_mjlfinancement_operation	creates or changes a persisted table, trigger, or schema object	module installation or guarded schema lifecycle script	DDL, indexes, constraints, triggers, and persisted invariants	DB-001,DB-002,DB-003,LIFE-001	DEFINITION_INDEXED	ALTER TABLE llx_mjlfinancement_operation ADD CONSTRAINT fk_mjl_operation_creator FOREIGN KEY (fk_user_creat) REFERENCES llx_user(rowid) ON UPDATE RESTRICT ON DELETE RESTRICT;
SUP-0985	custom/mjlfinancement/sql/llx_mjlfinancement_operation.key.sql:4	SQL_ALTER_TABLE	ALTER TABLE:llx_mjlfinancement_operation	creates or changes a persisted table, trigger, or schema object	module installation or guarded schema lifecycle script	DDL, indexes, constraints, triggers, and persisted invariants	DB-001,DB-002,DB-003,LIFE-001	DEFINITION_INDEXED	ALTER TABLE llx_mjlfinancement_operation ADD CONSTRAINT fk_mjl_operation_modifier FOREIGN KEY (fk_user_modif) REFERENCES llx_user(rowid) ON UPDATE RESTRICT ON DELETE RESTRICT;
SUP-0986	custom/mjlfinancement/sql/llx_mjlfinancement_operation.key.sql:5	SQL_ALTER_TABLE	ALTER TABLE:llx_mjlfinancement_operation	creates or changes a persisted table, trigger, or schema object	module installation or guarded schema lifecycle script	DDL, indexes, constraints, triggers, and persisted invariants	DB-001,DB-002,DB-003,LIFE-001	DEFINITION_INDEXED	ALTER TABLE llx_mjlfinancement_operation ADD CONSTRAINT fk_mjl_operation_remover FOREIGN KEY (fk_user_removed) REFERENCES llx_user(rowid) ON UPDATE RESTRICT ON DELETE RESTRICT;
SUP-0987	custom/mjlfinancement/sql/llx_mjlfinancement_operation.key.sql:1	SQL_CONSTRAINT_OR_INDEX	fk_mjl_operation_activity	declares a database uniqueness, referential, check, or lookup invariant	module installation or guarded schema lifecycle script	DDL, indexes, constraints, triggers, and persisted invariants	DB-001,DB-002,DB-003,LIFE-001	DEFINITION_INDEXED	ALTER TABLE llx_mjlfinancement_operation ADD CONSTRAINT fk_mjl_operation_activity FOREIGN KEY (fk_activity) REFERENCES llx_mjlfinancement_activity(rowid) ON UPDATE RESTRICT ON DELETE RESTRICT
SUP-0988	custom/mjlfinancement/sql/llx_mjlfinancement_operation.key.sql:2	SQL_CONSTRAINT_OR_INDEX	fk_mjl_operation_type	declares a database uniqueness, referential, check, or lookup invariant	module installation or guarded schema lifecycle script	DDL, indexes, constraints, triggers, and persisted invariants	DB-001,DB-002,DB-003,LIFE-001	DEFINITION_INDEXED	ALTER TABLE llx_mjlfinancement_operation ADD CONSTRAINT fk_mjl_operation_type FOREIGN KEY (fk_operation_type) REFERENCES llx_mjlfinancement_operation_type(rowid) ON UPDATE RESTRICT ON DELETE RESTRICT
SUP-0989	custom/mjlfinancement/sql/llx_mjlfinancement_operation.key.sql:3	SQL_CONSTRAINT_OR_INDEX	fk_mjl_operation_creator	declares a database uniqueness, referential, check, or lookup invariant	module installation or guarded schema lifecycle script	DDL, indexes, constraints, triggers, and persisted invariants	DB-001,DB-002,DB-003,LIFE-001	DEFINITION_INDEXED	ALTER TABLE llx_mjlfinancement_operation ADD CONSTRAINT fk_mjl_operation_creator FOREIGN KEY (fk_user_creat) REFERENCES llx_user(rowid) ON UPDATE RESTRICT ON DELETE RESTRICT
SUP-0990	custom/mjlfinancement/sql/llx_mjlfinancement_operation.key.sql:4	SQL_CONSTRAINT_OR_INDEX	fk_mjl_operation_modifier	declares a database uniqueness, referential, check, or lookup invariant	module installation or guarded schema lifecycle script	DDL, indexes, constraints, triggers, and persisted invariants	DB-001,DB-002,DB-003,LIFE-001	DEFINITION_INDEXED	ALTER TABLE llx_mjlfinancement_operation ADD CONSTRAINT fk_mjl_operation_modifier FOREIGN KEY (fk_user_modif) REFERENCES llx_user(rowid) ON UPDATE RESTRICT ON DELETE RESTRICT
SUP-0991	custom/mjlfinancement/sql/llx_mjlfinancement_operation.key.sql:5	SQL_CONSTRAINT_OR_INDEX	fk_mjl_operation_remover	declares a database uniqueness, referential, check, or lookup invariant	module installation or guarded schema lifecycle script	DDL, indexes, constraints, triggers, and persisted invariants	DB-001,DB-002,DB-003,LIFE-001	DEFINITION_INDEXED	ALTER TABLE llx_mjlfinancement_operation ADD CONSTRAINT fk_mjl_operation_remover FOREIGN KEY (fk_user_removed) REFERENCES llx_user(rowid) ON UPDATE RESTRICT ON DELETE RESTRICT
SUP-0992	custom/mjlfinancement/sql/llx_mjlfinancement_operation.sql:1	SQL_FILE	<file>	declares or migrates MJL relational schema and database invariants	module installation or guarded schema lifecycle script	DDL, indexes, constraints, triggers, and persisted invariants	DB-001,DB-002,DB-003,LIFE-001	DEFINITION_INDEXED	CREATE TABLE llx_mjlfinancement_operation (
SUP-0993	custom/mjlfinancement/sql/llx_mjlfinancement_operation.sql:1	SQL_CREATE_TABLE	CREATE TABLE:llx_mjlfinancement_operation	creates or changes a persisted table, trigger, or schema object	module installation or guarded schema lifecycle script	DDL, indexes, constraints, triggers, and persisted invariants	DB-001,DB-002,DB-003,LIFE-001	DEFINITION_INDEXED	CREATE TABLE llx_mjlfinancement_operation ( rowid BIGINT(20) AUTO_INCREMENT PRIMARY KEY, entity INT(11) NOT NULL, fk_activity INT(11) NOT NULL, fk_operation_type INT(11) NOT NULL, name VARCHAR(255) NOT NULL, authorized_amount BIGINT(20) NOT NULL, status VARCHAR(16) DEFAULT 'TODO' NOT NULL, spent_amount BIGINT(20) DEFAULT NULL, observation TEXT DEFAULT NULL, version BIGINT(20) DEFAULT 1 NOT NULL, date_removed DATETIME
SUP-0994	custom/mjlfinancement/sql/llx_mjlfinancement_operation.sql:18	SQL_CONSTRAINT_OR_INDEX	uk_mjl_operation_entity_rowid	declares a database uniqueness, referential, check, or lookup invariant	module installation or guarded schema lifecycle script	DDL, indexes, constraints, triggers, and persisted invariants	DB-001,DB-002,DB-003,LIFE-001	DEFINITION_INDEXED	UNIQUE INDEX uk_mjl_operation_entity_rowid (entity,rowid)
SUP-0995	custom/mjlfinancement/sql/llx_mjlfinancement_operation.sql:19	SQL_CONSTRAINT_OR_INDEX	idx_mjl_operation_activity	declares a database uniqueness, referential, check, or lookup invariant	module installation or guarded schema lifecycle script	DDL, indexes, constraints, triggers, and persisted invariants	DB-001,DB-002,DB-003,LIFE-001	DEFINITION_INDEXED	INDEX idx_mjl_operation_activity (entity,fk_activity,date_removed)
SUP-0996	custom/mjlfinancement/sql/llx_mjlfinancement_operation.sql:20	SQL_CONSTRAINT_OR_INDEX	idx_mjl_operation_type	declares a database uniqueness, referential, check, or lookup invariant	module installation or guarded schema lifecycle script	DDL, indexes, constraints, triggers, and persisted invariants	DB-001,DB-002,DB-003,LIFE-001	DEFINITION_INDEXED	INDEX idx_mjl_operation_type (entity,fk_operation_type)
SUP-0997	custom/mjlfinancement/sql/llx_mjlfinancement_operation.sql:21	SQL_CONSTRAINT_OR_INDEX	chk_mjl_operation_entity	declares a database uniqueness, referential, check, or lookup invariant	module installation or guarded schema lifecycle script	DDL, indexes, constraints, triggers, and persisted invariants	DB-001,DB-002,DB-003,LIFE-001	DEFINITION_INDEXED	CONSTRAINT chk_mjl_operation_entity CHECK (entity > 0)
SUP-0998	custom/mjlfinancement/sql/llx_mjlfinancement_operation.sql:22	SQL_CONSTRAINT_OR_INDEX	chk_mjl_operation_name	declares a database uniqueness, referential, check, or lookup invariant	module installation or guarded schema lifecycle script	DDL, indexes, constraints, triggers, and persisted invariants	DB-001,DB-002,DB-003,LIFE-001	DEFINITION_INDEXED	CONSTRAINT chk_mjl_operation_name CHECK (name REGEXP '[^[:space:]]')
SUP-0999	custom/mjlfinancement/sql/llx_mjlfinancement_operation.sql:23	SQL_CONSTRAINT_OR_INDEX	chk_mjl_operation_amount	declares a database uniqueness, referential, check, or lookup invariant	module installation or guarded schema lifecycle script	DDL, indexes, constraints, triggers, and persisted invariants	DB-001,DB-002,DB-003,LIFE-001	DEFINITION_INDEXED	CONSTRAINT chk_mjl_operation_amount CHECK (authorized_amount > 0)
SUP-1000	custom/mjlfinancement/sql/llx_mjlfinancement_operation.sql:24	SQL_CONSTRAINT_OR_INDEX	chk_mjl_operation_version	declares a database uniqueness, referential, check, or lookup invariant	module installation or guarded schema lifecycle script	DDL, indexes, constraints, triggers, and persisted invariants	DB-001,DB-002,DB-003,LIFE-001	DEFINITION_INDEXED	CONSTRAINT chk_mjl_operation_version CHECK (version > 0)
SUP-1001	custom/mjlfinancement/sql/llx_mjlfinancement_operation.sql:25	SQL_CONSTRAINT_OR_INDEX	chk_mjl_operation_execution_status	declares a database uniqueness, referential, check, or lookup invariant	module installation or guarded schema lifecycle script	DDL, indexes, constraints, triggers, and persisted invariants	DB-001,DB-002,DB-003,LIFE-001	DEFINITION_INDEXED	CONSTRAINT chk_mjl_operation_execution_status CHECK (status IN ('TODO','IN_PROGRESS','COMPLETED','CANCELLED'))
SUP-1002	custom/mjlfinancement/sql/llx_mjlfinancement_operation.sql:26	SQL_CONSTRAINT_OR_INDEX	chk_mjl_operation_spent_amount	declares a database uniqueness, referential, check, or lookup invariant	module installation or guarded schema lifecycle script	DDL, indexes, constraints, triggers, and persisted invariants	DB-001,DB-002,DB-003,LIFE-001	DEFINITION_INDEXED	CONSTRAINT chk_mjl_operation_spent_amount CHECK (spent_amount IS NULL OR spent_amount >= 0)
SUP-1003	custom/mjlfinancement/sql/llx_mjlfinancement_operation.sql:27	SQL_CONSTRAINT_OR_INDEX	chk_mjl_operation_observation	declares a database uniqueness, referential, check, or lookup invariant	module installation or guarded schema lifecycle script	DDL, indexes, constraints, triggers, and persisted invariants	DB-001,DB-002,DB-003,LIFE-001	DEFINITION_INDEXED	CONSTRAINT chk_mjl_operation_observation CHECK (observation IS NULL OR observation REGEXP '[^[:space:]]')
SUP-1004	custom/mjlfinancement/sql/llx_mjlfinancement_operation.sql:28	SQL_CONSTRAINT_OR_INDEX	chk_mjl_operation_execution_shape	declares a database uniqueness, referential, check, or lookup invariant	module installation or guarded schema lifecycle script	DDL, indexes, constraints, triggers, and persisted invariants	DB-001,DB-002,DB-003,LIFE-001	DEFINITION_INDEXED	CONSTRAINT chk_mjl_operation_execution_shape CHECK ((spent_amount IS NULL OR spent_amount=authorized_amount OR (observation IS NOT NULL AND observation REGEXP '[^[:space:]]')) AND (status<>'COMPLETED' OR spent_amount IS NOT NULL))
SUP-1005	custom/mjlfinancement/sql/llx_mjlfinancement_operation.sql:29	SQL_CONSTRAINT_OR_INDEX	chk_mjl_operation_removal	declares a database uniqueness, referential, check, or lookup invariant	module installation or guarded schema lifecycle script	DDL, indexes, constraints, triggers, and persisted invariants	DB-001,DB-002,DB-003,LIFE-001	DEFINITION_INDEXED	CONSTRAINT chk_mjl_operation_removal CHECK ((date_removed IS NULL AND fk_user_removed IS NULL) OR (date_removed IS NOT NULL AND fk_user_removed IS NOT NULL))
SUP-1006	custom/mjlfinancement/sql/llx_mjlfinancement_operation_type.key.sql:1	SQL_FILE	<file>	declares or migrates MJL relational schema and database invariants	module installation or guarded schema lifecycle script	DDL, indexes, constraints, triggers, and persisted invariants	DB-001,DB-002,DB-003,LIFE-001	DEFINITION_INDEXED	ALTER TABLE llx_mjlfinancement_operation_type ADD INDEX idx_mjlfinancement_operation_type_entity (entity);
SUP-1007	custom/mjlfinancement/sql/llx_mjlfinancement_operation_type.key.sql:1	SQL_ALTER_TABLE	ALTER TABLE:llx_mjlfinancement_operation_type	creates or changes a persisted table, trigger, or schema object	module installation or guarded schema lifecycle script	DDL, indexes, constraints, triggers, and persisted invariants	DB-001,DB-002,DB-003,LIFE-001	DEFINITION_INDEXED	ALTER TABLE llx_mjlfinancement_operation_type ADD INDEX idx_mjlfinancement_operation_type_entity (entity);
SUP-1008	custom/mjlfinancement/sql/llx_mjlfinancement_operation_type.key.sql:2	SQL_ALTER_TABLE	ALTER TABLE:llx_mjlfinancement_operation_type	creates or changes a persisted table, trigger, or schema object	module installation or guarded schema lifecycle script	DDL, indexes, constraints, triggers, and persisted invariants	DB-001,DB-002,DB-003,LIFE-001	DEFINITION_INDEXED	ALTER TABLE llx_mjlfinancement_operation_type ADD INDEX idx_mjlfinancement_operation_type_active (entity, is_active);
SUP-1009	custom/mjlfinancement/sql/llx_mjlfinancement_operation_type.key.sql:3	SQL_ALTER_TABLE	ALTER TABLE:llx_mjlfinancement_operation_type	creates or changes a persisted table, trigger, or schema object	module installation or guarded schema lifecycle script	DDL, indexes, constraints, triggers, and persisted invariants	DB-001,DB-002,DB-003,LIFE-001	DEFINITION_INDEXED	ALTER TABLE llx_mjlfinancement_operation_type ADD UNIQUE INDEX uk_mjlfinancement_operation_type_label_entity (entity, label);
SUP-1010	custom/mjlfinancement/sql/llx_mjlfinancement_operation_type.key.sql:4	SQL_ALTER_TABLE	ALTER TABLE:llx_mjlfinancement_operation_type	creates or changes a persisted table, trigger, or schema object	module installation or guarded schema lifecycle script	DDL, indexes, constraints, triggers, and persisted invariants	DB-001,DB-002,DB-003,LIFE-001	DEFINITION_INDEXED	ALTER TABLE llx_mjlfinancement_operation_type ADD CONSTRAINT fk_mjlfinancement_operation_type_user_creat FOREIGN KEY (fk_user_creat) REFERENCES llx_user(rowid);
SUP-1011	custom/mjlfinancement/sql/llx_mjlfinancement_operation_type.key.sql:5	SQL_ALTER_TABLE	ALTER TABLE:llx_mjlfinancement_operation_type	creates or changes a persisted table, trigger, or schema object	module installation or guarded schema lifecycle script	DDL, indexes, constraints, triggers, and persisted invariants	DB-001,DB-002,DB-003,LIFE-001	DEFINITION_INDEXED	ALTER TABLE llx_mjlfinancement_operation_type ADD CONSTRAINT fk_mjlfinancement_operation_type_user_modif FOREIGN KEY (fk_user_modif) REFERENCES llx_user(rowid);
SUP-1012	custom/mjlfinancement/sql/llx_mjlfinancement_operation_type.key.sql:6	SQL_ALTER_TABLE	ALTER TABLE:llx_mjlfinancement_operation_type	creates or changes a persisted table, trigger, or schema object	module installation or guarded schema lifecycle script	DDL, indexes, constraints, triggers, and persisted invariants	DB-001,DB-002,DB-003,LIFE-001	DEFINITION_INDEXED	ALTER TABLE llx_mjlfinancement_operation_type ADD CONSTRAINT chk_mjlfinancement_operation_type_active CHECK (is_active IN (0, 1));
SUP-1013	custom/mjlfinancement/sql/llx_mjlfinancement_operation_type.key.sql:1	SQL_CONSTRAINT_OR_INDEX	idx_mjlfinancement_operation_type_entity	declares a database uniqueness, referential, check, or lookup invariant	module installation or guarded schema lifecycle script	DDL, indexes, constraints, triggers, and persisted invariants	DB-001,DB-002,DB-003,LIFE-001	DEFINITION_INDEXED	ALTER TABLE llx_mjlfinancement_operation_type ADD INDEX idx_mjlfinancement_operation_type_entity (entity)
SUP-1014	custom/mjlfinancement/sql/llx_mjlfinancement_operation_type.key.sql:2	SQL_CONSTRAINT_OR_INDEX	idx_mjlfinancement_operation_type_active	declares a database uniqueness, referential, check, or lookup invariant	module installation or guarded schema lifecycle script	DDL, indexes, constraints, triggers, and persisted invariants	DB-001,DB-002,DB-003,LIFE-001	DEFINITION_INDEXED	ALTER TABLE llx_mjlfinancement_operation_type ADD INDEX idx_mjlfinancement_operation_type_active (entity, is_active)
SUP-1015	custom/mjlfinancement/sql/llx_mjlfinancement_operation_type.key.sql:3	SQL_CONSTRAINT_OR_INDEX	uk_mjlfinancement_operation_type_label_entity	declares a database uniqueness, referential, check, or lookup invariant	module installation or guarded schema lifecycle script	DDL, indexes, constraints, triggers, and persisted invariants	DB-001,DB-002,DB-003,LIFE-001	DEFINITION_INDEXED	ALTER TABLE llx_mjlfinancement_operation_type ADD UNIQUE INDEX uk_mjlfinancement_operation_type_label_entity (entity, label)
SUP-1016	custom/mjlfinancement/sql/llx_mjlfinancement_operation_type.key.sql:4	SQL_CONSTRAINT_OR_INDEX	fk_mjlfinancement_operation_type_user_creat	declares a database uniqueness, referential, check, or lookup invariant	module installation or guarded schema lifecycle script	DDL, indexes, constraints, triggers, and persisted invariants	DB-001,DB-002,DB-003,LIFE-001	DEFINITION_INDEXED	ALTER TABLE llx_mjlfinancement_operation_type ADD CONSTRAINT fk_mjlfinancement_operation_type_user_creat FOREIGN KEY (fk_user_creat) REFERENCES llx_user(rowid)
SUP-1017	custom/mjlfinancement/sql/llx_mjlfinancement_operation_type.key.sql:5	SQL_CONSTRAINT_OR_INDEX	fk_mjlfinancement_operation_type_user_modif	declares a database uniqueness, referential, check, or lookup invariant	module installation or guarded schema lifecycle script	DDL, indexes, constraints, triggers, and persisted invariants	DB-001,DB-002,DB-003,LIFE-001	DEFINITION_INDEXED	ALTER TABLE llx_mjlfinancement_operation_type ADD CONSTRAINT fk_mjlfinancement_operation_type_user_modif FOREIGN KEY (fk_user_modif) REFERENCES llx_user(rowid)
SUP-1018	custom/mjlfinancement/sql/llx_mjlfinancement_operation_type.key.sql:6	SQL_CONSTRAINT_OR_INDEX	chk_mjlfinancement_operation_type_active	declares a database uniqueness, referential, check, or lookup invariant	module installation or guarded schema lifecycle script	DDL, indexes, constraints, triggers, and persisted invariants	DB-001,DB-002,DB-003,LIFE-001	DEFINITION_INDEXED	ALTER TABLE llx_mjlfinancement_operation_type ADD CONSTRAINT chk_mjlfinancement_operation_type_active CHECK (is_active IN (0, 1))
SUP-1019	custom/mjlfinancement/sql/llx_mjlfinancement_operation_type.sql:1	SQL_FILE	<file>	declares or migrates MJL relational schema and database invariants	module installation or guarded schema lifecycle script	DDL, indexes, constraints, triggers, and persisted invariants	DB-001,DB-002,DB-003,LIFE-001	DEFINITION_INDEXED	CREATE TABLE llx_mjlfinancement_operation_type (
SUP-1020	custom/mjlfinancement/sql/llx_mjlfinancement_operation_type.sql:1	SQL_CREATE_TABLE	CREATE TABLE:llx_mjlfinancement_operation_type	creates or changes a persisted table, trigger, or schema object	module installation or guarded schema lifecycle script	DDL, indexes, constraints, triggers, and persisted invariants	DB-001,DB-002,DB-003,LIFE-001	DEFINITION_INDEXED	CREATE TABLE llx_mjlfinancement_operation_type ( rowid INTEGER AUTO_INCREMENT PRIMARY KEY, entity INTEGER DEFAULT 1 NOT NULL, label VARCHAR(255) NOT NULL, is_active TINYINT DEFAULT 1 NOT NULL, date_creation DATETIME NOT NULL, tms TIMESTAMP NULL DEFAULT CURRENT_TIMESTAMP ON UPDATE CURRENT_TIMESTAMP, fk_user_creat INTEGER NOT NULL, fk_user_modif INTEGER DEFAULT NULL ) ENGINE=innodb;
SUP-1021	custom/mjlfinancement/sql/llx_mjlfinancement_password_reset.key.sql:1	SQL_FILE	<file>	declares or migrates MJL relational schema and database invariants	module installation or guarded schema lifecycle script	DDL, indexes, constraints, triggers, and persisted invariants	DB-001,DB-002,DB-003,LIFE-001	DEFINITION_INDEXED	ALTER TABLE llx_mjlfinancement_password_reset ADD UNIQUE INDEX uk_mjl_reset_selector (entity, token_selector);
SUP-1022	custom/mjlfinancement/sql/llx_mjlfinancement_password_reset.key.sql:1	SQL_ALTER_TABLE	ALTER TABLE:llx_mjlfinancement_password_reset	creates or changes a persisted table, trigger, or schema object	module installation or guarded schema lifecycle script	DDL, indexes, constraints, triggers, and persisted invariants	DB-001,DB-002,DB-003,LIFE-001	DEFINITION_INDEXED	ALTER TABLE llx_mjlfinancement_password_reset ADD UNIQUE INDEX uk_mjl_reset_selector (entity, token_selector);
SUP-1023	custom/mjlfinancement/sql/llx_mjlfinancement_password_reset.key.sql:2	SQL_ALTER_TABLE	ALTER TABLE:llx_mjlfinancement_password_reset	creates or changes a persisted table, trigger, or schema object	module installation or guarded schema lifecycle script	DDL, indexes, constraints, triggers, and persisted invariants	DB-001,DB-002,DB-003,LIFE-001	DEFINITION_INDEXED	ALTER TABLE llx_mjlfinancement_password_reset ADD UNIQUE INDEX uk_mjl_reset_hash (entity, token_hash);
SUP-1024	custom/mjlfinancement/sql/llx_mjlfinancement_password_reset.key.sql:3	SQL_ALTER_TABLE	ALTER TABLE:llx_mjlfinancement_password_reset	creates or changes a persisted table, trigger, or schema object	module installation or guarded schema lifecycle script	DDL, indexes, constraints, triggers, and persisted invariants	DB-001,DB-002,DB-003,LIFE-001	DEFINITION_INDEXED	ALTER TABLE llx_mjlfinancement_password_reset ADD UNIQUE INDEX uk_mjl_reset_live_user (entity, live_user_id);
SUP-1025	custom/mjlfinancement/sql/llx_mjlfinancement_password_reset.key.sql:4	SQL_ALTER_TABLE	ALTER TABLE:llx_mjlfinancement_password_reset	creates or changes a persisted table, trigger, or schema object	module installation or guarded schema lifecycle script	DDL, indexes, constraints, triggers, and persisted invariants	DB-001,DB-002,DB-003,LIFE-001	DEFINITION_INDEXED	ALTER TABLE llx_mjlfinancement_password_reset ADD INDEX idx_mjl_reset_user (entity, fk_user);
SUP-1026	custom/mjlfinancement/sql/llx_mjlfinancement_password_reset.key.sql:5	SQL_ALTER_TABLE	ALTER TABLE:llx_mjlfinancement_password_reset	creates or changes a persisted table, trigger, or schema object	module installation or guarded schema lifecycle script	DDL, indexes, constraints, triggers, and persisted invariants	DB-001,DB-002,DB-003,LIFE-001	DEFINITION_INDEXED	ALTER TABLE llx_mjlfinancement_password_reset ADD INDEX idx_mjl_reset_status (entity, status);
SUP-1027	custom/mjlfinancement/sql/llx_mjlfinancement_password_reset.key.sql:6	SQL_ALTER_TABLE	ALTER TABLE:llx_mjlfinancement_password_reset	creates or changes a persisted table, trigger, or schema object	module installation or guarded schema lifecycle script	DDL, indexes, constraints, triggers, and persisted invariants	DB-001,DB-002,DB-003,LIFE-001	DEFINITION_INDEXED	ALTER TABLE llx_mjlfinancement_password_reset ADD CONSTRAINT fk_mjl_reset_target_user FOREIGN KEY (fk_user) REFERENCES llx_user(rowid);
SUP-1028	custom/mjlfinancement/sql/llx_mjlfinancement_password_reset.key.sql:1	SQL_CONSTRAINT_OR_INDEX	uk_mjl_reset_selector	declares a database uniqueness, referential, check, or lookup invariant	module installation or guarded schema lifecycle script	DDL, indexes, constraints, triggers, and persisted invariants	DB-001,DB-002,DB-003,LIFE-001	DEFINITION_INDEXED	ALTER TABLE llx_mjlfinancement_password_reset ADD UNIQUE INDEX uk_mjl_reset_selector (entity, token_selector)
SUP-1029	custom/mjlfinancement/sql/llx_mjlfinancement_password_reset.key.sql:2	SQL_CONSTRAINT_OR_INDEX	uk_mjl_reset_hash	declares a database uniqueness, referential, check, or lookup invariant	module installation or guarded schema lifecycle script	DDL, indexes, constraints, triggers, and persisted invariants	DB-001,DB-002,DB-003,LIFE-001	DEFINITION_INDEXED	ALTER TABLE llx_mjlfinancement_password_reset ADD UNIQUE INDEX uk_mjl_reset_hash (entity, token_hash)
SUP-1030	custom/mjlfinancement/sql/llx_mjlfinancement_password_reset.key.sql:3	SQL_CONSTRAINT_OR_INDEX	uk_mjl_reset_live_user	declares a database uniqueness, referential, check, or lookup invariant	module installation or guarded schema lifecycle script	DDL, indexes, constraints, triggers, and persisted invariants	DB-001,DB-002,DB-003,LIFE-001	DEFINITION_INDEXED	ALTER TABLE llx_mjlfinancement_password_reset ADD UNIQUE INDEX uk_mjl_reset_live_user (entity, live_user_id)
SUP-1031	custom/mjlfinancement/sql/llx_mjlfinancement_password_reset.key.sql:4	SQL_CONSTRAINT_OR_INDEX	idx_mjl_reset_user	declares a database uniqueness, referential, check, or lookup invariant	module installation or guarded schema lifecycle script	DDL, indexes, constraints, triggers, and persisted invariants	DB-001,DB-002,DB-003,LIFE-001	DEFINITION_INDEXED	ALTER TABLE llx_mjlfinancement_password_reset ADD INDEX idx_mjl_reset_user (entity, fk_user)
SUP-1032	custom/mjlfinancement/sql/llx_mjlfinancement_password_reset.key.sql:5	SQL_CONSTRAINT_OR_INDEX	idx_mjl_reset_status	declares a database uniqueness, referential, check, or lookup invariant	module installation or guarded schema lifecycle script	DDL, indexes, constraints, triggers, and persisted invariants	DB-001,DB-002,DB-003,LIFE-001	DEFINITION_INDEXED	ALTER TABLE llx_mjlfinancement_password_reset ADD INDEX idx_mjl_reset_status (entity, status)
SUP-1033	custom/mjlfinancement/sql/llx_mjlfinancement_password_reset.key.sql:6	SQL_CONSTRAINT_OR_INDEX	fk_mjl_reset_target_user	declares a database uniqueness, referential, check, or lookup invariant	module installation or guarded schema lifecycle script	DDL, indexes, constraints, triggers, and persisted invariants	DB-001,DB-002,DB-003,LIFE-001	DEFINITION_INDEXED	ALTER TABLE llx_mjlfinancement_password_reset ADD CONSTRAINT fk_mjl_reset_target_user FOREIGN KEY (fk_user) REFERENCES llx_user(rowid)
SUP-1034	custom/mjlfinancement/sql/llx_mjlfinancement_password_reset.sql:1	SQL_FILE	<file>	declares or migrates MJL relational schema and database invariants	module installation or guarded schema lifecycle script	DDL, indexes, constraints, triggers, and persisted invariants	DB-001,DB-002,DB-003,LIFE-001	DEFINITION_INDEXED	CREATE TABLE llx_mjlfinancement_password_reset (
SUP-1035	custom/mjlfinancement/sql/llx_mjlfinancement_password_reset.sql:1	SQL_CREATE_TABLE	CREATE TABLE:llx_mjlfinancement_password_reset	creates or changes a persisted table, trigger, or schema object	module installation or guarded schema lifecycle script	DDL, indexes, constraints, triggers, and persisted invariants	DB-001,DB-002,DB-003,LIFE-001	DEFINITION_INDEXED	CREATE TABLE llx_mjlfinancement_password_reset ( rowid INTEGER AUTO_INCREMENT PRIMARY KEY, entity INTEGER DEFAULT 1 NOT NULL, fk_user INTEGER NOT NULL, status VARCHAR(32) DEFAULT 'pending_send' NOT NULL, token_selector VARCHAR(64) NOT NULL, token_hash CHAR(64) DEFAULT NULL, live_user_id INTEGER AS (CASE WHEN status IN ('pending_send', 'sent') THEN fk_user ELSE NULL END) PERSISTENT, date_expiry DATETIME NOT NULL, date
SUP-1036	custom/mjlfinancement/sql/llx_mjlfinancement_password_reset.sql:15	SQL_CONSTRAINT_OR_INDEX	chk_mjl_reset_status	declares a database uniqueness, referential, check, or lookup invariant	module installation or guarded schema lifecycle script	DDL, indexes, constraints, triggers, and persisted invariants	DB-001,DB-002,DB-003,LIFE-001	DEFINITION_INDEXED	CONSTRAINT chk_mjl_reset_status CHECK (status IN ('pending_send', 'sent', 'consumed', 'send_failed', 'revoked'))
SUP-1037	custom/mjlfinancement/sql/llx_mjlfinancement_password_reset.sql:16	SQL_CONSTRAINT_OR_INDEX	chk_mjl_reset_credential_state	declares a database uniqueness, referential, check, or lookup invariant	module installation or guarded schema lifecycle script	DDL, indexes, constraints, triggers, and persisted invariants	DB-001,DB-002,DB-003,LIFE-001	DEFINITION_INDEXED	CONSTRAINT chk_mjl_reset_credential_state CHECK ((status IN ('pending_send', 'sent') AND token_hash IS NOT NULL AND date_consumed IS NULL) OR (status IN ('consumed', 'send_failed', 'revoked') AND token_hash IS NULL AND date_consumed IS NOT NULL))
SUP-1038	custom/mjlfinancement/sql/llx_mjlfinancement_project_note.key.sql:1	SQL_FILE	<file>	declares or migrates MJL relational schema and database invariants	module installation or guarded schema lifecycle script	DDL, indexes, constraints, triggers, and persisted invariants	DB-001,DB-002,DB-003,LIFE-001	DEFINITION_INDEXED	ALTER TABLE llx_mjlfinancement_project_note ADD INDEX idx_mjlfinancement_project_note_entity (entity);
SUP-1039	custom/mjlfinancement/sql/llx_mjlfinancement_project_note.key.sql:1	SQL_ALTER_TABLE	ALTER TABLE:llx_mjlfinancement_project_note	creates or changes a persisted table, trigger, or schema object	module installation or guarded schema lifecycle script	DDL, indexes, constraints, triggers, and persisted invariants	DB-001,DB-002,DB-003,LIFE-001	DEFINITION_INDEXED	ALTER TABLE llx_mjlfinancement_project_note ADD INDEX idx_mjlfinancement_project_note_entity (entity);
SUP-1040	custom/mjlfinancement/sql/llx_mjlfinancement_project_note.key.sql:2	SQL_ALTER_TABLE	ALTER TABLE:llx_mjlfinancement_project_note	creates or changes a persisted table, trigger, or schema object	module installation or guarded schema lifecycle script	DDL, indexes, constraints, triggers, and persisted invariants	DB-001,DB-002,DB-003,LIFE-001	DEFINITION_INDEXED	ALTER TABLE llx_mjlfinancement_project_note ADD INDEX idx_mjlfinancement_project_note_fk_project (fk_project);
SUP-1041	custom/mjlfinancement/sql/llx_mjlfinancement_project_note.key.sql:3	SQL_ALTER_TABLE	ALTER TABLE:llx_mjlfinancement_project_note	creates or changes a persisted table, trigger, or schema object	module installation or guarded schema lifecycle script	DDL, indexes, constraints, triggers, and persisted invariants	DB-001,DB-002,DB-003,LIFE-001	DEFINITION_INDEXED	ALTER TABLE llx_mjlfinancement_project_note ADD INDEX idx_mjlfinancement_project_note_fk_user_author (fk_user_author);
SUP-1042	custom/mjlfinancement/sql/llx_mjlfinancement_project_note.key.sql:4	SQL_ALTER_TABLE	ALTER TABLE:llx_mjlfinancement_project_note	creates or changes a persisted table, trigger, or schema object	module installation or guarded schema lifecycle script	DDL, indexes, constraints, triggers, and persisted invariants	DB-001,DB-002,DB-003,LIFE-001	DEFINITION_INDEXED	ALTER TABLE llx_mjlfinancement_project_note ADD CONSTRAINT fk_mjlfinancement_project_note_project FOREIGN KEY (fk_project) REFERENCES llx_projet(rowid);
SUP-1043	custom/mjlfinancement/sql/llx_mjlfinancement_project_note.key.sql:5	SQL_ALTER_TABLE	ALTER TABLE:llx_mjlfinancement_project_note	creates or changes a persisted table, trigger, or schema object	module installation or guarded schema lifecycle script	DDL, indexes, constraints, triggers, and persisted invariants	DB-001,DB-002,DB-003,LIFE-001	DEFINITION_INDEXED	ALTER TABLE llx_mjlfinancement_project_note ADD CONSTRAINT fk_mjlfinancement_project_note_author FOREIGN KEY (fk_user_author) REFERENCES llx_user(rowid);
SUP-1044	custom/mjlfinancement/sql/llx_mjlfinancement_project_note.key.sql:1	SQL_CONSTRAINT_OR_INDEX	idx_mjlfinancement_project_note_entity	declares a database uniqueness, referential, check, or lookup invariant	module installation or guarded schema lifecycle script	DDL, indexes, constraints, triggers, and persisted invariants	DB-001,DB-002,DB-003,LIFE-001	DEFINITION_INDEXED	ALTER TABLE llx_mjlfinancement_project_note ADD INDEX idx_mjlfinancement_project_note_entity (entity)
SUP-1045	custom/mjlfinancement/sql/llx_mjlfinancement_project_note.key.sql:2	SQL_CONSTRAINT_OR_INDEX	idx_mjlfinancement_project_note_fk_project	declares a database uniqueness, referential, check, or lookup invariant	module installation or guarded schema lifecycle script	DDL, indexes, constraints, triggers, and persisted invariants	DB-001,DB-002,DB-003,LIFE-001	DEFINITION_INDEXED	ALTER TABLE llx_mjlfinancement_project_note ADD INDEX idx_mjlfinancement_project_note_fk_project (fk_project)
SUP-1046	custom/mjlfinancement/sql/llx_mjlfinancement_project_note.key.sql:3	SQL_CONSTRAINT_OR_INDEX	idx_mjlfinancement_project_note_fk_user_author	declares a database uniqueness, referential, check, or lookup invariant	module installation or guarded schema lifecycle script	DDL, indexes, constraints, triggers, and persisted invariants	DB-001,DB-002,DB-003,LIFE-001	DEFINITION_INDEXED	ALTER TABLE llx_mjlfinancement_project_note ADD INDEX idx_mjlfinancement_project_note_fk_user_author (fk_user_author)
SUP-1047	custom/mjlfinancement/sql/llx_mjlfinancement_project_note.key.sql:4	SQL_CONSTRAINT_OR_INDEX	fk_mjlfinancement_project_note_project	declares a database uniqueness, referential, check, or lookup invariant	module installation or guarded schema lifecycle script	DDL, indexes, constraints, triggers, and persisted invariants	DB-001,DB-002,DB-003,LIFE-001	DEFINITION_INDEXED	ALTER TABLE llx_mjlfinancement_project_note ADD CONSTRAINT fk_mjlfinancement_project_note_project FOREIGN KEY (fk_project) REFERENCES llx_projet(rowid)
SUP-1048	custom/mjlfinancement/sql/llx_mjlfinancement_project_note.key.sql:5	SQL_CONSTRAINT_OR_INDEX	fk_mjlfinancement_project_note_author	declares a database uniqueness, referential, check, or lookup invariant	module installation or guarded schema lifecycle script	DDL, indexes, constraints, triggers, and persisted invariants	DB-001,DB-002,DB-003,LIFE-001	DEFINITION_INDEXED	ALTER TABLE llx_mjlfinancement_project_note ADD CONSTRAINT fk_mjlfinancement_project_note_author FOREIGN KEY (fk_user_author) REFERENCES llx_user(rowid)
SUP-1049	custom/mjlfinancement/sql/llx_mjlfinancement_project_note.sql:1	SQL_FILE	<file>	declares or migrates MJL relational schema and database invariants	module installation or guarded schema lifecycle script	DDL, indexes, constraints, triggers, and persisted invariants	DB-001,DB-002,DB-003,LIFE-001	DEFINITION_INDEXED	CREATE TABLE llx_mjlfinancement_project_note (
SUP-1050	custom/mjlfinancement/sql/llx_mjlfinancement_project_note.sql:1	SQL_CREATE_TABLE	CREATE TABLE:llx_mjlfinancement_project_note	creates or changes a persisted table, trigger, or schema object	module installation or guarded schema lifecycle script	DDL, indexes, constraints, triggers, and persisted invariants	DB-001,DB-002,DB-003,LIFE-001	DEFINITION_INDEXED	CREATE TABLE llx_mjlfinancement_project_note ( rowid INTEGER AUTO_INCREMENT PRIMARY KEY, entity INTEGER DEFAULT 1 NOT NULL, fk_project INTEGER NOT NULL, message TEXT NOT NULL, date_note DATETIME NOT NULL, fk_user_author INTEGER NOT NULL, date_creation DATETIME NOT NULL, tms TIMESTAMP NULL DEFAULT CURRENT_TIMESTAMP ON UPDATE CURRENT_TIMESTAMP, fk_user_creat INTEGER NOT NULL, fk_user_modif INTEGER DEFAULT NULL, import_
SUP-1051	custom/mjlfinancement/sql/llx_mjlfinancement_reopening_request.key.sql:1	SQL_FILE	<file>	declares or migrates MJL relational schema and database invariants	module installation or guarded schema lifecycle script	DDL, indexes, constraints, triggers, and persisted invariants	DB-001,DB-002,DB-003,LIFE-001	DEFINITION_INDEXED	ALTER TABLE llx_mjlfinancement_reopening_request ADD CONSTRAINT fk_mjl_reopening_activity FOREIGN KEY (entity,fk_activity) REFERENCES llx_mjlfinancement_activity(entity,rowid) ON UPDATE RESTRICT ON DELETE RESTRICT;
SUP-1052	custom/mjlfinancement/sql/llx_mjlfinancement_reopening_request.key.sql:1	SQL_ALTER_TABLE	ALTER TABLE:llx_mjlfinancement_reopening_request	creates or changes a persisted table, trigger, or schema object	module installation or guarded schema lifecycle script	DDL, indexes, constraints, triggers, and persisted invariants	DB-001,DB-002,DB-003,LIFE-001	DEFINITION_INDEXED	ALTER TABLE llx_mjlfinancement_reopening_request ADD CONSTRAINT fk_mjl_reopening_activity FOREIGN KEY (entity,fk_activity) REFERENCES llx_mjlfinancement_activity(entity,rowid) ON UPDATE RESTRICT ON DELETE RESTRICT;
SUP-1053	custom/mjlfinancement/sql/llx_mjlfinancement_reopening_request.key.sql:2	SQL_ALTER_TABLE	ALTER TABLE:llx_mjlfinancement_reopening_request	creates or changes a persisted table, trigger, or schema object	module installation or guarded schema lifecycle script	DDL, indexes, constraints, triggers, and persisted invariants	DB-001,DB-002,DB-003,LIFE-001	DEFINITION_INDEXED	ALTER TABLE llx_mjlfinancement_reopening_request ADD CONSTRAINT fk_mjl_reopening_operation FOREIGN KEY (entity,fk_operation) REFERENCES llx_mjlfinancement_operation(entity,rowid) ON UPDATE RESTRICT ON DELETE RESTRICT;
SUP-1054	custom/mjlfinancement/sql/llx_mjlfinancement_reopening_request.key.sql:3	SQL_ALTER_TABLE	ALTER TABLE:llx_mjlfinancement_reopening_request	creates or changes a persisted table, trigger, or schema object	module installation or guarded schema lifecycle script	DDL, indexes, constraints, triggers, and persisted invariants	DB-001,DB-002,DB-003,LIFE-001	DEFINITION_INDEXED	ALTER TABLE llx_mjlfinancement_reopening_request ADD CONSTRAINT fk_mjl_reopening_revision FOREIGN KEY (entity,fk_target_revision,fk_activity) REFERENCES llx_mjlfinancement_activity_revision(entity,rowid,fk_activity) ON UPDATE RESTRICT ON DELETE RESTRICT;
SUP-1055	custom/mjlfinancement/sql/llx_mjlfinancement_reopening_request.key.sql:4	SQL_ALTER_TABLE	ALTER TABLE:llx_mjlfinancement_reopening_request	creates or changes a persisted table, trigger, or schema object	module installation or guarded schema lifecycle script	DDL, indexes, constraints, triggers, and persisted invariants	DB-001,DB-002,DB-003,LIFE-001	DEFINITION_INDEXED	ALTER TABLE llx_mjlfinancement_reopening_request ADD CONSTRAINT fk_mjl_reopening_requester FOREIGN KEY (fk_requester) REFERENCES llx_user(rowid) ON UPDATE RESTRICT ON DELETE RESTRICT;
SUP-1056	custom/mjlfinancement/sql/llx_mjlfinancement_reopening_request.key.sql:5	SQL_ALTER_TABLE	ALTER TABLE:llx_mjlfinancement_reopening_request	creates or changes a persisted table, trigger, or schema object	module installation or guarded schema lifecycle script	DDL, indexes, constraints, triggers, and persisted invariants	DB-001,DB-002,DB-003,LIFE-001	DEFINITION_INDEXED	ALTER TABLE llx_mjlfinancement_reopening_request ADD CONSTRAINT fk_mjl_reopening_reviewer FOREIGN KEY (fk_reviewer) REFERENCES llx_user(rowid) ON UPDATE RESTRICT ON DELETE RESTRICT;
SUP-1057	custom/mjlfinancement/sql/llx_mjlfinancement_reopening_request.key.sql:1	SQL_CONSTRAINT_OR_INDEX	fk_mjl_reopening_activity	declares a database uniqueness, referential, check, or lookup invariant	module installation or guarded schema lifecycle script	DDL, indexes, constraints, triggers, and persisted invariants	DB-001,DB-002,DB-003,LIFE-001	DEFINITION_INDEXED	ALTER TABLE llx_mjlfinancement_reopening_request ADD CONSTRAINT fk_mjl_reopening_activity FOREIGN KEY (entity,fk_activity) REFERENCES llx_mjlfinancement_activity(entity,rowid) ON UPDATE RESTRICT ON DELETE RESTRICT
SUP-1058	custom/mjlfinancement/sql/llx_mjlfinancement_reopening_request.key.sql:2	SQL_CONSTRAINT_OR_INDEX	fk_mjl_reopening_operation	declares a database uniqueness, referential, check, or lookup invariant	module installation or guarded schema lifecycle script	DDL, indexes, constraints, triggers, and persisted invariants	DB-001,DB-002,DB-003,LIFE-001	DEFINITION_INDEXED	ALTER TABLE llx_mjlfinancement_reopening_request ADD CONSTRAINT fk_mjl_reopening_operation FOREIGN KEY (entity,fk_operation) REFERENCES llx_mjlfinancement_operation(entity,rowid) ON UPDATE RESTRICT ON DELETE RESTRICT
SUP-1059	custom/mjlfinancement/sql/llx_mjlfinancement_reopening_request.key.sql:3	SQL_CONSTRAINT_OR_INDEX	fk_mjl_reopening_revision	declares a database uniqueness, referential, check, or lookup invariant	module installation or guarded schema lifecycle script	DDL, indexes, constraints, triggers, and persisted invariants	DB-001,DB-002,DB-003,LIFE-001	DEFINITION_INDEXED	ALTER TABLE llx_mjlfinancement_reopening_request ADD CONSTRAINT fk_mjl_reopening_revision FOREIGN KEY (entity,fk_target_revision,fk_activity) REFERENCES llx_mjlfinancement_activity_revision(entity,rowid,fk_activity) ON UPDATE RESTRICT ON DELETE RESTRICT
SUP-1060	custom/mjlfinancement/sql/llx_mjlfinancement_reopening_request.key.sql:4	SQL_CONSTRAINT_OR_INDEX	fk_mjl_reopening_requester	declares a database uniqueness, referential, check, or lookup invariant	module installation or guarded schema lifecycle script	DDL, indexes, constraints, triggers, and persisted invariants	DB-001,DB-002,DB-003,LIFE-001	DEFINITION_INDEXED	ALTER TABLE llx_mjlfinancement_reopening_request ADD CONSTRAINT fk_mjl_reopening_requester FOREIGN KEY (fk_requester) REFERENCES llx_user(rowid) ON UPDATE RESTRICT ON DELETE RESTRICT
SUP-1061	custom/mjlfinancement/sql/llx_mjlfinancement_reopening_request.key.sql:5	SQL_CONSTRAINT_OR_INDEX	fk_mjl_reopening_reviewer	declares a database uniqueness, referential, check, or lookup invariant	module installation or guarded schema lifecycle script	DDL, indexes, constraints, triggers, and persisted invariants	DB-001,DB-002,DB-003,LIFE-001	DEFINITION_INDEXED	ALTER TABLE llx_mjlfinancement_reopening_request ADD CONSTRAINT fk_mjl_reopening_reviewer FOREIGN KEY (fk_reviewer) REFERENCES llx_user(rowid) ON UPDATE RESTRICT ON DELETE RESTRICT
SUP-1062	custom/mjlfinancement/sql/llx_mjlfinancement_reopening_request.sql:1	SQL_FILE	<file>	declares or migrates MJL relational schema and database invariants	module installation or guarded schema lifecycle script	DDL, indexes, constraints, triggers, and persisted invariants	DB-001,DB-002,DB-003,LIFE-001	DEFINITION_INDEXED	CREATE TABLE llx_mjlfinancement_reopening_request (
SUP-1063	custom/mjlfinancement/sql/llx_mjlfinancement_reopening_request.sql:1	SQL_CREATE_TABLE	CREATE TABLE:llx_mjlfinancement_reopening_request	creates or changes a persisted table, trigger, or schema object	module installation or guarded schema lifecycle script	DDL, indexes, constraints, triggers, and persisted invariants	DB-001,DB-002,DB-003,LIFE-001	DEFINITION_INDEXED	CREATE TABLE llx_mjlfinancement_reopening_request ( rowid BIGINT(20) AUTO_INCREMENT PRIMARY KEY, entity INT(11) NOT NULL, fk_activity INT(11) NOT NULL, fk_operation BIGINT(20) NOT NULL, fk_target_revision BIGINT(20) NOT NULL, target_version BIGINT(20) NOT NULL, fk_requester INT(11) NOT NULL, requester_name_snapshot VARCHAR(255) NOT NULL, requester_role_snapshot VARCHAR(32) NOT NULL, reason TEXT NOT NULL, status VARCH
SUP-1064	custom/mjlfinancement/sql/llx_mjlfinancement_reopening_request.sql:23	SQL_CONSTRAINT_OR_INDEX	uk_mjl_reopening_entity_rowid	declares a database uniqueness, referential, check, or lookup invariant	module installation or guarded schema lifecycle script	DDL, indexes, constraints, triggers, and persisted invariants	DB-001,DB-002,DB-003,LIFE-001	DEFINITION_INDEXED	UNIQUE INDEX uk_mjl_reopening_entity_rowid (entity,rowid)
SUP-1065	custom/mjlfinancement/sql/llx_mjlfinancement_reopening_request.sql:24	SQL_CONSTRAINT_OR_INDEX	uk_mjl_reopening_pending	declares a database uniqueness, referential, check, or lookup invariant	module installation or guarded schema lifecycle script	DDL, indexes, constraints, triggers, and persisted invariants	DB-001,DB-002,DB-003,LIFE-001	DEFINITION_INDEXED	UNIQUE INDEX uk_mjl_reopening_pending (entity,pending_operation_id)
SUP-1066	custom/mjlfinancement/sql/llx_mjlfinancement_reopening_request.sql:25	SQL_CONSTRAINT_OR_INDEX	idx_mjl_reopening_activity	declares a database uniqueness, referential, check, or lookup invariant	module installation or guarded schema lifecycle script	DDL, indexes, constraints, triggers, and persisted invariants	DB-001,DB-002,DB-003,LIFE-001	DEFINITION_INDEXED	INDEX idx_mjl_reopening_activity (entity,fk_activity,status,rowid)
SUP-1067	custom/mjlfinancement/sql/llx_mjlfinancement_reopening_request.sql:26	SQL_CONSTRAINT_OR_INDEX	idx_mjl_reopening_operation	declares a database uniqueness, referential, check, or lookup invariant	module installation or guarded schema lifecycle script	DDL, indexes, constraints, triggers, and persisted invariants	DB-001,DB-002,DB-003,LIFE-001	DEFINITION_INDEXED	INDEX idx_mjl_reopening_operation (entity,fk_operation)
SUP-1068	custom/mjlfinancement/sql/llx_mjlfinancement_reopening_request.sql:27	SQL_CONSTRAINT_OR_INDEX	idx_mjl_reopening_requester	declares a database uniqueness, referential, check, or lookup invariant	module installation or guarded schema lifecycle script	DDL, indexes, constraints, triggers, and persisted invariants	DB-001,DB-002,DB-003,LIFE-001	DEFINITION_INDEXED	INDEX idx_mjl_reopening_requester (fk_requester)
SUP-1069	custom/mjlfinancement/sql/llx_mjlfinancement_reopening_request.sql:28	SQL_CONSTRAINT_OR_INDEX	idx_mjl_reopening_reviewer	declares a database uniqueness, referential, check, or lookup invariant	module installation or guarded schema lifecycle script	DDL, indexes, constraints, triggers, and persisted invariants	DB-001,DB-002,DB-003,LIFE-001	DEFINITION_INDEXED	INDEX idx_mjl_reopening_reviewer (fk_reviewer)
SUP-1070	custom/mjlfinancement/sql/llx_mjlfinancement_reopening_request.sql:29	SQL_CONSTRAINT_OR_INDEX	chk_mjl_reopening_entity	declares a database uniqueness, referential, check, or lookup invariant	module installation or guarded schema lifecycle script	DDL, indexes, constraints, triggers, and persisted invariants	DB-001,DB-002,DB-003,LIFE-001	DEFINITION_INDEXED	CONSTRAINT chk_mjl_reopening_entity CHECK (entity > 0)
SUP-1071	custom/mjlfinancement/sql/llx_mjlfinancement_reopening_request.sql:30	SQL_CONSTRAINT_OR_INDEX	chk_mjl_reopening_version	declares a database uniqueness, referential, check, or lookup invariant	module installation or guarded schema lifecycle script	DDL, indexes, constraints, triggers, and persisted invariants	DB-001,DB-002,DB-003,LIFE-001	DEFINITION_INDEXED	CONSTRAINT chk_mjl_reopening_version CHECK (target_version > 0 AND version > 0)
SUP-1072	custom/mjlfinancement/sql/llx_mjlfinancement_reopening_request.sql:31	SQL_CONSTRAINT_OR_INDEX	chk_mjl_reopening_reason	declares a database uniqueness, referential, check, or lookup invariant	module installation or guarded schema lifecycle script	DDL, indexes, constraints, triggers, and persisted invariants	DB-001,DB-002,DB-003,LIFE-001	DEFINITION_INDEXED	CONSTRAINT chk_mjl_reopening_reason CHECK (reason REGEXP '[^[:space:]]')
SUP-1073	custom/mjlfinancement/sql/llx_mjlfinancement_reopening_request.sql:32	SQL_CONSTRAINT_OR_INDEX	chk_mjl_reopening_status	declares a database uniqueness, referential, check, or lookup invariant	module installation or guarded schema lifecycle script	DDL, indexes, constraints, triggers, and persisted invariants	DB-001,DB-002,DB-003,LIFE-001	DEFINITION_INDEXED	CONSTRAINT chk_mjl_reopening_status CHECK (status IN ('PENDING','APPROVED','REJECTED','WITHDRAWN'))
SUP-1074	custom/mjlfinancement/sql/llx_mjlfinancement_reopening_request.sql:33	SQL_CONSTRAINT_OR_INDEX	chk_mjl_reopening_state	declares a database uniqueness, referential, check, or lookup invariant	module installation or guarded schema lifecycle script	DDL, indexes, constraints, triggers, and persisted invariants	DB-001,DB-002,DB-003,LIFE-001	DEFINITION_INDEXED	CONSTRAINT chk_mjl_reopening_state CHECK ((status='PENDING' AND fk_reviewer IS NULL AND reviewer_name_snapshot IS NULL AND reviewer_role_snapshot IS NULL AND decision_reason IS NULL AND date_decision IS NULL AND date_withdrawal IS NULL) OR (status IN ('APPROVED','REJECTED') AND fk_reviewer IS NOT NULL AND reviewer_name_snapshot IS NOT NULL AND reviewer_name_snapshot REGEXP '[^[:space:]]' AND reviewer_role_snapshot='V
SUP-1075	custom/mjlfinancement/sql/llx_mjlfinancement_review_decision.key.sql:1	SQL_FILE	<file>	declares or migrates MJL relational schema and database invariants	module installation or guarded schema lifecycle script	DDL, indexes, constraints, triggers, and persisted invariants	DB-001,DB-002,DB-003,LIFE-001	DEFINITION_INDEXED	ALTER TABLE llx_mjlfinancement_review_decision ADD CONSTRAINT fk_mjl_decision_revision FOREIGN KEY (entity,fk_revision,fk_activity) REFERENCES llx_mjlfinancement_activity_revision(entity,rowid,fk_activity) ON UPDATE RESTRICT ON DELETE RESTRICT;
SUP-1076	custom/mjlfinancement/sql/llx_mjlfinancement_review_decision.key.sql:1	SQL_ALTER_TABLE	ALTER TABLE:llx_mjlfinancement_review_decision	creates or changes a persisted table, trigger, or schema object	module installation or guarded schema lifecycle script	DDL, indexes, constraints, triggers, and persisted invariants	DB-001,DB-002,DB-003,LIFE-001	DEFINITION_INDEXED	ALTER TABLE llx_mjlfinancement_review_decision ADD CONSTRAINT fk_mjl_decision_revision FOREIGN KEY (entity,fk_revision,fk_activity) REFERENCES llx_mjlfinancement_activity_revision(entity,rowid,fk_activity) ON UPDATE RESTRICT ON DELETE RESTRICT;
SUP-1077	custom/mjlfinancement/sql/llx_mjlfinancement_review_decision.key.sql:2	SQL_ALTER_TABLE	ALTER TABLE:llx_mjlfinancement_review_decision	creates or changes a persisted table, trigger, or schema object	module installation or guarded schema lifecycle script	DDL, indexes, constraints, triggers, and persisted invariants	DB-001,DB-002,DB-003,LIFE-001	DEFINITION_INDEXED	ALTER TABLE llx_mjlfinancement_review_decision ADD CONSTRAINT fk_mjl_decision_actor FOREIGN KEY (fk_actor) REFERENCES llx_user(rowid) ON UPDATE RESTRICT ON DELETE RESTRICT;
SUP-1078	custom/mjlfinancement/sql/llx_mjlfinancement_review_decision.key.sql:3	SQL_ALTER_TABLE	ALTER TABLE:llx_mjlfinancement_review_decision	creates or changes a persisted table, trigger, or schema object	module installation or guarded schema lifecycle script	DDL, indexes, constraints, triggers, and persisted invariants	DB-001,DB-002,DB-003,LIFE-001	DEFINITION_INDEXED	ALTER TABLE llx_mjlfinancement_review_decision ADD CONSTRAINT fk_mjl_decision_prevalidation FOREIGN KEY (fk_prevalidation_decision) REFERENCES llx_mjlfinancement_review_decision(rowid) ON UPDATE RESTRICT ON DELETE RESTRICT;
SUP-1079	custom/mjlfinancement/sql/llx_mjlfinancement_review_decision.key.sql:1	SQL_CONSTRAINT_OR_INDEX	fk_mjl_decision_revision	declares a database uniqueness, referential, check, or lookup invariant	module installation or guarded schema lifecycle script	DDL, indexes, constraints, triggers, and persisted invariants	DB-001,DB-002,DB-003,LIFE-001	DEFINITION_INDEXED	ALTER TABLE llx_mjlfinancement_review_decision ADD CONSTRAINT fk_mjl_decision_revision FOREIGN KEY (entity,fk_revision,fk_activity) REFERENCES llx_mjlfinancement_activity_revision(entity,rowid,fk_activity) ON UPDATE RESTRICT ON DELETE RESTRICT
SUP-1080	custom/mjlfinancement/sql/llx_mjlfinancement_review_decision.key.sql:2	SQL_CONSTRAINT_OR_INDEX	fk_mjl_decision_actor	declares a database uniqueness, referential, check, or lookup invariant	module installation or guarded schema lifecycle script	DDL, indexes, constraints, triggers, and persisted invariants	DB-001,DB-002,DB-003,LIFE-001	DEFINITION_INDEXED	ALTER TABLE llx_mjlfinancement_review_decision ADD CONSTRAINT fk_mjl_decision_actor FOREIGN KEY (fk_actor) REFERENCES llx_user(rowid) ON UPDATE RESTRICT ON DELETE RESTRICT
SUP-1081	custom/mjlfinancement/sql/llx_mjlfinancement_review_decision.key.sql:3	SQL_CONSTRAINT_OR_INDEX	fk_mjl_decision_prevalidation	declares a database uniqueness, referential, check, or lookup invariant	module installation or guarded schema lifecycle script	DDL, indexes, constraints, triggers, and persisted invariants	DB-001,DB-002,DB-003,LIFE-001	DEFINITION_INDEXED	ALTER TABLE llx_mjlfinancement_review_decision ADD CONSTRAINT fk_mjl_decision_prevalidation FOREIGN KEY (fk_prevalidation_decision) REFERENCES llx_mjlfinancement_review_decision(rowid) ON UPDATE RESTRICT ON DELETE RESTRICT
SUP-1082	custom/mjlfinancement/sql/llx_mjlfinancement_review_decision.sql:1	SQL_FILE	<file>	declares or migrates MJL relational schema and database invariants	module installation or guarded schema lifecycle script	DDL, indexes, constraints, triggers, and persisted invariants	DB-001,DB-002,DB-003,LIFE-001	DEFINITION_INDEXED	CREATE TABLE llx_mjlfinancement_review_decision (
SUP-1083	custom/mjlfinancement/sql/llx_mjlfinancement_review_decision.sql:1	SQL_CREATE_TABLE	CREATE TABLE:llx_mjlfinancement_review_decision	creates or changes a persisted table, trigger, or schema object	module installation or guarded schema lifecycle script	DDL, indexes, constraints, triggers, and persisted invariants	DB-001,DB-002,DB-003,LIFE-001	DEFINITION_INDEXED	CREATE TABLE llx_mjlfinancement_review_decision ( rowid BIGINT(20) AUTO_INCREMENT PRIMARY KEY, entity INT(11) NOT NULL, fk_activity INT(11) NOT NULL, fk_revision BIGINT(20) NOT NULL, stage VARCHAR(16) NOT NULL, decision_type VARCHAR(32) NOT NULL, fk_actor INT(11) NOT NULL, actor_name_snapshot VARCHAR(255) NOT NULL, actor_role_snapshot VARCHAR(40) NOT NULL, reason TEXT DEFAULT NULL, requested_amount BIGINT(20) DEFAULT
SUP-1084	custom/mjlfinancement/sql/llx_mjlfinancement_review_decision.sql:17	SQL_CONSTRAINT_OR_INDEX	uk_mjl_decision_revision_stage	declares a database uniqueness, referential, check, or lookup invariant	module installation or guarded schema lifecycle script	DDL, indexes, constraints, triggers, and persisted invariants	DB-001,DB-002,DB-003,LIFE-001	DEFINITION_INDEXED	UNIQUE INDEX uk_mjl_decision_revision_stage (entity,fk_revision,stage)
SUP-1085	custom/mjlfinancement/sql/llx_mjlfinancement_review_decision.sql:18	SQL_CONSTRAINT_OR_INDEX	idx_mjl_decision_activity	declares a database uniqueness, referential, check, or lookup invariant	module installation or guarded schema lifecycle script	DDL, indexes, constraints, triggers, and persisted invariants	DB-001,DB-002,DB-003,LIFE-001	DEFINITION_INDEXED	INDEX idx_mjl_decision_activity (entity,fk_activity)
SUP-1086	custom/mjlfinancement/sql/llx_mjlfinancement_review_decision.sql:19	SQL_CONSTRAINT_OR_INDEX	chk_mjl_decision_entity	declares a database uniqueness, referential, check, or lookup invariant	module installation or guarded schema lifecycle script	DDL, indexes, constraints, triggers, and persisted invariants	DB-001,DB-002,DB-003,LIFE-001	DEFINITION_INDEXED	CONSTRAINT chk_mjl_decision_entity CHECK (entity > 0)
SUP-1087	custom/mjlfinancement/sql/llx_mjlfinancement_review_decision.sql:20	SQL_CONSTRAINT_OR_INDEX	chk_mjl_decision_stage	declares a database uniqueness, referential, check, or lookup invariant	module installation or guarded schema lifecycle script	DDL, indexes, constraints, triggers, and persisted invariants	DB-001,DB-002,DB-003,LIFE-001	DEFINITION_INDEXED	CONSTRAINT chk_mjl_decision_stage CHECK (stage IN ('SUPERVISOR','VALIDATOR'))
SUP-1088	custom/mjlfinancement/sql/llx_mjlfinancement_review_decision.sql:21	SQL_CONSTRAINT_OR_INDEX	chk_mjl_decision_type	declares a database uniqueness, referential, check, or lookup invariant	module installation or guarded schema lifecycle script	DDL, indexes, constraints, triggers, and persisted invariants	DB-001,DB-002,DB-003,LIFE-001	DEFINITION_INDEXED	CONSTRAINT chk_mjl_decision_type CHECK (decision_type IN ('PREVALIDATED','RETURNED_SUPERVISOR','FINAL_VALIDATED','RETURNED_VALIDATOR'))
SUP-1089	custom/mjlfinancement/sql/llx_mjlfinancement_review_decision.sql:22	SQL_CONSTRAINT_OR_INDEX	chk_mjl_decision_shape	declares a database uniqueness, referential, check, or lookup invariant	module installation or guarded schema lifecycle script	DDL, indexes, constraints, triggers, and persisted invariants	DB-001,DB-002,DB-003,LIFE-001	DEFINITION_INDEXED	CONSTRAINT chk_mjl_decision_shape CHECK ((stage='SUPERVISOR' AND decision_type IN ('PREVALIDATED','RETURNED_SUPERVISOR')) OR (stage='VALIDATOR' AND decision_type IN ('FINAL_VALIDATED','RETURNED_VALIDATOR')))
SUP-1090	custom/mjlfinancement/sql/llx_mjlfinancement_review_decision.sql:23	SQL_CONSTRAINT_OR_INDEX	chk_mjl_decision_reason	declares a database uniqueness, referential, check, or lookup invariant	module installation or guarded schema lifecycle script	DDL, indexes, constraints, triggers, and persisted invariants	DB-001,DB-002,DB-003,LIFE-001	DEFINITION_INDEXED	CONSTRAINT chk_mjl_decision_reason CHECK ((decision_type IN ('RETURNED_SUPERVISOR','RETURNED_VALIDATOR') AND reason REGEXP '[^[:space:]]') OR (decision_type IN ('PREVALIDATED','FINAL_VALIDATED') AND reason IS NULL))
SUP-1091	custom/mjlfinancement/sql/llx_mjlfinancement_review_decision.sql:24	SQL_CONSTRAINT_OR_INDEX	chk_mjl_decision_requested	declares a database uniqueness, referential, check, or lookup invariant	module installation or guarded schema lifecycle script	DDL, indexes, constraints, triggers, and persisted invariants	DB-001,DB-002,DB-003,LIFE-001	DEFINITION_INDEXED	CONSTRAINT chk_mjl_decision_requested CHECK ((decision_type='RETURNED_VALIDATOR' AND (requested_amount IS NULL OR requested_amount > 0)) OR (decision_type<>'RETURNED_VALIDATOR' AND requested_amount IS NULL))
SUP-1092	custom/mjlfinancement/sql/llx_mjlfinancement_revision_contributor.key.sql:1	SQL_FILE	<file>	declares or migrates MJL relational schema and database invariants	module installation or guarded schema lifecycle script	DDL, indexes, constraints, triggers, and persisted invariants	DB-001,DB-002,DB-003,LIFE-001	DEFINITION_INDEXED	ALTER TABLE llx_mjlfinancement_revision_contributor ADD CONSTRAINT fk_mjl_contributor_revision FOREIGN KEY (entity,fk_revision,fk_activity) REFERENCES llx_mjlfinancement_activity_revision(entity,rowid,fk_activity) ON UPDATE RESTRICT ON DELETE RESTRICT;
SUP-1093	custom/mjlfinancement/sql/llx_mjlfinancement_revision_contributor.key.sql:1	SQL_ALTER_TABLE	ALTER TABLE:llx_mjlfinancement_revision_contributor	creates or changes a persisted table, trigger, or schema object	module installation or guarded schema lifecycle script	DDL, indexes, constraints, triggers, and persisted invariants	DB-001,DB-002,DB-003,LIFE-001	DEFINITION_INDEXED	ALTER TABLE llx_mjlfinancement_revision_contributor ADD CONSTRAINT fk_mjl_contributor_revision FOREIGN KEY (entity,fk_revision,fk_activity) REFERENCES llx_mjlfinancement_activity_revision(entity,rowid,fk_activity) ON UPDATE RESTRICT ON DELETE RESTRICT;
SUP-1094	custom/mjlfinancement/sql/llx_mjlfinancement_revision_contributor.key.sql:2	SQL_ALTER_TABLE	ALTER TABLE:llx_mjlfinancement_revision_contributor	creates or changes a persisted table, trigger, or schema object	module installation or guarded schema lifecycle script	DDL, indexes, constraints, triggers, and persisted invariants	DB-001,DB-002,DB-003,LIFE-001	DEFINITION_INDEXED	ALTER TABLE llx_mjlfinancement_revision_contributor ADD CONSTRAINT fk_mjl_contributor_user FOREIGN KEY (fk_user) REFERENCES llx_user(rowid) ON UPDATE RESTRICT ON DELETE RESTRICT;
SUP-1095	custom/mjlfinancement/sql/llx_mjlfinancement_revision_contributor.key.sql:1	SQL_CONSTRAINT_OR_INDEX	fk_mjl_contributor_revision	declares a database uniqueness, referential, check, or lookup invariant	module installation or guarded schema lifecycle script	DDL, indexes, constraints, triggers, and persisted invariants	DB-001,DB-002,DB-003,LIFE-001	DEFINITION_INDEXED	ALTER TABLE llx_mjlfinancement_revision_contributor ADD CONSTRAINT fk_mjl_contributor_revision FOREIGN KEY (entity,fk_revision,fk_activity) REFERENCES llx_mjlfinancement_activity_revision(entity,rowid,fk_activity) ON UPDATE RESTRICT ON DELETE RESTRICT
SUP-1096	custom/mjlfinancement/sql/llx_mjlfinancement_revision_contributor.key.sql:2	SQL_CONSTRAINT_OR_INDEX	fk_mjl_contributor_user	declares a database uniqueness, referential, check, or lookup invariant	module installation or guarded schema lifecycle script	DDL, indexes, constraints, triggers, and persisted invariants	DB-001,DB-002,DB-003,LIFE-001	DEFINITION_INDEXED	ALTER TABLE llx_mjlfinancement_revision_contributor ADD CONSTRAINT fk_mjl_contributor_user FOREIGN KEY (fk_user) REFERENCES llx_user(rowid) ON UPDATE RESTRICT ON DELETE RESTRICT
SUP-1097	custom/mjlfinancement/sql/llx_mjlfinancement_revision_contributor.sql:1	SQL_FILE	<file>	declares or migrates MJL relational schema and database invariants	module installation or guarded schema lifecycle script	DDL, indexes, constraints, triggers, and persisted invariants	DB-001,DB-002,DB-003,LIFE-001	DEFINITION_INDEXED	CREATE TABLE llx_mjlfinancement_revision_contributor (
SUP-1098	custom/mjlfinancement/sql/llx_mjlfinancement_revision_contributor.sql:1	SQL_CREATE_TABLE	CREATE TABLE:llx_mjlfinancement_revision_contributor	creates or changes a persisted table, trigger, or schema object	module installation or guarded schema lifecycle script	DDL, indexes, constraints, triggers, and persisted invariants	DB-001,DB-002,DB-003,LIFE-001	DEFINITION_INDEXED	CREATE TABLE llx_mjlfinancement_revision_contributor ( rowid BIGINT(20) AUTO_INCREMENT PRIMARY KEY, entity INT(11) NOT NULL, fk_activity INT(11) NOT NULL, fk_revision BIGINT(20) NOT NULL, fk_user INT(11) NOT NULL, user_name_snapshot VARCHAR(255) NOT NULL, role_snapshot VARCHAR(40) NOT NULL, date_creation DATETIME NOT NULL, UNIQUE INDEX uk_mjl_revision_contributor (entity,fk_revision,fk_user), INDEX idx_mjl_contributo
SUP-1099	custom/mjlfinancement/sql/llx_mjlfinancement_revision_contributor.sql:10	SQL_CONSTRAINT_OR_INDEX	uk_mjl_revision_contributor	declares a database uniqueness, referential, check, or lookup invariant	module installation or guarded schema lifecycle script	DDL, indexes, constraints, triggers, and persisted invariants	DB-001,DB-002,DB-003,LIFE-001	DEFINITION_INDEXED	UNIQUE INDEX uk_mjl_revision_contributor (entity,fk_revision,fk_user)
SUP-1100	custom/mjlfinancement/sql/llx_mjlfinancement_revision_contributor.sql:11	SQL_CONSTRAINT_OR_INDEX	idx_mjl_contributor_activity	declares a database uniqueness, referential, check, or lookup invariant	module installation or guarded schema lifecycle script	DDL, indexes, constraints, triggers, and persisted invariants	DB-001,DB-002,DB-003,LIFE-001	DEFINITION_INDEXED	INDEX idx_mjl_contributor_activity (entity,fk_activity)
SUP-1101	custom/mjlfinancement/sql/llx_mjlfinancement_revision_contributor.sql:12	SQL_CONSTRAINT_OR_INDEX	chk_mjl_contributor_entity	declares a database uniqueness, referential, check, or lookup invariant	module installation or guarded schema lifecycle script	DDL, indexes, constraints, triggers, and persisted invariants	DB-001,DB-002,DB-003,LIFE-001	DEFINITION_INDEXED	CONSTRAINT chk_mjl_contributor_entity CHECK (entity > 0)
SUP-1102	custom/mjlfinancement/sql/llx_mjlfinancement_user_role.key.sql:1	SQL_FILE	<file>	declares or migrates MJL relational schema and database invariants	module installation or guarded schema lifecycle script	DDL, indexes, constraints, triggers, and persisted invariants	DB-001,DB-002,DB-003,LIFE-001	DEFINITION_INDEXED	ALTER TABLE llx_mjlfinancement_user_role ADD INDEX idx_mjlfinancement_user_role_entity (entity);
SUP-1103	custom/mjlfinancement/sql/llx_mjlfinancement_user_role.key.sql:1	SQL_ALTER_TABLE	ALTER TABLE:llx_mjlfinancement_user_role	creates or changes a persisted table, trigger, or schema object	module installation or guarded schema lifecycle script	DDL, indexes, constraints, triggers, and persisted invariants	DB-001,DB-002,DB-003,LIFE-001	DEFINITION_INDEXED	ALTER TABLE llx_mjlfinancement_user_role ADD INDEX idx_mjlfinancement_user_role_entity (entity);
SUP-1104	custom/mjlfinancement/sql/llx_mjlfinancement_user_role.key.sql:2	SQL_ALTER_TABLE	ALTER TABLE:llx_mjlfinancement_user_role	creates or changes a persisted table, trigger, or schema object	module installation or guarded schema lifecycle script	DDL, indexes, constraints, triggers, and persisted invariants	DB-001,DB-002,DB-003,LIFE-001	DEFINITION_INDEXED	ALTER TABLE llx_mjlfinancement_user_role ADD INDEX idx_mjlfinancement_user_role_fk_user (fk_user);
SUP-1105	custom/mjlfinancement/sql/llx_mjlfinancement_user_role.key.sql:3	SQL_ALTER_TABLE	ALTER TABLE:llx_mjlfinancement_user_role	creates or changes a persisted table, trigger, or schema object	module installation or guarded schema lifecycle script	DDL, indexes, constraints, triggers, and persisted invariants	DB-001,DB-002,DB-003,LIFE-001	DEFINITION_INDEXED	ALTER TABLE llx_mjlfinancement_user_role ADD INDEX idx_mjlfinancement_user_role_active (entity, fk_user, is_active);
SUP-1106	custom/mjlfinancement/sql/llx_mjlfinancement_user_role.key.sql:4	SQL_ALTER_TABLE	ALTER TABLE:llx_mjlfinancement_user_role	creates or changes a persisted table, trigger, or schema object	module installation or guarded schema lifecycle script	DDL, indexes, constraints, triggers, and persisted invariants	DB-001,DB-002,DB-003,LIFE-001	DEFINITION_INDEXED	ALTER TABLE llx_mjlfinancement_user_role ADD INDEX idx_mjlfinancement_user_role_code (role_code);
SUP-1107	custom/mjlfinancement/sql/llx_mjlfinancement_user_role.key.sql:5	SQL_ALTER_TABLE	ALTER TABLE:llx_mjlfinancement_user_role	creates or changes a persisted table, trigger, or schema object	module installation or guarded schema lifecycle script	DDL, indexes, constraints, triggers, and persisted invariants	DB-001,DB-002,DB-003,LIFE-001	DEFINITION_INDEXED	ALTER TABLE llx_mjlfinancement_user_role ADD COLUMN IF NOT EXISTS active_user_id INTEGER AS (CASE WHEN is_active = 1 THEN fk_user ELSE NULL END) PERSISTENT;
SUP-1108	custom/mjlfinancement/sql/llx_mjlfinancement_user_role.key.sql:6	SQL_ALTER_TABLE	ALTER TABLE:llx_mjlfinancement_user_role	creates or changes a persisted table, trigger, or schema object	module installation or guarded schema lifecycle script	DDL, indexes, constraints, triggers, and persisted invariants	DB-001,DB-002,DB-003,LIFE-001	DEFINITION_INDEXED	ALTER TABLE llx_mjlfinancement_user_role DROP INDEX IF EXISTS uk_mjlfinancement_user_role_active_user;
SUP-1109	custom/mjlfinancement/sql/llx_mjlfinancement_user_role.key.sql:7	SQL_ALTER_TABLE	ALTER TABLE:llx_mjlfinancement_user_role	creates or changes a persisted table, trigger, or schema object	module installation or guarded schema lifecycle script	DDL, indexes, constraints, triggers, and persisted invariants	DB-001,DB-002,DB-003,LIFE-001	DEFINITION_INDEXED	ALTER TABLE llx_mjlfinancement_user_role ADD UNIQUE INDEX uk_mjlfinancement_user_role_active_user (active_user_id);
SUP-1110	custom/mjlfinancement/sql/llx_mjlfinancement_user_role.key.sql:8	SQL_ALTER_TABLE	ALTER TABLE:llx_mjlfinancement_user_role	creates or changes a persisted table, trigger, or schema object	module installation or guarded schema lifecycle script	DDL, indexes, constraints, triggers, and persisted invariants	DB-001,DB-002,DB-003,LIFE-001	DEFINITION_INDEXED	ALTER TABLE llx_mjlfinancement_user_role ADD CONSTRAINT fk_mjlfinancement_user_role_user FOREIGN KEY (fk_user) REFERENCES llx_user(rowid);
SUP-1111	custom/mjlfinancement/sql/llx_mjlfinancement_user_role.key.sql:1	SQL_CONSTRAINT_OR_INDEX	idx_mjlfinancement_user_role_entity	declares a database uniqueness, referential, check, or lookup invariant	module installation or guarded schema lifecycle script	DDL, indexes, constraints, triggers, and persisted invariants	DB-001,DB-002,DB-003,LIFE-001	DEFINITION_INDEXED	ALTER TABLE llx_mjlfinancement_user_role ADD INDEX idx_mjlfinancement_user_role_entity (entity)
SUP-1112	custom/mjlfinancement/sql/llx_mjlfinancement_user_role.key.sql:2	SQL_CONSTRAINT_OR_INDEX	idx_mjlfinancement_user_role_fk_user	declares a database uniqueness, referential, check, or lookup invariant	module installation or guarded schema lifecycle script	DDL, indexes, constraints, triggers, and persisted invariants	DB-001,DB-002,DB-003,LIFE-001	DEFINITION_INDEXED	ALTER TABLE llx_mjlfinancement_user_role ADD INDEX idx_mjlfinancement_user_role_fk_user (fk_user)
SUP-1113	custom/mjlfinancement/sql/llx_mjlfinancement_user_role.key.sql:3	SQL_CONSTRAINT_OR_INDEX	idx_mjlfinancement_user_role_active	declares a database uniqueness, referential, check, or lookup invariant	module installation or guarded schema lifecycle script	DDL, indexes, constraints, triggers, and persisted invariants	DB-001,DB-002,DB-003,LIFE-001	DEFINITION_INDEXED	ALTER TABLE llx_mjlfinancement_user_role ADD INDEX idx_mjlfinancement_user_role_active (entity, fk_user, is_active)
SUP-1114	custom/mjlfinancement/sql/llx_mjlfinancement_user_role.key.sql:4	SQL_CONSTRAINT_OR_INDEX	idx_mjlfinancement_user_role_code	declares a database uniqueness, referential, check, or lookup invariant	module installation or guarded schema lifecycle script	DDL, indexes, constraints, triggers, and persisted invariants	DB-001,DB-002,DB-003,LIFE-001	DEFINITION_INDEXED	ALTER TABLE llx_mjlfinancement_user_role ADD INDEX idx_mjlfinancement_user_role_code (role_code)
SUP-1115	custom/mjlfinancement/sql/llx_mjlfinancement_user_role.key.sql:6	SQL_CONSTRAINT_OR_INDEX	IF	declares a database uniqueness, referential, check, or lookup invariant	module installation or guarded schema lifecycle script	DDL, indexes, constraints, triggers, and persisted invariants	DB-001,DB-002,DB-003,LIFE-001	DEFINITION_INDEXED	ALTER TABLE llx_mjlfinancement_user_role DROP INDEX IF EXISTS uk_mjlfinancement_user_role_active_user
SUP-1116	custom/mjlfinancement/sql/llx_mjlfinancement_user_role.key.sql:7	SQL_CONSTRAINT_OR_INDEX	uk_mjlfinancement_user_role_active_user	declares a database uniqueness, referential, check, or lookup invariant	module installation or guarded schema lifecycle script	DDL, indexes, constraints, triggers, and persisted invariants	DB-001,DB-002,DB-003,LIFE-001	DEFINITION_INDEXED	ALTER TABLE llx_mjlfinancement_user_role ADD UNIQUE INDEX uk_mjlfinancement_user_role_active_user (active_user_id)
SUP-1117	custom/mjlfinancement/sql/llx_mjlfinancement_user_role.key.sql:8	SQL_CONSTRAINT_OR_INDEX	fk_mjlfinancement_user_role_user	declares a database uniqueness, referential, check, or lookup invariant	module installation or guarded schema lifecycle script	DDL, indexes, constraints, triggers, and persisted invariants	DB-001,DB-002,DB-003,LIFE-001	DEFINITION_INDEXED	ALTER TABLE llx_mjlfinancement_user_role ADD CONSTRAINT fk_mjlfinancement_user_role_user FOREIGN KEY (fk_user) REFERENCES llx_user(rowid)
SUP-1118	custom/mjlfinancement/sql/llx_mjlfinancement_user_role.sql:1	SQL_FILE	<file>	declares or migrates MJL relational schema and database invariants	module installation or guarded schema lifecycle script	DDL, indexes, constraints, triggers, and persisted invariants	DB-001,DB-002,DB-003,LIFE-001	DEFINITION_INDEXED	CREATE TABLE llx_mjlfinancement_user_role (
SUP-1119	custom/mjlfinancement/sql/llx_mjlfinancement_user_role.sql:1	SQL_CREATE_TABLE	CREATE TABLE:llx_mjlfinancement_user_role	creates or changes a persisted table, trigger, or schema object	module installation or guarded schema lifecycle script	DDL, indexes, constraints, triggers, and persisted invariants	DB-001,DB-002,DB-003,LIFE-001	DEFINITION_INDEXED	CREATE TABLE llx_mjlfinancement_user_role ( rowid INTEGER AUTO_INCREMENT PRIMARY KEY, entity INTEGER DEFAULT 1 NOT NULL, fk_user INTEGER NOT NULL, role_code VARCHAR(64) NOT NULL, is_active TINYINT DEFAULT 1 NOT NULL, active_user_id INTEGER AS (CASE WHEN is_active = 1 THEN fk_user ELSE NULL END) PERSISTENT, date_start DATETIME DEFAULT NULL, date_end DATETIME DEFAULT NULL, source VARCHAR(64) DEFAULT NULL, note TEXT, da
